source,target,status,preserve_query_string,include_subdomains,subpath_matching,wildcard
https://www.findmyisland.com/profiles/osm-way-814326891.html,https://www.findmyisland.com/islands/northern-ireland/jennys-island-lough-allen/,301,FALSE,FALSE,FALSE,FALSE
https://www.findmyisland.com/?island=osm-way-814326891,https://www.findmyisland.com/islands/northern-ireland/jennys-island-lough-allen/,301,FALSE,FALSE,FALSE,FALSE
https://www.findmyisland.com/profiles/old-pier.html,https://www.findmyisland.com/islands/scotland/old-pier/,301,FALSE,FALSE,FALSE,FALSE
https://www.findmyisland.com/?island=old-pier,https://www.findmyisland.com/islands/scotland/old-pier/,301,FALSE,FALSE,FALSE,FALSE
https://www.findmyisland.com/profiles/50-peaks-view.html,https://www.findmyisland.com/islands/wales/50-peaks-view/,301,FALSE,FALSE,FALSE,FALSE
https://www.findmyisland.com/?island=50-peaks-view,https://www.findmyisland.com/islands/wales/50-peaks-view/,301,FALSE,FALSE,FALSE,FALSE
https://www.findmyisland.com/profiles/osm-way-986275285.html,https://www.findmyisland.com/islands/scotland/a-leacach/,301,FALSE,FALSE,FALSE,FALSE
https://www.findmyisland.com/?island=osm-way-986275285,https://www.findmyisland.com/islands/scotland/a-leacach/,301,FALSE,FALSE,FALSE,FALSE
https://www.findmyisland.com/profiles/osm-way-1004407028.html,https://www.findmyisland.com/islands/scotland/a-bhratag/,301,FALSE,FALSE,FALSE,FALSE
https://www.findmyisland.com/?island=osm-way-1004407028,https://www.findmyisland.com/islands/scotland/a-bhratag/,301,FALSE,FALSE,FALSE,FALSE
https://www.findmyisland.com/profiles/osm-way-1013808036.html,https://www.findmyisland.com/islands/scotland/a-chailleach/,301,FALSE,FALSE,FALSE,FALSE
https://www.findmyisland.com/?island=osm-way-1013808036,https://www.findmyisland.com/islands/scotland/a-chailleach/,301,FALSE,FALSE,FALSE,FALSE
https://www.findmyisland.com/profiles/osm-way-486825718.html,https://www.findmyisland.com/islands/scotland/a-chairidhe/,301,FALSE,FALSE,FALSE,FALSE
https://www.findmyisland.com/?island=osm-way-486825718,https://www.findmyisland.com/islands/scotland/a-chairidhe/,301,FALSE,FALSE,FALSE,FALSE
https://www.findmyisland.com/profiles/osm-way-374415376.html,https://www.findmyisland.com/islands/scotland/a-charraig-nodha/,301,FALSE,FALSE,FALSE,FALSE
https://www.findmyisland.com/?island=osm-way-374415376,https://www.findmyisland.com/islands/scotland/a-charraig-nodha/,301,FALSE,FALSE,FALSE,FALSE
https://www.findmyisland.com/profiles/osm-way-3493157.html,https://www.findmyisland.com/islands/scotland/a-chiste-dhubh/,301,FALSE,FALSE,FALSE,FALSE
https://www.findmyisland.com/?island=osm-way-3493157,https://www.findmyisland.com/islands/scotland/a-chiste-dhubh/,301,FALSE,FALSE,FALSE,FALSE
https://www.findmyisland.com/profiles/osm-way-209273242.html,https://www.findmyisland.com/islands/scotland/a-chleit/,301,FALSE,FALSE,FALSE,FALSE
https://www.findmyisland.com/?island=osm-way-209273242,https://www.findmyisland.com/islands/scotland/a-chleit/,301,FALSE,FALSE,FALSE,FALSE
https://www.findmyisland.com/profiles/osm-way-201143881.html,https://www.findmyisland.com/islands/scotland/a-chuli/,301,FALSE,FALSE,FALSE,FALSE
https://www.findmyisland.com/?island=osm-way-201143881,https://www.findmyisland.com/islands/scotland/a-chuli/,301,FALSE,FALSE,FALSE,FALSE
https://www.findmyisland.com/profiles/osm-way-50753937.html,https://www.findmyisland.com/islands/scotland/a-ghlas-leac/,301,FALSE,FALSE,FALSE,FALSE
https://www.findmyisland.com/?island=osm-way-50753937,https://www.findmyisland.com/islands/scotland/a-ghlas-leac/,301,FALSE,FALSE,FALSE,FALSE
https://www.findmyisland.com/profiles/osm-way-280809467.html,https://www.findmyisland.com/islands/scotland/a-gheireag/,301,FALSE,FALSE,FALSE,FALSE
https://www.findmyisland.com/?island=osm-way-280809467,https://www.findmyisland.com/islands/scotland/a-gheireag/,301,FALSE,FALSE,FALSE,FALSE
https://www.findmyisland.com/profiles/osm-way-1195736233.html,https://www.findmyisland.com/islands/scotland/a-sgeir-fhada/,301,FALSE,FALSE,FALSE,FALSE
https://www.findmyisland.com/?island=osm-way-1195736233,https://www.findmyisland.com/islands/scotland/a-sgeir-fhada/,301,FALSE,FALSE,FALSE,FALSE
https://www.findmyisland.com/profiles/osm-way-931995094.html,https://www.findmyisland.com/islands/scotland/achorr-sgeir/,301,FALSE,FALSE,FALSE,FALSE
https://www.findmyisland.com/?island=osm-way-931995094,https://www.findmyisland.com/islands/scotland/achorr-sgeir/,301,FALSE,FALSE,FALSE,FALSE
https://www.findmyisland.com/profiles/osm-way-931995093.html,https://www.findmyisland.com/islands/scotland/achorr-sgeir-muigh/,301,FALSE,FALSE,FALSE,FALSE
https://www.findmyisland.com/?island=osm-way-931995093,https://www.findmyisland.com/islands/scotland/achorr-sgeir-muigh/,301,FALSE,FALSE,FALSE,FALSE
https://www.findmyisland.com/profiles/osm-way-229408464.html,https://www.findmyisland.com/islands/scotland/aa-skerry/,301,FALSE,FALSE,FALSE,FALSE
https://www.findmyisland.com/?island=osm-way-229408464,https://www.findmyisland.com/islands/scotland/aa-skerry/,301,FALSE,FALSE,FALSE,FALSE
https://www.findmyisland.com/profiles/wd-Q116590676.html,https://www.findmyisland.com/islands/scotland/aa-skerry-wd-q116590676/,301,FALSE,FALSE,FALSE,FALSE
https://www.findmyisland.com/?island=wd-Q116590676,https://www.findmyisland.com/islands/scotland/aa-skerry-wd-q116590676/,301,FALSE,FALSE,FALSE,FALSE
https://www.findmyisland.com/profiles/osm-way-186667713.html,https://www.findmyisland.com/islands/ireland/abbey-island/,301,FALSE,FALSE,FALSE,FALSE
https://www.findmyisland.com/?island=osm-way-186667713,https://www.findmyisland.com/islands/ireland/abbey-island/,301,FALSE,FALSE,FALSE,FALSE
https://www.findmyisland.com/profiles/osm-way-225250720.html,https://www.findmyisland.com/islands/ireland/abbey-island-osm-way-225250720/,301,FALSE,FALSE,FALSE,FALSE
https://www.findmyisland.com/?island=osm-way-225250720,https://www.findmyisland.com/islands/ireland/abbey-island-osm-way-225250720/,301,FALSE,FALSE,FALSE,FALSE
https://www.findmyisland.com/profiles/osm-way-202257211.html,https://www.findmyisland.com/islands/scotland/abbots-isle/,301,FALSE,FALSE,FALSE,FALSE
https://www.findmyisland.com/?island=osm-way-202257211,https://www.findmyisland.com/islands/scotland/abbots-isle/,301,FALSE,FALSE,FALSE,FALSE
https://www.findmyisland.com/profiles/abbots-rock-w266684542.html,https://www.findmyisland.com/islands/ireland/abbots-rock-w266684542/,301,FALSE,FALSE,FALSE,FALSE
https://www.findmyisland.com/?island=abbots-rock-w266684542,https://www.findmyisland.com/islands/ireland/abbots-rock-w266684542/,301,FALSE,FALSE,FALSE,FALSE
https://www.findmyisland.com/profiles/osm-way-45834131.html,https://www.findmyisland.com/islands/scotland/aber-isle/,301,FALSE,FALSE,FALSE,FALSE
https://www.findmyisland.com/?island=osm-way-45834131,https://www.findmyisland.com/islands/scotland/aber-isle/,301,FALSE,FALSE,FALSE,FALSE
https://www.findmyisland.com/profiles/wd-Q130372994.html,https://www.findmyisland.com/islands/wales/aberdyfi-bar/,301,FALSE,FALSE,FALSE,FALSE
https://www.findmyisland.com/?island=wd-Q130372994,https://www.findmyisland.com/islands/wales/aberdyfi-bar/,301,FALSE,FALSE,FALSE,FALSE
https://www.findmyisland.com/profiles/wd-Q116505278.html,https://www.findmyisland.com/islands/scotland/abernethy-bank/,301,FALSE,FALSE,FALSE,FALSE
https://www.findmyisland.com/?island=wd-Q116505278,https://www.findmyisland.com/islands/scotland/abernethy-bank/,301,FALSE,FALSE,FALSE,FALSE
https://www.findmyisland.com/profiles/osm-way-1411678839.html,https://www.findmyisland.com/islands/scotland/abi-island/,301,FALSE,FALSE,FALSE,FALSE
https://www.findmyisland.com/?island=osm-way-1411678839,https://www.findmyisland.com/islands/scotland/abi-island/,301,FALSE,FALSE,FALSE,FALSE
https://www.findmyisland.com/profiles/osm-relation-6045364.html,https://www.findmyisland.com/islands/ireland/achill-island/,301,FALSE,FALSE,FALSE,FALSE
https://www.findmyisland.com/?island=osm-relation-6045364,https://www.findmyisland.com/islands/ireland/achill-island/,301,FALSE,FALSE,FALSE,FALSE
https://www.findmyisland.com/profiles/osm-way-93208278.html,https://www.findmyisland.com/islands/ireland/achillbeg-island/,301,FALSE,FALSE,FALSE,FALSE
https://www.findmyisland.com/?island=osm-way-93208278,https://www.findmyisland.com/islands/ireland/achillbeg-island/,301,FALSE,FALSE,FALSE,FALSE
https://www.findmyisland.com/profiles/wd-Q56665781.html,https://www.findmyisland.com/islands/scotland/achnacree-moss-crannog-210m-sw-of-moss-cottage/,301,FALSE,FALSE,FALSE,FALSE
https://www.findmyisland.com/?island=wd-Q56665781,https://www.findmyisland.com/islands/scotland/achnacree-moss-crannog-210m-sw-of-moss-cottage/,301,FALSE,FALSE,FALSE,FALSE
https://www.findmyisland.com/profiles/osm-way-469685910.html,https://www.findmyisland.com/islands/ireland/ackeys-island/,301,FALSE,FALSE,FALSE,FALSE
https://www.findmyisland.com/?island=osm-way-469685910,https://www.findmyisland.com/islands/ireland/ackeys-island/,301,FALSE,FALSE,FALSE,FALSE
https://www.findmyisland.com/profiles/osm-way-4554459.html,https://www.findmyisland.com/islands/ireland/adams-island/,301,FALSE,FALSE,FALSE,FALSE
https://www.findmyisland.com/?island=osm-way-4554459,https://www.findmyisland.com/islands/ireland/adams-island/,301,FALSE,FALSE,FALSE,FALSE
https://www.findmyisland.com/profiles/wd-Q24659636.html,https://www.findmyisland.com/islands/england/adamant-shoal/,301,FALSE,FALSE,FALSE,FALSE
https://www.findmyisland.com/?island=wd-Q24659636,https://www.findmyisland.com/islands/england/adamant-shoal/,301,FALSE,FALSE,FALSE,FALSE
https://www.findmyisland.com/profiles/agglestone-rock.html,https://www.findmyisland.com/islands/england/agglestone-rock/,301,FALSE,FALSE,FALSE,FALSE
https://www.findmyisland.com/?island=agglestone-rock,https://www.findmyisland.com/islands/england/agglestone-rock/,301,FALSE,FALSE,FALSE,FALSE
https://www.findmyisland.com/profiles/osm-relation-5208398.html,https://www.findmyisland.com/islands/ireland/aghillaun/,301,FALSE,FALSE,FALSE,FALSE
https://www.findmyisland.com/?island=osm-relation-5208398,https://www.findmyisland.com/islands/ireland/aghillaun/,301,FALSE,FALSE,FALSE,FALSE
https://www.findmyisland.com/profiles/osm-relation-3516492.html,https://www.findmyisland.com/islands/northern-ireland/aghinish/,301,FALSE,FALSE,FALSE,FALSE
https://www.findmyisland.com/?island=osm-relation-3516492,https://www.findmyisland.com/islands/northern-ireland/aghinish/,301,FALSE,FALSE,FALSE,FALSE
https://www.findmyisland.com/profiles/osm-way-405701042.html,https://www.findmyisland.com/islands/ireland/aghinish-rocks/,301,FALSE,FALSE,FALSE,FALSE
https://www.findmyisland.com/?island=osm-way-405701042,https://www.findmyisland.com/islands/ireland/aghinish-rocks/,301,FALSE,FALSE,FALSE,FALSE
https://www.findmyisland.com/profiles/osm-way-146468873.html,https://www.findmyisland.com/islands/scotland/aigeach/,301,FALSE,FALSE,FALSE,FALSE
https://www.findmyisland.com/?island=osm-way-146468873,https://www.findmyisland.com/islands/scotland/aigeach/,301,FALSE,FALSE,FALSE,FALSE
https://www.findmyisland.com/profiles/aiguille-de-belval.html,https://www.findmyisland.com/islands/england/aiguille-de-belval/,301,FALSE,FALSE,FALSE,FALSE
https://www.findmyisland.com/?island=aiguille-de-belval,https://www.findmyisland.com/islands/england/aiguille-de-belval/,301,FALSE,FALSE,FALSE,FALSE
https://www.findmyisland.com/profiles/wd-Q27118715.html,https://www.findmyisland.com/islands/crown-dependencies/aiguillon/,301,FALSE,FALSE,FALSE,FALSE
https://www.findmyisland.com/?island=wd-Q27118715,https://www.findmyisland.com/islands/crown-dependencies/aiguillon/,301,FALSE,FALSE,FALSE,FALSE
https://www.findmyisland.com/profiles/osm-way-495525351.html,https://www.findmyisland.com/islands/scotland/ailsa-craig/,301,FALSE,FALSE,FALSE,FALSE
https://www.findmyisland.com/?island=osm-way-495525351,https://www.findmyisland.com/islands/scotland/ailsa-craig/,301,FALSE,FALSE,FALSE,FALSE
https://www.findmyisland.com/profiles/osm-way-262271337.html,https://www.findmyisland.com/islands/scotland/aiplin/,301,FALSE,FALSE,FALSE,FALSE
https://www.findmyisland.com/?island=osm-way-262271337,https://www.findmyisland.com/islands/scotland/aiplin/,301,FALSE,FALSE,FALSE,FALSE
https://www.findmyisland.com/profiles/osm-way-1299944671.html,https://www.findmyisland.com/islands/scotland/aird-an-laoigh/,301,FALSE,FALSE,FALSE,FALSE
https://www.findmyisland.com/?island=osm-way-1299944671,https://www.findmyisland.com/islands/scotland/aird-an-laoigh/,301,FALSE,FALSE,FALSE,FALSE
https://www.findmyisland.com/profiles/osm-way-292853241.html,https://www.findmyisland.com/islands/scotland/aird-chaol/,301,FALSE,FALSE,FALSE,FALSE
https://www.findmyisland.com/?island=osm-way-292853241,https://www.findmyisland.com/islands/scotland/aird-chaol/,301,FALSE,FALSE,FALSE,FALSE
https://www.findmyisland.com/profiles/osm-way-4012953.html,https://www.findmyisland.com/islands/scotland/aird-orasay/,301,FALSE,FALSE,FALSE,FALSE
https://www.findmyisland.com/?island=osm-way-4012953,https://www.findmyisland.com/islands/scotland/aird-orasay/,301,FALSE,FALSE,FALSE,FALSE
https://www.findmyisland.com/profiles/osm-way-231528169.html,https://www.findmyisland.com/islands/scotland/aird-nan-laogh/,301,FALSE,FALSE,FALSE,FALSE
https://www.findmyisland.com/?island=osm-way-231528169,https://www.findmyisland.com/islands/scotland/aird-nan-laogh/,301,FALSE,FALSE,FALSE,FALSE
https://www.findmyisland.com/profiles/osm-way-3493174.html,https://www.findmyisland.com/islands/scotland/airor-island/,301,FALSE,FALSE,FALSE,FALSE
https://www.findmyisland.com/?island=osm-way-3493174,https://www.findmyisland.com/islands/scotland/airor-island/,301,FALSE,FALSE,FALSE,FALSE
https://www.findmyisland.com/profiles/wd-Q24659098.html,https://www.findmyisland.com/islands/scotland/aith-baa/,301,FALSE,FALSE,FALSE,FALSE
https://www.findmyisland.com/?island=wd-Q24659098,https://www.findmyisland.com/islands/scotland/aith-baa/,301,FALSE,FALSE,FALSE,FALSE
https://www.findmyisland.com/profiles/wd-Q24659107.html,https://www.findmyisland.com/islands/england/aldeburgh-napes/,301,FALSE,FALSE,FALSE,FALSE
https://www.findmyisland.com/?island=wd-Q24659107,https://www.findmyisland.com/islands/england/aldeburgh-napes/,301,FALSE,FALSE,FALSE,FALSE
https://www.findmyisland.com/profiles/wd-Q24659667.html,https://www.findmyisland.com/islands/england/aldeburgh-ridge/,301,FALSE,FALSE,FALSE,FALSE
https://www.findmyisland.com/?island=wd-Q24659667,https://www.findmyisland.com/islands/england/aldeburgh-ridge/,301,FALSE,FALSE,FALSE,FALSE
https://www.findmyisland.com/profiles/osm-relation-12913146.html,https://www.findmyisland.com/islands/crown-dependencies/alderney/,301,FALSE,FALSE,FALSE,FALSE
https://www.findmyisland.com/?island=osm-relation-12913146,https://www.findmyisland.com/islands/crown-dependencies/alderney/,301,FALSE,FALSE,FALSE,FALSE
https://www.findmyisland.com/profiles/osm-way-1116340578.html,https://www.findmyisland.com/islands/england/alfies-island/,301,FALSE,FALSE,FALSE,FALSE
https://www.findmyisland.com/?island=osm-way-1116340578,https://www.findmyisland.com/islands/england/alfies-island/,301,FALSE,FALSE,FALSE,FALSE
https://www.findmyisland.com/profiles/osm-way-60437249.html,https://www.findmyisland.com/islands/scotland/alices-bower/,301,FALSE,FALSE,FALSE,FALSE
https://www.findmyisland.com/?island=osm-way-60437249,https://www.findmyisland.com/islands/scotland/alices-bower/,301,FALSE,FALSE,FALSE,FALSE
https://www.findmyisland.com/profiles/osm-way-4559337.html,https://www.findmyisland.com/islands/ireland/allagh-island/,301,FALSE,FALSE,FALSE,FALSE
https://www.findmyisland.com/?island=osm-way-4559337,https://www.findmyisland.com/islands/ireland/allagh-island/,301,FALSE,FALSE,FALSE,FALSE
https://www.findmyisland.com/profiles/osm-way-858243714.html,https://www.findmyisland.com/islands/ireland/allahan/,301,FALSE,FALSE,FALSE,FALSE
https://www.findmyisland.com/?island=osm-way-858243714,https://www.findmyisland.com/islands/ireland/allahan/,301,FALSE,FALSE,FALSE,FALSE
https://www.findmyisland.com/profiles/allens-rock.html,https://www.findmyisland.com/islands/england/allens-rock/,301,FALSE,FALSE,FALSE,FALSE
https://www.findmyisland.com/?island=allens-rock,https://www.findmyisland.com/islands/england/allens-rock/,301,FALSE,FALSE,FALSE,FALSE
https://www.findmyisland.com/profiles/osm-way-112156376.html,https://www.findmyisland.com/islands/northern-ireland/allinghams-island/,301,FALSE,FALSE,FALSE,FALSE
https://www.findmyisland.com/?island=osm-way-112156376,https://www.findmyisland.com/islands/northern-ireland/allinghams-island/,301,FALSE,FALSE,FALSE,FALSE
https://www.findmyisland.com/profiles/osm-way-3466037.html,https://www.findmyisland.com/islands/scotland/alloa-inch/,301,FALSE,FALSE,FALSE,FALSE
https://www.findmyisland.com/?island=osm-way-3466037,https://www.findmyisland.com/islands/scotland/alloa-inch/,301,FALSE,FALSE,FALSE,FALSE
https://www.findmyisland.com/profiles/osm-way-4004486.html,https://www.findmyisland.com/islands/scotland/alman/,301,FALSE,FALSE,FALSE,FALSE
https://www.findmyisland.com/?island=osm-way-4004486,https://www.findmyisland.com/islands/scotland/alman/,301,FALSE,FALSE,FALSE,FALSE
https://www.findmyisland.com/profiles/osm-way-58010945.html,https://www.findmyisland.com/islands/england/alney-island/,301,FALSE,FALSE,FALSE,FALSE
https://www.findmyisland.com/?island=osm-way-58010945,https://www.findmyisland.com/islands/england/alney-island/,301,FALSE,FALSE,FALSE,FALSE
https://www.findmyisland.com/profiles/osm-way-4009726.html,https://www.findmyisland.com/islands/scotland/am-baisteir/,301,FALSE,FALSE,FALSE,FALSE
https://www.findmyisland.com/?island=osm-way-4009726,https://www.findmyisland.com/islands/scotland/am-baisteir/,301,FALSE,FALSE,FALSE,FALSE
https://www.findmyisland.com/profiles/osm-way-48923000.html,https://www.findmyisland.com/islands/scotland/am-balg/,301,FALSE,FALSE,FALSE,FALSE
https://www.findmyisland.com/?island=osm-way-48923000,https://www.findmyisland.com/islands/scotland/am-balg/,301,FALSE,FALSE,FALSE,FALSE
https://www.findmyisland.com/profiles/osm-way-171882819.html,https://www.findmyisland.com/islands/scotland/am-buachaille/,301,FALSE,FALSE,FALSE,FALSE
https://www.findmyisland.com/?island=osm-way-171882819,https://www.findmyisland.com/islands/scotland/am-buachaille/,301,FALSE,FALSE,FALSE,FALSE
https://www.findmyisland.com/profiles/osm-way-302088947.html,https://www.findmyisland.com/islands/scotland/am-buachaille-osm-way-302088947/,301,FALSE,FALSE,FALSE,FALSE
https://www.findmyisland.com/?island=osm-way-302088947,https://www.findmyisland.com/islands/scotland/am-buachaille-osm-way-302088947/,301,FALSE,FALSE,FALSE,FALSE
https://www.findmyisland.com/profiles/osm-way-60319853.html,https://www.findmyisland.com/islands/scotland/am-bord/,301,FALSE,FALSE,FALSE,FALSE
https://www.findmyisland.com/?island=osm-way-60319853,https://www.findmyisland.com/islands/scotland/am-bord/,301,FALSE,FALSE,FALSE,FALSE
https://www.findmyisland.com/profiles/osm-way-985212915.html,https://www.findmyisland.com/islands/scotland/am-fraoch-eilean-osm-way-985212915/,301,FALSE,FALSE,FALSE,FALSE
https://www.findmyisland.com/?island=osm-way-985212915,https://www.findmyisland.com/islands/scotland/am-fraoch-eilean-osm-way-985212915/,301,FALSE,FALSE,FALSE,FALSE
https://www.findmyisland.com/profiles/osm-way-4010147.html,https://www.findmyisland.com/islands/scotland/am-fraoch-eilean-osm-way-4010147/,301,FALSE,FALSE,FALSE,FALSE
https://www.findmyisland.com/?island=osm-way-4010147,https://www.findmyisland.com/islands/scotland/am-fraoch-eilean-osm-way-4010147/,301,FALSE,FALSE,FALSE,FALSE
https://www.findmyisland.com/profiles/osm-way-56779559.html,https://www.findmyisland.com/islands/scotland/am-fraoch-eilean-osm-way-56779559/,301,FALSE,FALSE,FALSE,FALSE
https://www.findmyisland.com/?island=osm-way-56779559,https://www.findmyisland.com/islands/scotland/am-fraoch-eilean-osm-way-56779559/,301,FALSE,FALSE,FALSE,FALSE
https://www.findmyisland.com/profiles/osm-relation-12895724.html,https://www.findmyisland.com/islands/scotland/am-fraoch-eilean/,301,FALSE,FALSE,FALSE,FALSE
https://www.findmyisland.com/?island=osm-relation-12895724,https://www.findmyisland.com/islands/scotland/am-fraoch-eilean/,301,FALSE,FALSE,FALSE,FALSE
https://www.findmyisland.com/profiles/osm-way-788981364.html,https://www.findmyisland.com/islands/scotland/am-plastair/,301,FALSE,FALSE,FALSE,FALSE
https://www.findmyisland.com/?island=osm-way-788981364,https://www.findmyisland.com/islands/scotland/am-plastair/,301,FALSE,FALSE,FALSE,FALSE
https://www.findmyisland.com/profiles/osm-way-985212914.html,https://www.findmyisland.com/islands/scotland/am-ploth/,301,FALSE,FALSE,FALSE,FALSE
https://www.findmyisland.com/?island=osm-way-985212914,https://www.findmyisland.com/islands/scotland/am-ploth/,301,FALSE,FALSE,FALSE,FALSE
https://www.findmyisland.com/profiles/osm-way-1002798076.html,https://www.findmyisland.com/islands/ireland/an-bioranach/,301,FALSE,FALSE,FALSE,FALSE
https://www.findmyisland.com/?island=osm-way-1002798076,https://www.findmyisland.com/islands/ireland/an-bioranach/,301,FALSE,FALSE,FALSE,FALSE
https://www.findmyisland.com/profiles/an-caipín.html,https://www.findmyisland.com/islands/ireland/an-caipin/,301,FALSE,FALSE,FALSE,FALSE
https://www.findmyisland.com/?island=an-caipín,https://www.findmyisland.com/islands/ireland/an-caipin/,301,FALSE,FALSE,FALSE,FALSE
https://www.findmyisland.com/profiles/osm-way-208903959.html,https://www.findmyisland.com/islands/scotland/an-calbh/,301,FALSE,FALSE,FALSE,FALSE
https://www.findmyisland.com/?island=osm-way-208903959,https://www.findmyisland.com/islands/scotland/an-calbh/,301,FALSE,FALSE,FALSE,FALSE
https://www.findmyisland.com/profiles/osm-way-1210249467.html,https://www.findmyisland.com/islands/scotland/an-caol/,301,FALSE,FALSE,FALSE,FALSE
https://www.findmyisland.com/?island=osm-way-1210249467,https://www.findmyisland.com/islands/scotland/an-caol/,301,FALSE,FALSE,FALSE,FALSE
https://www.findmyisland.com/profiles/an-charraig-dhubh-commorants-rock.html,https://www.findmyisland.com/islands/ireland/an-charraig-dhubh-commorants-rock/,301,FALSE,FALSE,FALSE,FALSE
https://www.findmyisland.com/?island=an-charraig-dhubh-commorants-rock,https://www.findmyisland.com/islands/ireland/an-charraig-dhubh-commorants-rock/,301,FALSE,FALSE,FALSE,FALSE
https://www.findmyisland.com/profiles/osm-way-1006966501.html,https://www.findmyisland.com/islands/ireland/an-charraig-fhada/,301,FALSE,FALSE,FALSE,FALSE
https://www.findmyisland.com/?island=osm-way-1006966501,https://www.findmyisland.com/islands/ireland/an-charraig-fhada/,301,FALSE,FALSE,FALSE,FALSE
https://www.findmyisland.com/profiles/osm-way-1001460111.html,https://www.findmyisland.com/islands/ireland/an-charraig-mhor/,301,FALSE,FALSE,FALSE,FALSE
https://www.findmyisland.com/?island=osm-way-1001460111,https://www.findmyisland.com/islands/ireland/an-charraig-mhor/,301,FALSE,FALSE,FALSE,FALSE
https://www.findmyisland.com/profiles/osm-way-1311029250.html,https://www.findmyisland.com/islands/ireland/an-chruib/,301,FALSE,FALSE,FALSE,FALSE
https://www.findmyisland.com/?island=osm-way-1311029250,https://www.findmyisland.com/islands/ireland/an-chruib/,301,FALSE,FALSE,FALSE,FALSE
https://www.findmyisland.com/profiles/osm-way-201143870.html,https://www.findmyisland.com/islands/scotland/an-clarsach/,301,FALSE,FALSE,FALSE,FALSE
https://www.findmyisland.com/?island=osm-way-201143870,https://www.findmyisland.com/islands/scotland/an-clarsach/,301,FALSE,FALSE,FALSE,FALSE
https://www.findmyisland.com/profiles/wd-Q24659159.html,https://www.findmyisland.com/islands/scotland/an-coileach/,301,FALSE,FALSE,FALSE,FALSE
https://www.findmyisland.com/?island=wd-Q24659159,https://www.findmyisland.com/islands/scotland/an-coileach/,301,FALSE,FALSE,FALSE,FALSE
https://www.findmyisland.com/profiles/osm-way-4011355.html,https://www.findmyisland.com/islands/scotland/an-corran/,301,FALSE,FALSE,FALSE,FALSE
https://www.findmyisland.com/?island=osm-way-4011355,https://www.findmyisland.com/islands/scotland/an-corran/,301,FALSE,FALSE,FALSE,FALSE
https://www.findmyisland.com/profiles/osm-way-4010945.html,https://www.findmyisland.com/islands/scotland/an-crois-eilean/,301,FALSE,FALSE,FALSE,FALSE
https://www.findmyisland.com/?island=osm-way-4010945,https://www.findmyisland.com/islands/scotland/an-crois-eilean/,301,FALSE,FALSE,FALSE,FALSE
https://www.findmyisland.com/profiles/osm-way-1149505635.html,https://www.findmyisland.com/islands/scotland/an-doirlinn/,301,FALSE,FALSE,FALSE,FALSE
https://www.findmyisland.com/?island=osm-way-1149505635,https://www.findmyisland.com/islands/scotland/an-doirlinn/,301,FALSE,FALSE,FALSE,FALSE
https://www.findmyisland.com/profiles/osm-way-60320053.html,https://www.findmyisland.com/islands/scotland/an-dubh-sgeir-osm-way-60320053/,301,FALSE,FALSE,FALSE,FALSE
https://www.findmyisland.com/?island=osm-way-60320053,https://www.findmyisland.com/islands/scotland/an-dubh-sgeir-osm-way-60320053/,301,FALSE,FALSE,FALSE,FALSE
https://www.findmyisland.com/profiles/osm-way-4004895.html,https://www.findmyisland.com/islands/scotland/an-dubh-sgeir/,301,FALSE,FALSE,FALSE,FALSE
https://www.findmyisland.com/?island=osm-way-4004895,https://www.findmyisland.com/islands/scotland/an-dubh-sgeir/,301,FALSE,FALSE,FALSE,FALSE
https://www.findmyisland.com/profiles/osm-way-55875814.html,https://www.findmyisland.com/islands/scotland/an-dubh-sgeir-osm-way-55875814/,301,FALSE,FALSE,FALSE,FALSE
https://www.findmyisland.com/?island=osm-way-55875814,https://www.findmyisland.com/islands/scotland/an-dubh-sgeir-osm-way-55875814/,301,FALSE,FALSE,FALSE,FALSE
https://www.findmyisland.com/profiles/osm-way-4011490.html,https://www.findmyisland.com/islands/scotland/an-dubh-sgeir-a-deas/,301,FALSE,FALSE,FALSE,FALSE
https://www.findmyisland.com/?island=osm-way-4011490,https://www.findmyisland.com/islands/scotland/an-dubh-sgeir-a-deas/,301,FALSE,FALSE,FALSE,FALSE
https://www.findmyisland.com/profiles/osm-way-66364361.html,https://www.findmyisland.com/islands/scotland/an-dun/,301,FALSE,FALSE,FALSE,FALSE
https://www.findmyisland.com/?island=osm-way-66364361,https://www.findmyisland.com/islands/scotland/an-dun/,301,FALSE,FALSE,FALSE,FALSE
https://www.findmyisland.com/profiles/osm-way-210604252.html,https://www.findmyisland.com/islands/scotland/an-dunan/,301,FALSE,FALSE,FALSE,FALSE
https://www.findmyisland.com/?island=osm-way-210604252,https://www.findmyisland.com/islands/scotland/an-dunan/,301,FALSE,FALSE,FALSE,FALSE
https://www.findmyisland.com/profiles/osm-node-12105802561.html,https://www.findmyisland.com/islands/ireland/an-fiach/,301,FALSE,FALSE,FALSE,FALSE
https://www.findmyisland.com/?island=osm-node-12105802561,https://www.findmyisland.com/islands/ireland/an-fiach/,301,FALSE,FALSE,FALSE,FALSE
https://www.findmyisland.com/profiles/osm-way-550725474.html,https://www.findmyisland.com/islands/scotland/an-gairbh-sgeir/,301,FALSE,FALSE,FALSE,FALSE
https://www.findmyisland.com/?island=osm-way-550725474,https://www.findmyisland.com/islands/scotland/an-gairbh-sgeir/,301,FALSE,FALSE,FALSE,FALSE
https://www.findmyisland.com/profiles/osm-way-4010184.html,https://www.findmyisland.com/islands/scotland/an-garbh-eilean-osm-way-4010184/,301,FALSE,FALSE,FALSE,FALSE
https://www.findmyisland.com/?island=osm-way-4010184,https://www.findmyisland.com/islands/scotland/an-garbh-eilean-osm-way-4010184/,301,FALSE,FALSE,FALSE,FALSE
https://www.findmyisland.com/profiles/osm-way-81190596.html,https://www.findmyisland.com/islands/scotland/an-garbh-eilean-osm-way-81190596/,301,FALSE,FALSE,FALSE,FALSE
https://www.findmyisland.com/?island=osm-way-81190596,https://www.findmyisland.com/islands/scotland/an-garbh-eilean-osm-way-81190596/,301,FALSE,FALSE,FALSE,FALSE
https://www.findmyisland.com/profiles/osm-way-171189469.html,https://www.findmyisland.com/islands/scotland/an-garbh-eilean/,301,FALSE,FALSE,FALSE,FALSE
https://www.findmyisland.com/?island=osm-way-171189469,https://www.findmyisland.com/islands/scotland/an-garbh-eilean/,301,FALSE,FALSE,FALSE,FALSE
https://www.findmyisland.com/profiles/wd-Q24659164.html,https://www.findmyisland.com/islands/scotland/an-garbh-eilean-wd-q24659164/,301,FALSE,FALSE,FALSE,FALSE
https://www.findmyisland.com/?island=wd-Q24659164,https://www.findmyisland.com/islands/scotland/an-garbh-eilean-wd-q24659164/,301,FALSE,FALSE,FALSE,FALSE
https://www.findmyisland.com/profiles/an-ghamhnach.html,https://www.findmyisland.com/islands/ireland/an-ghamhnach/,301,FALSE,FALSE,FALSE,FALSE
https://www.findmyisland.com/?island=an-ghamhnach,https://www.findmyisland.com/islands/ireland/an-ghamhnach/,301,FALSE,FALSE,FALSE,FALSE
https://www.findmyisland.com/profiles/osm-way-4010118.html,https://www.findmyisland.com/islands/scotland/an-glas-eilean-osm-way-4010118/,301,FALSE,FALSE,FALSE,FALSE
https://www.findmyisland.com/?island=osm-way-4010118,https://www.findmyisland.com/islands/scotland/an-glas-eilean-osm-way-4010118/,301,FALSE,FALSE,FALSE,FALSE
https://www.findmyisland.com/profiles/osm-way-4010152.html,https://www.findmyisland.com/islands/scotland/an-glas-eilean-osm-way-4010152/,301,FALSE,FALSE,FALSE,FALSE
https://www.findmyisland.com/?island=osm-way-4010152,https://www.findmyisland.com/islands/scotland/an-glas-eilean-osm-way-4010152/,301,FALSE,FALSE,FALSE,FALSE
https://www.findmyisland.com/profiles/osm-relation-13255197.html,https://www.findmyisland.com/islands/scotland/an-glas-eilean/,301,FALSE,FALSE,FALSE,FALSE
https://www.findmyisland.com/?island=osm-relation-13255197,https://www.findmyisland.com/islands/scotland/an-glas-eilean/,301,FALSE,FALSE,FALSE,FALSE
https://www.findmyisland.com/profiles/osm-way-487011447.html,https://www.findmyisland.com/islands/scotland/an-glas-eilean-osm-way-487011447/,301,FALSE,FALSE,FALSE,FALSE
https://www.findmyisland.com/?island=osm-way-487011447,https://www.findmyisland.com/islands/scotland/an-glas-eilean-osm-way-487011447/,301,FALSE,FALSE,FALSE,FALSE
https://www.findmyisland.com/profiles/an-grean.html,https://www.findmyisland.com/islands/ireland/an-grean/,301,FALSE,FALSE,FALSE,FALSE
https://www.findmyisland.com/?island=an-grean,https://www.findmyisland.com/islands/ireland/an-grean/,301,FALSE,FALSE,FALSE,FALSE
https://www.findmyisland.com/profiles/osm-way-4562824.html,https://www.findmyisland.com/islands/ireland/an-laighean/,301,FALSE,FALSE,FALSE,FALSE
https://www.findmyisland.com/?island=osm-way-4562824,https://www.findmyisland.com/islands/ireland/an-laighean/,301,FALSE,FALSE,FALSE,FALSE
https://www.findmyisland.com/profiles/osm-way-715371329.html,https://www.findmyisland.com/islands/scotland/an-laogh/,301,FALSE,FALSE,FALSE,FALSE
https://www.findmyisland.com/?island=osm-way-715371329,https://www.findmyisland.com/islands/scotland/an-laogh/,301,FALSE,FALSE,FALSE,FALSE
https://www.findmyisland.com/profiles/an-leac-ard.html,https://www.findmyisland.com/islands/ireland/an-leac-ard/,301,FALSE,FALSE,FALSE,FALSE
https://www.findmyisland.com/?island=an-leac-ard,https://www.findmyisland.com/islands/ireland/an-leac-ard/,301,FALSE,FALSE,FALSE,FALSE
https://www.findmyisland.com/profiles/an-licín-goats-island.html,https://www.findmyisland.com/islands/ireland/an-licin-goats-island/,301,FALSE,FALSE,FALSE,FALSE
https://www.findmyisland.com/?island=an-licín-goats-island,https://www.findmyisland.com/islands/ireland/an-licin-goats-island/,301,FALSE,FALSE,FALSE,FALSE
https://www.findmyisland.com/profiles/an-licín-rua.html,https://www.findmyisland.com/islands/ireland/an-licin-rua/,301,FALSE,FALSE,FALSE,FALSE
https://www.findmyisland.com/?island=an-licín-rua,https://www.findmyisland.com/islands/ireland/an-licin-rua/,301,FALSE,FALSE,FALSE,FALSE
https://www.findmyisland.com/profiles/an-mheadar.html,https://www.findmyisland.com/islands/ireland/an-mheadar/,301,FALSE,FALSE,FALSE,FALSE
https://www.findmyisland.com/?island=an-mheadar,https://www.findmyisland.com/islands/ireland/an-mheadar/,301,FALSE,FALSE,FALSE,FALSE
https://www.findmyisland.com/profiles/osm-way-247852065.html,https://www.findmyisland.com/islands/ireland/an-ros-rua/,301,FALSE,FALSE,FALSE,FALSE
https://www.findmyisland.com/?island=osm-way-247852065,https://www.findmyisland.com/islands/ireland/an-ros-rua/,301,FALSE,FALSE,FALSE,FALSE
https://www.findmyisland.com/profiles/osm-way-58564838.html,https://www.findmyisland.com/islands/scotland/an-ruadh-eilean-osm-way-58564838/,301,FALSE,FALSE,FALSE,FALSE
https://www.findmyisland.com/?island=osm-way-58564838,https://www.findmyisland.com/islands/scotland/an-ruadh-eilean-osm-way-58564838/,301,FALSE,FALSE,FALSE,FALSE
https://www.findmyisland.com/profiles/an-ruadh-eilean.html,https://www.findmyisland.com/islands/scotland/an-ruadh-eilean/,301,FALSE,FALSE,FALSE,FALSE
https://www.findmyisland.com/?island=an-ruadh-eilean,https://www.findmyisland.com/islands/scotland/an-ruadh-eilean/,301,FALSE,FALSE,FALSE,FALSE
https://www.findmyisland.com/profiles/an-scéalaíthe-storyteller.html,https://www.findmyisland.com/islands/ireland/an-scealaithe-storyteller/,301,FALSE,FALSE,FALSE,FALSE
https://www.findmyisland.com/?island=an-scéalaíthe-storyteller,https://www.findmyisland.com/islands/ireland/an-scealaithe-storyteller/,301,FALSE,FALSE,FALSE,FALSE
https://www.findmyisland.com/profiles/an-sgannan.html,https://www.findmyisland.com/islands/scotland/an-sgannan/,301,FALSE,FALSE,FALSE,FALSE
https://www.findmyisland.com/?island=an-sgannan,https://www.findmyisland.com/islands/scotland/an-sgannan/,301,FALSE,FALSE,FALSE,FALSE
https://www.findmyisland.com/profiles/osm-way-1115460226.html,https://www.findmyisland.com/islands/scotland/an-sgorr/,301,FALSE,FALSE,FALSE,FALSE
https://www.findmyisland.com/?island=osm-way-1115460226,https://www.findmyisland.com/islands/scotland/an-sgorr/,301,FALSE,FALSE,FALSE,FALSE
https://www.findmyisland.com/profiles/osm-way-4005167.html,https://www.findmyisland.com/islands/scotland/an-stac/,301,FALSE,FALSE,FALSE,FALSE
https://www.findmyisland.com/?island=osm-way-4005167,https://www.findmyisland.com/islands/scotland/an-stac/,301,FALSE,FALSE,FALSE,FALSE
https://www.findmyisland.com/profiles/osm-relation-11619425.html,https://www.findmyisland.com/islands/scotland/an-steidh/,301,FALSE,FALSE,FALSE,FALSE
https://www.findmyisland.com/?island=osm-relation-11619425,https://www.findmyisland.com/islands/scotland/an-steidh/,301,FALSE,FALSE,FALSE,FALSE
https://www.findmyisland.com/profiles/osm-way-1194092817.html,https://www.findmyisland.com/islands/scotland/an-t-eilean-dubh/,301,FALSE,FALSE,FALSE,FALSE
https://www.findmyisland.com/?island=osm-way-1194092817,https://www.findmyisland.com/islands/scotland/an-t-eilean-dubh/,301,FALSE,FALSE,FALSE,FALSE
https://www.findmyisland.com/profiles/osm-way-87296746.html,https://www.findmyisland.com/islands/scotland/an-t-eilean-garbh/,301,FALSE,FALSE,FALSE,FALSE
https://www.findmyisland.com/?island=osm-way-87296746,https://www.findmyisland.com/islands/scotland/an-t-eilean-garbh/,301,FALSE,FALSE,FALSE,FALSE
https://www.findmyisland.com/profiles/osm-way-374415256.html,https://www.findmyisland.com/islands/scotland/an-t-eilean-glas/,301,FALSE,FALSE,FALSE,FALSE
https://www.findmyisland.com/?island=osm-way-374415256,https://www.findmyisland.com/islands/scotland/an-t-eilean-glas/,301,FALSE,FALSE,FALSE,FALSE
https://www.findmyisland.com/profiles/osm-way-4011665.html,https://www.findmyisland.com/islands/scotland/an-t-eilean-leathann/,301,FALSE,FALSE,FALSE,FALSE
https://www.findmyisland.com/?island=osm-way-4011665,https://www.findmyisland.com/islands/scotland/an-t-eilean-leathann/,301,FALSE,FALSE,FALSE,FALSE
https://www.findmyisland.com/profiles/osm-way-374415406.html,https://www.findmyisland.com/islands/scotland/an-t-eilean-liath/,301,FALSE,FALSE,FALSE,FALSE
https://www.findmyisland.com/?island=osm-way-374415406,https://www.findmyisland.com/islands/scotland/an-t-eilean-liath/,301,FALSE,FALSE,FALSE,FALSE
https://www.findmyisland.com/profiles/an-t-eilean-meadhoin-w94828436.html,https://www.findmyisland.com/islands/scotland/an-t-eilean-meadhoin-w94828436/,301,FALSE,FALSE,FALSE,FALSE
https://www.findmyisland.com/?island=an-t-eilean-meadhoin-w94828436,https://www.findmyisland.com/islands/scotland/an-t-eilean-meadhoin-w94828436/,301,FALSE,FALSE,FALSE,FALSE
https://www.findmyisland.com/profiles/osm-way-374415200.html,https://www.findmyisland.com/islands/scotland/an-t-eilean-mor/,301,FALSE,FALSE,FALSE,FALSE
https://www.findmyisland.com/?island=osm-way-374415200,https://www.findmyisland.com/islands/scotland/an-t-eilean-mor/,301,FALSE,FALSE,FALSE,FALSE
https://www.findmyisland.com/profiles/osm-way-60320054.html,https://www.findmyisland.com/islands/scotland/an-t-iasgair/,301,FALSE,FALSE,FALSE,FALSE
https://www.findmyisland.com/?island=osm-way-60320054,https://www.findmyisland.com/islands/scotland/an-t-iasgair/,301,FALSE,FALSE,FALSE,FALSE
https://www.findmyisland.com/profiles/osm-way-375708564.html,https://www.findmyisland.com/islands/ireland/an-t-oilean-leathan/,301,FALSE,FALSE,FALSE,FALSE
https://www.findmyisland.com/?island=osm-way-375708564,https://www.findmyisland.com/islands/ireland/an-t-oilean-leathan/,301,FALSE,FALSE,FALSE,FALSE
https://www.findmyisland.com/profiles/osm-way-374415294.html,https://www.findmyisland.com/islands/scotland/an-t-aigeach/,301,FALSE,FALSE,FALSE,FALSE
https://www.findmyisland.com/?island=osm-way-374415294,https://www.findmyisland.com/islands/scotland/an-t-aigeach/,301,FALSE,FALSE,FALSE,FALSE
https://www.findmyisland.com/profiles/osm-way-251318763.html,https://www.findmyisland.com/islands/ireland/an-toilean-ban/,301,FALSE,FALSE,FALSE,FALSE
https://www.findmyisland.com/?island=osm-way-251318763,https://www.findmyisland.com/islands/ireland/an-toilean-ban/,301,FALSE,FALSE,FALSE,FALSE
https://www.findmyisland.com/profiles/osm-way-4559340.html,https://www.findmyisland.com/islands/ireland/an-toilean-carrach/,301,FALSE,FALSE,FALSE,FALSE
https://www.findmyisland.com/?island=osm-way-4559340,https://www.findmyisland.com/islands/ireland/an-toilean-carrach/,301,FALSE,FALSE,FALSE,FALSE
https://www.findmyisland.com/profiles/osm-way-470058025.html,https://www.findmyisland.com/islands/ireland/an-toilean-carrach-osm-way-470058025/,301,FALSE,FALSE,FALSE,FALSE
https://www.findmyisland.com/?island=osm-way-470058025,https://www.findmyisland.com/islands/ireland/an-toilean-carrach-osm-way-470058025/,301,FALSE,FALSE,FALSE,FALSE
https://www.findmyisland.com/profiles/osm-way-4562821.html,https://www.findmyisland.com/islands/ireland/an-toilean-garbh/,301,FALSE,FALSE,FALSE,FALSE
https://www.findmyisland.com/?island=osm-way-4562821,https://www.findmyisland.com/islands/ireland/an-toilean-garbh/,301,FALSE,FALSE,FALSE,FALSE
https://www.findmyisland.com/profiles/osm-way-4563017.html,https://www.findmyisland.com/islands/ireland/an-toilean-iarthach-theas/,301,FALSE,FALSE,FALSE,FALSE
https://www.findmyisland.com/?island=osm-way-4563017,https://www.findmyisland.com/islands/ireland/an-toilean-iarthach-theas/,301,FALSE,FALSE,FALSE,FALSE
https://www.findmyisland.com/profiles/osm-way-4562748.html,https://www.findmyisland.com/islands/ireland/an-toilean-iarthach-thiar/,301,FALSE,FALSE,FALSE,FALSE
https://www.findmyisland.com/?island=osm-way-4562748,https://www.findmyisland.com/islands/ireland/an-toilean-iarthach-thiar/,301,FALSE,FALSE,FALSE,FALSE
https://www.findmyisland.com/profiles/osm-way-4562747.html,https://www.findmyisland.com/islands/ireland/an-toilean-mor/,301,FALSE,FALSE,FALSE,FALSE
https://www.findmyisland.com/?island=osm-way-4562747,https://www.findmyisland.com/islands/ireland/an-toilean-mor/,301,FALSE,FALSE,FALSE,FALSE
https://www.findmyisland.com/profiles/osm-way-201157037.html,https://www.findmyisland.com/islands/scotland/an-tudan/,301,FALSE,FALSE,FALSE,FALSE
https://www.findmyisland.com/?island=osm-way-201157037,https://www.findmyisland.com/islands/scotland/an-tudan/,301,FALSE,FALSE,FALSE,FALSE
https://www.findmyisland.com/profiles/osm-way-1448617049.html,https://www.findmyisland.com/islands/scotland/an-turdha-beag/,301,FALSE,FALSE,FALSE,FALSE
https://www.findmyisland.com/?island=osm-way-1448617049,https://www.findmyisland.com/islands/scotland/an-turdha-beag/,301,FALSE,FALSE,FALSE,FALSE
https://www.findmyisland.com/profiles/osm-relation-4573198.html,https://www.findmyisland.com/islands/england/andersey-island/,301,FALSE,FALSE,FALSE,FALSE
https://www.findmyisland.com/?island=osm-relation-4573198,https://www.findmyisland.com/islands/england/andersey-island/,301,FALSE,FALSE,FALSE,FALSE
https://www.findmyisland.com/profiles/wd-Q24659160.html,https://www.findmyisland.com/islands/england/andrews-spit/,301,FALSE,FALSE,FALSE,FALSE
https://www.findmyisland.com/?island=wd-Q24659160,https://www.findmyisland.com/islands/england/andrews-spit/,301,FALSE,FALSE,FALSE,FALSE
https://www.findmyisland.com/profiles/anglesey.html,https://www.findmyisland.com/islands/wales/anglesey/,301,FALSE,FALSE,FALSE,FALSE
https://www.findmyisland.com/?island=anglesey,https://www.findmyisland.com/islands/wales/anglesey/,301,FALSE,FALSE,FALSE,FALSE
https://www.findmyisland.com/profiles/wd-Q124362316.html,https://www.findmyisland.com/islands/northern-ireland/angus-rock/,301,FALSE,FALSE,FALSE,FALSE
https://www.findmyisland.com/?island=wd-Q124362316,https://www.findmyisland.com/islands/northern-ireland/angus-rock/,301,FALSE,FALSE,FALSE,FALSE
https://www.findmyisland.com/profiles/osm-way-1135425736.html,https://www.findmyisland.com/islands/ireland/ankers-island/,301,FALSE,FALSE,FALSE,FALSE
https://www.findmyisland.com/?island=osm-way-1135425736,https://www.findmyisland.com/islands/ireland/ankers-island/,301,FALSE,FALSE,FALSE,FALSE
https://www.findmyisland.com/profiles/osm-way-93211713.html,https://www.findmyisland.com/islands/ireland/annagh-island-osm-way-93211713/,301,FALSE,FALSE,FALSE,FALSE
https://www.findmyisland.com/?island=osm-way-93211713,https://www.findmyisland.com/islands/ireland/annagh-island-osm-way-93211713/,301,FALSE,FALSE,FALSE,FALSE
https://www.findmyisland.com/profiles/osm-way-88125439.html,https://www.findmyisland.com/islands/ireland/annagh-island-lough-gill/,301,FALSE,FALSE,FALSE,FALSE
https://www.findmyisland.com/?island=osm-way-88125439,https://www.findmyisland.com/islands/ireland/annagh-island-lough-gill/,301,FALSE,FALSE,FALSE,FALSE
https://www.findmyisland.com/profiles/osm-relation-6836978.html,https://www.findmyisland.com/islands/ireland/annagh-island/,301,FALSE,FALSE,FALSE,FALSE
https://www.findmyisland.com/?island=osm-relation-6836978,https://www.findmyisland.com/islands/ireland/annagh-island/,301,FALSE,FALSE,FALSE,FALSE
https://www.findmyisland.com/profiles/osm-way-529726141.html,https://www.findmyisland.com/islands/ireland/annagh-island-osm-way-529726141/,301,FALSE,FALSE,FALSE,FALSE
https://www.findmyisland.com/?island=osm-way-529726141,https://www.findmyisland.com/islands/ireland/annagh-island-osm-way-529726141/,301,FALSE,FALSE,FALSE,FALSE
https://www.findmyisland.com/profiles/osm-way-178144112.html,https://www.findmyisland.com/islands/ireland/annaghgowla-island/,301,FALSE,FALSE,FALSE,FALSE
https://www.findmyisland.com/?island=osm-way-178144112,https://www.findmyisland.com/islands/ireland/annaghgowla-island/,301,FALSE,FALSE,FALSE,FALSE
https://www.findmyisland.com/profiles/wd-Q104322906.html,https://www.findmyisland.com/islands/ireland/annaghminnogue/,301,FALSE,FALSE,FALSE,FALSE
https://www.findmyisland.com/?island=wd-Q104322906,https://www.findmyisland.com/islands/ireland/annaghminnogue/,301,FALSE,FALSE,FALSE,FALSE
https://www.findmyisland.com/profiles/wd-Q26718468.html,https://www.findmyisland.com/islands/ireland/annaghroe-island/,301,FALSE,FALSE,FALSE,FALSE
https://www.findmyisland.com/?island=wd-Q26718468,https://www.findmyisland.com/islands/ireland/annaghroe-island/,301,FALSE,FALSE,FALSE,FALSE
https://www.findmyisland.com/profiles/osm-way-4562868.html,https://www.findmyisland.com/islands/ireland/annaghvaan/,301,FALSE,FALSE,FALSE,FALSE
https://www.findmyisland.com/?island=osm-way-4562868,https://www.findmyisland.com/islands/ireland/annaghvaan/,301,FALSE,FALSE,FALSE,FALSE
https://www.findmyisland.com/profiles/osm-way-236730548.html,https://www.findmyisland.com/islands/england/annet/,301,FALSE,FALSE,FALSE,FALSE
https://www.findmyisland.com/?island=osm-way-236730548,https://www.findmyisland.com/islands/england/annet/,301,FALSE,FALSE,FALSE,FALSE
https://www.findmyisland.com/profiles/osm-way-485432507.html,https://www.findmyisland.com/islands/scotland/appin-rocks/,301,FALSE,FALSE,FALSE,FALSE
https://www.findmyisland.com/?island=osm-way-485432507,https://www.findmyisland.com/islands/scotland/appin-rocks/,301,FALSE,FALSE,FALSE,FALSE
https://www.findmyisland.com/profiles/apple-island-w344100095.html,https://www.findmyisland.com/islands/ireland/apple-island-w344100095/,301,FALSE,FALSE,FALSE,FALSE
https://www.findmyisland.com/?island=apple-island-w344100095,https://www.findmyisland.com/islands/ireland/apple-island-w344100095/,301,FALSE,FALSE,FALSE,FALSE
https://www.findmyisland.com/profiles/osm-way-55536611.html,https://www.findmyisland.com/islands/england/appletree-eyot/,301,FALSE,FALSE,FALSE,FALSE
https://www.findmyisland.com/?island=osm-way-55536611,https://www.findmyisland.com/islands/england/appletree-eyot/,301,FALSE,FALSE,FALSE,FALSE
https://www.findmyisland.com/profiles/ararat.html,https://www.findmyisland.com/islands/scotland/ararat/,301,FALSE,FALSE,FALSE,FALSE
https://www.findmyisland.com/?island=ararat,https://www.findmyisland.com/islands/scotland/ararat/,301,FALSE,FALSE,FALSE,FALSE
https://www.findmyisland.com/profiles/osm-way-26526929.html,https://www.findmyisland.com/islands/ireland/arbutus-island/,301,FALSE,FALSE,FALSE,FALSE
https://www.findmyisland.com/?island=osm-way-26526929,https://www.findmyisland.com/islands/ireland/arbutus-island/,301,FALSE,FALSE,FALSE,FALSE
https://www.findmyisland.com/profiles/wd-Q24656990.html,https://www.findmyisland.com/islands/wales/archdeacon-rock/,301,FALSE,FALSE,FALSE,FALSE
https://www.findmyisland.com/?island=wd-Q24656990,https://www.findmyisland.com/islands/wales/archdeacon-rock/,301,FALSE,FALSE,FALSE,FALSE
https://www.findmyisland.com/profiles/osm-way-4560457.html,https://www.findmyisland.com/islands/ireland/ardboline/,301,FALSE,FALSE,FALSE,FALSE
https://www.findmyisland.com/?island=osm-way-4560457,https://www.findmyisland.com/islands/ireland/ardboline/,301,FALSE,FALSE,FALSE,FALSE
https://www.findmyisland.com/profiles/osm-way-239731267.html,https://www.findmyisland.com/islands/ireland/ardcarn-islands/,301,FALSE,FALSE,FALSE,FALSE
https://www.findmyisland.com/?island=osm-way-239731267,https://www.findmyisland.com/islands/ireland/ardcarn-islands/,301,FALSE,FALSE,FALSE,FALSE
https://www.findmyisland.com/profiles/osm-way-193645881.html,https://www.findmyisland.com/islands/ireland/ardillan/,301,FALSE,FALSE,FALSE,FALSE
https://www.findmyisland.com/?island=osm-way-193645881,https://www.findmyisland.com/islands/ireland/ardillan/,301,FALSE,FALSE,FALSE,FALSE
https://www.findmyisland.com/profiles/osm-relation-3581015.html,https://www.findmyisland.com/islands/ireland/ardillaun/,301,FALSE,FALSE,FALSE,FALSE
https://www.findmyisland.com/?island=osm-relation-3581015,https://www.findmyisland.com/islands/ireland/ardillaun/,301,FALSE,FALSE,FALSE,FALSE
https://www.findmyisland.com/profiles/osm-way-4554487.html,https://www.findmyisland.com/islands/ireland/ardillaun-osm-way-4554487/,301,FALSE,FALSE,FALSE,FALSE
https://www.findmyisland.com/?island=osm-way-4554487,https://www.findmyisland.com/islands/ireland/ardillaun-osm-way-4554487/,301,FALSE,FALSE,FALSE,FALSE
https://www.findmyisland.com/profiles/ardmhor-rock.html,https://www.findmyisland.com/islands/scotland/ardmhor-rock/,301,FALSE,FALSE,FALSE,FALSE
https://www.findmyisland.com/?island=ardmhor-rock,https://www.findmyisland.com/islands/scotland/ardmhor-rock/,301,FALSE,FALSE,FALSE,FALSE
https://www.findmyisland.com/profiles/osm-way-4562359.html,https://www.findmyisland.com/islands/ireland/ardmore-island/,301,FALSE,FALSE,FALSE,FALSE
https://www.findmyisland.com/?island=osm-way-4562359,https://www.findmyisland.com/islands/ireland/ardmore-island/,301,FALSE,FALSE,FALSE,FALSE
https://www.findmyisland.com/profiles/osm-way-1329604885.html,https://www.findmyisland.com/islands/ireland/ardmore-point/,301,FALSE,FALSE,FALSE,FALSE
https://www.findmyisland.com/?island=osm-way-1329604885,https://www.findmyisland.com/islands/ireland/ardmore-point/,301,FALSE,FALSE,FALSE,FALSE
https://www.findmyisland.com/profiles/osm-relation-15750034.html,https://www.findmyisland.com/islands/scotland/ardwall-isle/,301,FALSE,FALSE,FALSE,FALSE
https://www.findmyisland.com/?island=osm-relation-15750034,https://www.findmyisland.com/islands/scotland/ardwall-isle/,301,FALSE,FALSE,FALSE,FALSE
https://www.findmyisland.com/profiles/osm-way-191594017.html,https://www.findmyisland.com/islands/ireland/argideen/,301,FALSE,FALSE,FALSE,FALSE
https://www.findmyisland.com/?island=osm-way-191594017,https://www.findmyisland.com/islands/ireland/argideen/,301,FALSE,FALSE,FALSE,FALSE
https://www.findmyisland.com/profiles/armchair-rock.html,https://www.findmyisland.com/islands/england/armchair-rock/,301,FALSE,FALSE,FALSE,FALSE
https://www.findmyisland.com/?island=armchair-rock,https://www.findmyisland.com/islands/england/armchair-rock/,301,FALSE,FALSE,FALSE,FALSE
https://www.findmyisland.com/profiles/osm-way-3375217.html,https://www.findmyisland.com/islands/england/armed-knight/,301,FALSE,FALSE,FALSE,FALSE
https://www.findmyisland.com/?island=osm-way-3375217,https://www.findmyisland.com/islands/england/armed-knight/,301,FALSE,FALSE,FALSE,FALSE
https://www.findmyisland.com/profiles/osm-way-993778051.html,https://www.findmyisland.com/islands/scotland/arnamul/,301,FALSE,FALSE,FALSE,FALSE
https://www.findmyisland.com/?island=osm-way-993778051,https://www.findmyisland.com/islands/scotland/arnamul/,301,FALSE,FALSE,FALSE,FALSE
https://www.findmyisland.com/profiles/osm-relation-8156739.html,https://www.findmyisland.com/islands/ireland/arranmore/,301,FALSE,FALSE,FALSE,FALSE
https://www.findmyisland.com/?island=osm-relation-8156739,https://www.findmyisland.com/islands/ireland/arranmore/,301,FALSE,FALSE,FALSE,FALSE
https://www.findmyisland.com/profiles/wd-Q24657122.html,https://www.findmyisland.com/islands/scotland/arva-skerry/,301,FALSE,FALSE,FALSE,FALSE
https://www.findmyisland.com/?island=wd-Q24657122,https://www.findmyisland.com/islands/scotland/arva-skerry/,301,FALSE,FALSE,FALSE,FALSE
https://www.findmyisland.com/profiles/csv-geocoded-Q723406.html,https://www.findmyisland.com/islands/scotland/ascrib-islands/,301,FALSE,FALSE,FALSE,FALSE
https://www.findmyisland.com/?island=csv-geocoded-Q723406,https://www.findmyisland.com/islands/scotland/ascrib-islands/,301,FALSE,FALSE,FALSE,FALSE
https://www.findmyisland.com/profiles/osm-way-49901777.html,https://www.findmyisland.com/islands/england/ash-island/,301,FALSE,FALSE,FALSE,FALSE
https://www.findmyisland.com/?island=osm-way-49901777,https://www.findmyisland.com/islands/england/ash-island/,301,FALSE,FALSE,FALSE,FALSE
https://www.findmyisland.com/profiles/osm-way-26526911.html,https://www.findmyisland.com/islands/ireland/ash-island-lough-leane/,301,FALSE,FALSE,FALSE,FALSE
https://www.findmyisland.com/?island=osm-way-26526911,https://www.findmyisland.com/islands/ireland/ash-island-lough-leane/,301,FALSE,FALSE,FALSE,FALSE
https://www.findmyisland.com/profiles/osm-way-112156370.html,https://www.findmyisland.com/islands/northern-ireland/ash-island/,301,FALSE,FALSE,FALSE,FALSE
https://www.findmyisland.com/?island=osm-way-112156370,https://www.findmyisland.com/islands/northern-ireland/ash-island/,301,FALSE,FALSE,FALSE,FALSE
https://www.findmyisland.com/profiles/osm-way-1112518083.html,https://www.findmyisland.com/islands/ireland/ash-island/,301,FALSE,FALSE,FALSE,FALSE
https://www.findmyisland.com/?island=osm-way-1112518083,https://www.findmyisland.com/islands/ireland/ash-island/,301,FALSE,FALSE,FALSE,FALSE
https://www.findmyisland.com/profiles/osm-way-1303347115.html,https://www.findmyisland.com/islands/ireland/ash-island-lough-rea/,301,FALSE,FALSE,FALSE,FALSE
https://www.findmyisland.com/?island=osm-way-1303347115,https://www.findmyisland.com/islands/ireland/ash-island-lough-rea/,301,FALSE,FALSE,FALSE,FALSE
https://www.findmyisland.com/profiles/ash-island-w119050044.html,https://www.findmyisland.com/islands/scotland/ash-island-w119050044/,301,FALSE,FALSE,FALSE,FALSE
https://www.findmyisland.com/?island=ash-island-w119050044,https://www.findmyisland.com/islands/scotland/ash-island-w119050044/,301,FALSE,FALSE,FALSE,FALSE
https://www.findmyisland.com/profiles/wd-Q26718728.html,https://www.findmyisland.com/islands/ireland/ash-island-wd-q26718728/,301,FALSE,FALSE,FALSE,FALSE
https://www.findmyisland.com/?island=wd-Q26718728,https://www.findmyisland.com/islands/ireland/ash-island-wd-q26718728/,301,FALSE,FALSE,FALSE,FALSE
https://www.findmyisland.com/profiles/osm-way-186507789.html,https://www.findmyisland.com/islands/ireland/ash-islands/,301,FALSE,FALSE,FALSE,FALSE
https://www.findmyisland.com/?island=osm-way-186507789,https://www.findmyisland.com/islands/ireland/ash-islands/,301,FALSE,FALSE,FALSE,FALSE
https://www.findmyisland.com/profiles/osm-way-306303592.html,https://www.findmyisland.com/islands/northern-ireland/ash-islands/,301,FALSE,FALSE,FALSE,FALSE
https://www.findmyisland.com/?island=osm-way-306303592,https://www.findmyisland.com/islands/northern-ireland/ash-islands/,301,FALSE,FALSE,FALSE,FALSE
https://www.findmyisland.com/profiles/osm-way-409793711.html,https://www.findmyisland.com/islands/england/asparagus-island/,301,FALSE,FALSE,FALSE,FALSE
https://www.findmyisland.com/?island=osm-way-409793711,https://www.findmyisland.com/islands/england/asparagus-island/,301,FALSE,FALSE,FALSE,FALSE
https://www.findmyisland.com/profiles/osm-relation-5309173.html,https://www.findmyisland.com/islands/ireland/asscarrick/,301,FALSE,FALSE,FALSE,FALSE
https://www.findmyisland.com/?island=osm-relation-5309173,https://www.findmyisland.com/islands/ireland/asscarrick/,301,FALSE,FALSE,FALSE,FALSE
https://www.findmyisland.com/profiles/osm-way-169885381.html,https://www.findmyisland.com/islands/scotland/atla-holm/,301,FALSE,FALSE,FALSE,FALSE
https://www.findmyisland.com/?island=osm-way-169885381,https://www.findmyisland.com/islands/scotland/atla-holm/,301,FALSE,FALSE,FALSE,FALSE
https://www.findmyisland.com/profiles/osm-way-220261099.html,https://www.findmyisland.com/islands/ireland/attavally-island/,301,FALSE,FALSE,FALSE,FALSE
https://www.findmyisland.com/?island=osm-way-220261099,https://www.findmyisland.com/islands/ireland/attavally-island/,301,FALSE,FALSE,FALSE,FALSE
https://www.findmyisland.com/profiles/osm-way-393292258.html,https://www.findmyisland.com/islands/ireland/atticlea-island/,301,FALSE,FALSE,FALSE,FALSE
https://www.findmyisland.com/?island=osm-way-393292258,https://www.findmyisland.com/islands/ireland/atticlea-island/,301,FALSE,FALSE,FALSE,FALSE
https://www.findmyisland.com/profiles/wd-Q124373236.html,https://www.findmyisland.com/islands/scotland/auchie-island/,301,FALSE,FALSE,FALSE,FALSE
https://www.findmyisland.com/?island=wd-Q124373236,https://www.findmyisland.com/islands/scotland/auchie-island/,301,FALSE,FALSE,FALSE,FALSE
https://www.findmyisland.com/profiles/wd-Q2987177.html,https://www.findmyisland.com/islands/ireland/aughinish/,301,FALSE,FALSE,FALSE,FALSE
https://www.findmyisland.com/?island=wd-Q2987177,https://www.findmyisland.com/islands/ireland/aughinish/,301,FALSE,FALSE,FALSE,FALSE
https://www.findmyisland.com/profiles/osm-relation-17748758.html,https://www.findmyisland.com/islands/scotland/auskerry/,301,FALSE,FALSE,FALSE,FALSE
https://www.findmyisland.com/?island=osm-relation-17748758,https://www.findmyisland.com/islands/scotland/auskerry/,301,FALSE,FALSE,FALSE,FALSE
https://www.findmyisland.com/profiles/osm-way-1443032875.html,https://www.findmyisland.com/islands/crown-dependencies/avocat/,301,FALSE,FALSE,FALSE,FALSE
https://www.findmyisland.com/?island=osm-way-1443032875,https://www.findmyisland.com/islands/crown-dependencies/avocat/,301,FALSE,FALSE,FALSE,FALSE
https://www.findmyisland.com/profiles/osm-way-251595955.html,https://www.findmyisland.com/islands/ireland/avough-island/,301,FALSE,FALSE,FALSE,FALSE
https://www.findmyisland.com/?island=osm-way-251595955,https://www.findmyisland.com/islands/ireland/avough-island/,301,FALSE,FALSE,FALSE,FALSE
https://www.findmyisland.com/profiles/wd-Q24644002.html,https://www.findmyisland.com/islands/scotland/baa-gruna/,301,FALSE,FALSE,FALSE,FALSE
https://www.findmyisland.com/?island=wd-Q24644002,https://www.findmyisland.com/islands/scotland/baa-gruna/,301,FALSE,FALSE,FALSE,FALSE
https://www.findmyisland.com/profiles/osm-way-118953481.html,https://www.findmyisland.com/islands/scotland/baa-holm/,301,FALSE,FALSE,FALSE,FALSE
https://www.findmyisland.com/?island=osm-way-118953481,https://www.findmyisland.com/islands/scotland/baa-holm/,301,FALSE,FALSE,FALSE,FALSE
https://www.findmyisland.com/profiles/wd-Q24641428.html,https://www.findmyisland.com/islands/scotland/baa-of-hascosay/,301,FALSE,FALSE,FALSE,FALSE
https://www.findmyisland.com/?island=wd-Q24641428,https://www.findmyisland.com/islands/scotland/baa-of-hascosay/,301,FALSE,FALSE,FALSE,FALSE
https://www.findmyisland.com/profiles/wd-Q24638982.html,https://www.findmyisland.com/islands/scotland/baa-of-oxafirth/,301,FALSE,FALSE,FALSE,FALSE
https://www.findmyisland.com/?island=wd-Q24638982,https://www.findmyisland.com/islands/scotland/baa-of-oxafirth/,301,FALSE,FALSE,FALSE,FALSE
https://www.findmyisland.com/profiles/wd-Q24636700.html,https://www.findmyisland.com/islands/scotland/baa-of-wether-holm/,301,FALSE,FALSE,FALSE,FALSE
https://www.findmyisland.com/?island=wd-Q24636700,https://www.findmyisland.com/islands/scotland/baa-of-wether-holm/,301,FALSE,FALSE,FALSE,FALSE
https://www.findmyisland.com/profiles/wd-Q24641373.html,https://www.findmyisland.com/islands/scotland/baas-of-hagdale/,301,FALSE,FALSE,FALSE,FALSE
https://www.findmyisland.com/?island=wd-Q24641373,https://www.findmyisland.com/islands/scotland/baas-of-hagdale/,301,FALSE,FALSE,FALSE,FALSE
https://www.findmyisland.com/profiles/wd-Q24640627.html,https://www.findmyisland.com/islands/scotland/baas-of-linton/,301,FALSE,FALSE,FALSE,FALSE
https://www.findmyisland.com/?island=wd-Q24640627,https://www.findmyisland.com/islands/scotland/baas-of-linton/,301,FALSE,FALSE,FALSE,FALSE
https://www.findmyisland.com/profiles/wd-Q24638069.html,https://www.findmyisland.com/islands/scotland/baas-of-trevan/,301,FALSE,FALSE,FALSE,FALSE
https://www.findmyisland.com/?island=wd-Q24638069,https://www.findmyisland.com/islands/scotland/baas-of-trevan/,301,FALSE,FALSE,FALSE,FALSE
https://www.findmyisland.com/profiles/osm-way-189081978.html,https://www.findmyisland.com/islands/england/baboons/,301,FALSE,FALSE,FALSE,FALSE
https://www.findmyisland.com/?island=osm-way-189081978,https://www.findmyisland.com/islands/england/baboons/,301,FALSE,FALSE,FALSE,FALSE
https://www.findmyisland.com/profiles/osm-way-4009575.html,https://www.findmyisland.com/islands/scotland/bac-beag/,301,FALSE,FALSE,FALSE,FALSE
https://www.findmyisland.com/?island=osm-way-4009575,https://www.findmyisland.com/islands/scotland/bac-beag/,301,FALSE,FALSE,FALSE,FALSE
https://www.findmyisland.com/profiles/osm-way-201931981.html,https://www.findmyisland.com/islands/scotland/bach-island/,301,FALSE,FALSE,FALSE,FALSE
https://www.findmyisland.com/?island=osm-way-201931981,https://www.findmyisland.com/islands/scotland/bach-island/,301,FALSE,FALSE,FALSE,FALSE
https://www.findmyisland.com/profiles/osm-way-202176591.html,https://www.findmyisland.com/islands/scotland/baden-tomain/,301,FALSE,FALSE,FALSE,FALSE
https://www.findmyisland.com/?island=osm-way-202176591,https://www.findmyisland.com/islands/scotland/baden-tomain/,301,FALSE,FALSE,FALSE,FALSE
https://www.findmyisland.com/profiles/osm-relation-18386926.html,https://www.findmyisland.com/islands/scotland/baglholmur/,301,FALSE,FALSE,FALSE,FALSE
https://www.findmyisland.com/?island=osm-relation-18386926,https://www.findmyisland.com/islands/scotland/baglholmur/,301,FALSE,FALSE,FALSE,FALSE
https://www.findmyisland.com/profiles/osm-relation-15638555.html,https://www.findmyisland.com/islands/england/bakers-island/,301,FALSE,FALSE,FALSE,FALSE
https://www.findmyisland.com/?island=osm-relation-15638555,https://www.findmyisland.com/islands/england/bakers-island/,301,FALSE,FALSE,FALSE,FALSE
https://www.findmyisland.com/profiles/wd-Q24658713.html,https://www.findmyisland.com/islands/scotland/balbithan-island/,301,FALSE,FALSE,FALSE,FALSE
https://www.findmyisland.com/?island=wd-Q24658713,https://www.findmyisland.com/islands/scotland/balbithan-island/,301,FALSE,FALSE,FALSE,FALSE
https://www.findmyisland.com/profiles/osm-way-1443027185.html,https://www.findmyisland.com/islands/crown-dependencies/baleine/,301,FALSE,FALSE,FALSE,FALSE
https://www.findmyisland.com/?island=osm-way-1443027185,https://www.findmyisland.com/islands/crown-dependencies/baleine/,301,FALSE,FALSE,FALSE,FALSE
https://www.findmyisland.com/profiles/wd-Q27118686.html,https://www.findmyisland.com/islands/crown-dependencies/baleine-wd-q27118686/,301,FALSE,FALSE,FALSE,FALSE
https://www.findmyisland.com/?island=wd-Q27118686,https://www.findmyisland.com/islands/crown-dependencies/baleine-wd-q27118686/,301,FALSE,FALSE,FALSE,FALSE
https://www.findmyisland.com/profiles/osm-relation-13146202.html,https://www.findmyisland.com/islands/scotland/baleshare/,301,FALSE,FALSE,FALSE,FALSE
https://www.findmyisland.com/?island=osm-relation-13146202,https://www.findmyisland.com/islands/scotland/baleshare/,301,FALSE,FALSE,FALSE,FALSE
https://www.findmyisland.com/profiles/wd-Q116875402.html,https://www.findmyisland.com/islands/scotland/balhepburn-island/,301,FALSE,FALSE,FALSE,FALSE
https://www.findmyisland.com/?island=wd-Q116875402,https://www.findmyisland.com/islands/scotland/balhepburn-island/,301,FALSE,FALSE,FALSE,FALSE
https://www.findmyisland.com/profiles/osm-way-163596695.html,https://www.findmyisland.com/islands/ireland/ballaghanea-island/,301,FALSE,FALSE,FALSE,FALSE
https://www.findmyisland.com/?island=osm-way-163596695,https://www.findmyisland.com/islands/ireland/ballaghanea-island/,301,FALSE,FALSE,FALSE,FALSE
https://www.findmyisland.com/profiles/osm-way-163596697.html,https://www.findmyisland.com/islands/ireland/ballaghanea-island-south/,301,FALSE,FALSE,FALSE,FALSE
https://www.findmyisland.com/?island=osm-way-163596697,https://www.findmyisland.com/islands/ireland/ballaghanea-island-south/,301,FALSE,FALSE,FALSE,FALSE
https://www.findmyisland.com/profiles/osm-way-87471889.html,https://www.findmyisland.com/islands/ireland/ballast-bank/,301,FALSE,FALSE,FALSE,FALSE
https://www.findmyisland.com/?island=osm-way-87471889,https://www.findmyisland.com/islands/ireland/ballast-bank/,301,FALSE,FALSE,FALSE,FALSE
https://www.findmyisland.com/profiles/osm-way-66473932.html,https://www.findmyisland.com/islands/england/ballast-hill/,301,FALSE,FALSE,FALSE,FALSE
https://www.findmyisland.com/?island=osm-way-66473932,https://www.findmyisland.com/islands/england/ballast-hill/,301,FALSE,FALSE,FALSE,FALSE
https://www.findmyisland.com/profiles/osm-way-345094290.html,https://www.findmyisland.com/islands/ireland/ballaun-rock/,301,FALSE,FALSE,FALSE,FALSE
https://www.findmyisland.com/?island=osm-way-345094290,https://www.findmyisland.com/islands/ireland/ballaun-rock/,301,FALSE,FALSE,FALSE,FALSE
https://www.findmyisland.com/profiles/osm-way-1315205142.html,https://www.findmyisland.com/islands/ireland/ballinafad-island/,301,FALSE,FALSE,FALSE,FALSE
https://www.findmyisland.com/?island=osm-way-1315205142,https://www.findmyisland.com/islands/ireland/ballinafad-island/,301,FALSE,FALSE,FALSE,FALSE
https://www.findmyisland.com/profiles/wd-Q1138911.html,https://www.findmyisland.com/islands/ireland/ballinderry-crannog-no-1/,301,FALSE,FALSE,FALSE,FALSE
https://www.findmyisland.com/?island=wd-Q1138911,https://www.findmyisland.com/islands/ireland/ballinderry-crannog-no-1/,301,FALSE,FALSE,FALSE,FALSE
https://www.findmyisland.com/profiles/wd-Q26718287.html,https://www.findmyisland.com/islands/ireland/ballingarry-island/,301,FALSE,FALSE,FALSE,FALSE
https://www.findmyisland.com/?island=wd-Q26718287,https://www.findmyisland.com/islands/ireland/ballingarry-island/,301,FALSE,FALSE,FALSE,FALSE
https://www.findmyisland.com/profiles/osm-way-227632153.html,https://www.findmyisland.com/islands/england/ballsaddle-rock/,301,FALSE,FALSE,FALSE,FALSE
https://www.findmyisland.com/?island=osm-way-227632153,https://www.findmyisland.com/islands/england/ballsaddle-rock/,301,FALSE,FALSE,FALSE,FALSE
https://www.findmyisland.com/profiles/osm-way-4562066.html,https://www.findmyisland.com/islands/ireland/ballybeg-island/,301,FALSE,FALSE,FALSE,FALSE
https://www.findmyisland.com/?island=osm-way-4562066,https://www.findmyisland.com/islands/ireland/ballybeg-island/,301,FALSE,FALSE,FALSE,FALSE
https://www.findmyisland.com/profiles/osm-way-4559909.html,https://www.findmyisland.com/islands/northern-ireland/ballyboyle-island/,301,FALSE,FALSE,FALSE,FALSE
https://www.findmyisland.com/?island=osm-way-4559909,https://www.findmyisland.com/islands/northern-ireland/ballyboyle-island/,301,FALSE,FALSE,FALSE,FALSE
https://www.findmyisland.com/profiles/osm-way-179614727.html,https://www.findmyisland.com/islands/ireland/ballycally-island/,301,FALSE,FALSE,FALSE,FALSE
https://www.findmyisland.com/?island=osm-way-179614727,https://www.findmyisland.com/islands/ireland/ballycally-island/,301,FALSE,FALSE,FALSE,FALSE
https://www.findmyisland.com/profiles/osm-relation-6810815.html,https://www.findmyisland.com/islands/ireland/ballyclare-island/,301,FALSE,FALSE,FALSE,FALSE
https://www.findmyisland.com/?island=osm-relation-6810815,https://www.findmyisland.com/islands/ireland/ballyclare-island/,301,FALSE,FALSE,FALSE,FALSE
https://www.findmyisland.com/profiles/osm-way-1172206096.html,https://www.findmyisland.com/islands/ireland/ballyconry-island/,301,FALSE,FALSE,FALSE,FALSE
https://www.findmyisland.com/?island=osm-way-1172206096,https://www.findmyisland.com/islands/ireland/ballyconry-island/,301,FALSE,FALSE,FALSE,FALSE
https://www.findmyisland.com/profiles/osm-way-4564248.html,https://www.findmyisland.com/islands/ireland/ballycotton-island/,301,FALSE,FALSE,FALSE,FALSE
https://www.findmyisland.com/?island=osm-way-4564248,https://www.findmyisland.com/islands/ireland/ballycotton-island/,301,FALSE,FALSE,FALSE,FALSE
https://www.findmyisland.com/profiles/osm-way-168634995.html,https://www.findmyisland.com/islands/ireland/ballycotton-island-small/,301,FALSE,FALSE,FALSE,FALSE
https://www.findmyisland.com/?island=osm-way-168634995,https://www.findmyisland.com/islands/ireland/ballycotton-island-small/,301,FALSE,FALSE,FALSE,FALSE
https://www.findmyisland.com/profiles/osm-way-4557183.html,https://www.findmyisland.com/islands/northern-ireland/ballyhenry-island/,301,FALSE,FALSE,FALSE,FALSE
https://www.findmyisland.com/?island=osm-way-4557183,https://www.findmyisland.com/islands/northern-ireland/ballyhenry-island/,301,FALSE,FALSE,FALSE,FALSE
https://www.findmyisland.com/profiles/osm-relation-11587635.html,https://www.findmyisland.com/islands/ireland/ballymacegan-island/,301,FALSE,FALSE,FALSE,FALSE
https://www.findmyisland.com/?island=osm-relation-11587635,https://www.findmyisland.com/islands/ireland/ballymacegan-island/,301,FALSE,FALSE,FALSE,FALSE
https://www.findmyisland.com/profiles/osm-relation-3998532.html,https://www.findmyisland.com/islands/northern-ireland/ballymagaghran-island/,301,FALSE,FALSE,FALSE,FALSE
https://www.findmyisland.com/?island=osm-relation-3998532,https://www.findmyisland.com/islands/northern-ireland/ballymagaghran-island/,301,FALSE,FALSE,FALSE,FALSE
https://www.findmyisland.com/profiles/osm-way-1443027186.html,https://www.findmyisland.com/islands/crown-dependencies/balmee/,301,FALSE,FALSE,FALSE,FALSE
https://www.findmyisland.com/?island=osm-way-1443027186,https://www.findmyisland.com/islands/crown-dependencies/balmee/,301,FALSE,FALSE,FALSE,FALSE
https://www.findmyisland.com/profiles/osm-relation-12659288.html,https://www.findmyisland.com/islands/scotland/balta/,301,FALSE,FALSE,FALSE,FALSE
https://www.findmyisland.com/?island=osm-relation-12659288,https://www.findmyisland.com/islands/scotland/balta/,301,FALSE,FALSE,FALSE,FALSE
https://www.findmyisland.com/profiles/osm-way-127567886.html,https://www.findmyisland.com/islands/scotland/ban-eileanan/,301,FALSE,FALSE,FALSE,FALSE
https://www.findmyisland.com/?island=osm-way-127567886,https://www.findmyisland.com/islands/scotland/ban-eileanan/,301,FALSE,FALSE,FALSE,FALSE
https://www.findmyisland.com/profiles/osm-way-1448617053.html,https://www.findmyisland.com/islands/scotland/banadruim/,301,FALSE,FALSE,FALSE,FALSE
https://www.findmyisland.com/?island=osm-way-1448617053,https://www.findmyisland.com/islands/scotland/banadruim/,301,FALSE,FALSE,FALSE,FALSE
https://www.findmyisland.com/profiles/wd-Q27118660.html,https://www.findmyisland.com/islands/crown-dependencies/banc-de-saint-brelade/,301,FALSE,FALSE,FALSE,FALSE
https://www.findmyisland.com/?island=wd-Q27118660,https://www.findmyisland.com/islands/crown-dependencies/banc-de-saint-brelade/,301,FALSE,FALSE,FALSE,FALSE
https://www.findmyisland.com/profiles/wd-Q27118667.html,https://www.findmyisland.com/islands/crown-dependencies/banc-le-fret/,301,FALSE,FALSE,FALSE,FALSE
https://www.findmyisland.com/?island=wd-Q27118667,https://www.findmyisland.com/islands/crown-dependencies/banc-le-fret/,301,FALSE,FALSE,FALSE,FALSE
https://www.findmyisland.com/profiles/osm-way-184799645.html,https://www.findmyisland.com/islands/england/bank-island-main-lake/,301,FALSE,FALSE,FALSE,FALSE
https://www.findmyisland.com/?island=osm-way-184799645,https://www.findmyisland.com/islands/england/bank-island-main-lake/,301,FALSE,FALSE,FALSE,FALSE
https://www.findmyisland.com/profiles/osm-way-1303356919.html,https://www.findmyisland.com/islands/england/bank-island/,301,FALSE,FALSE,FALSE,FALSE
https://www.findmyisland.com/?island=osm-way-1303356919,https://www.findmyisland.com/islands/england/bank-island/,301,FALSE,FALSE,FALSE,FALSE
https://www.findmyisland.com/profiles/wd-Q26717951.html,https://www.findmyisland.com/islands/ireland/bankboy/,301,FALSE,FALSE,FALSE,FALSE
https://www.findmyisland.com/?island=wd-Q26717951,https://www.findmyisland.com/islands/ireland/bankboy/,301,FALSE,FALSE,FALSE,FALSE
https://www.findmyisland.com/profiles/wd-Q24656394.html,https://www.findmyisland.com/islands/england/bann-shoal/,301,FALSE,FALSE,FALSE,FALSE
https://www.findmyisland.com/?island=wd-Q24656394,https://www.findmyisland.com/islands/england/bann-shoal/,301,FALSE,FALSE,FALSE,FALSE
https://www.findmyisland.com/profiles/wd-Q26716369.html,https://www.findmyisland.com/islands/ireland/bannow-island/,301,FALSE,FALSE,FALSE,FALSE
https://www.findmyisland.com/?island=wd-Q26716369,https://www.findmyisland.com/islands/ireland/bannow-island/,301,FALSE,FALSE,FALSE,FALSE
https://www.findmyisland.com/profiles/wd-Q104256098.html,https://www.findmyisland.com/islands/ireland/banragh-island/,301,FALSE,FALSE,FALSE,FALSE
https://www.findmyisland.com/?island=wd-Q104256098,https://www.findmyisland.com/islands/ireland/banragh-island/,301,FALSE,FALSE,FALSE,FALSE
https://www.findmyisland.com/profiles/wd-Q26717834.html,https://www.findmyisland.com/islands/ireland/bar-of-aran/,301,FALSE,FALSE,FALSE,FALSE
https://www.findmyisland.com/?island=wd-Q26717834,https://www.findmyisland.com/islands/ireland/bar-of-aran/,301,FALSE,FALSE,FALSE,FALSE
https://www.findmyisland.com/profiles/osm-relation-6046655.html,https://www.findmyisland.com/islands/wales/bardsey-island/,301,FALSE,FALSE,FALSE,FALSE
https://www.findmyisland.com/?island=osm-relation-6046655,https://www.findmyisland.com/islands/wales/bardsey-island/,301,FALSE,FALSE,FALSE,FALSE
https://www.findmyisland.com/profiles/osm-way-4564359.html,https://www.findmyisland.com/islands/ireland/bark-island/,301,FALSE,FALSE,FALSE,FALSE
https://www.findmyisland.com/?island=osm-way-4564359,https://www.findmyisland.com/islands/ireland/bark-island/,301,FALSE,FALSE,FALSE,FALSE
https://www.findmyisland.com/profiles/wd-Q24656408.html,https://www.findmyisland.com/islands/northern-ireland/barkley-rocks/,301,FALSE,FALSE,FALSE,FALSE
https://www.findmyisland.com/?island=wd-Q24656408,https://www.findmyisland.com/islands/northern-ireland/barkley-rocks/,301,FALSE,FALSE,FALSE,FALSE
https://www.findmyisland.com/profiles/osm-way-867191687.html,https://www.findmyisland.com/islands/scotland/barlcudda/,301,FALSE,FALSE,FALSE,FALSE
https://www.findmyisland.com/?island=osm-way-867191687,https://www.findmyisland.com/islands/scotland/barlcudda/,301,FALSE,FALSE,FALSE,FALSE
https://www.findmyisland.com/profiles/osm-relation-15750033.html,https://www.findmyisland.com/islands/scotland/barlocco-isle/,301,FALSE,FALSE,FALSE,FALSE
https://www.findmyisland.com/?island=osm-relation-15750033,https://www.findmyisland.com/islands/scotland/barlocco-isle/,301,FALSE,FALSE,FALSE,FALSE
https://www.findmyisland.com/profiles/osm-way-4011760.html,https://www.findmyisland.com/islands/scotland/barnacle-rock/,301,FALSE,FALSE,FALSE,FALSE
https://www.findmyisland.com/?island=osm-way-4011760,https://www.findmyisland.com/islands/scotland/barnacle-rock/,301,FALSE,FALSE,FALSE,FALSE
https://www.findmyisland.com/profiles/wd-Q24656415.html,https://www.findmyisland.com/islands/england/barnard/,301,FALSE,FALSE,FALSE,FALSE
https://www.findmyisland.com/?island=wd-Q24656415,https://www.findmyisland.com/islands/england/barnard/,301,FALSE,FALSE,FALSE,FALSE
https://www.findmyisland.com/profiles/wd-Q24656421.html,https://www.findmyisland.com/islands/scotland/barnyard-reef/,301,FALSE,FALSE,FALSE,FALSE
https://www.findmyisland.com/?island=wd-Q24656421,https://www.findmyisland.com/islands/scotland/barnyard-reef/,301,FALSE,FALSE,FALSE,FALSE
https://www.findmyisland.com/profiles/baron-w277313678.html,https://www.findmyisland.com/islands/scotland/baron-w277313678/,301,FALSE,FALSE,FALSE,FALSE
https://www.findmyisland.com/?island=baron-w277313678,https://www.findmyisland.com/islands/scotland/baron-w277313678/,301,FALSE,FALSE,FALSE,FALSE
https://www.findmyisland.com/profiles/osm-way-191450489.html,https://www.findmyisland.com/islands/northern-ireland/barons-island/,301,FALSE,FALSE,FALSE,FALSE
https://www.findmyisland.com/?island=osm-way-191450489,https://www.findmyisland.com/islands/northern-ireland/barons-island/,301,FALSE,FALSE,FALSE,FALSE
https://www.findmyisland.com/profiles/osm-relation-380646.html,https://www.findmyisland.com/islands/scotland/barra/,301,FALSE,FALSE,FALSE,FALSE
https://www.findmyisland.com/?island=osm-relation-380646,https://www.findmyisland.com/islands/scotland/barra/,301,FALSE,FALSE,FALSE,FALSE
https://www.findmyisland.com/profiles/osm-way-1303347106.html,https://www.findmyisland.com/islands/ireland/barrack-island/,301,FALSE,FALSE,FALSE,FALSE
https://www.findmyisland.com/?island=osm-way-1303347106,https://www.findmyisland.com/islands/ireland/barrack-island/,301,FALSE,FALSE,FALSE,FALSE
https://www.findmyisland.com/profiles/osm-way-4561135.html,https://www.findmyisland.com/islands/ireland/barranagh-island/,301,FALSE,FALSE,FALSE,FALSE
https://www.findmyisland.com/?island=osm-way-4561135,https://www.findmyisland.com/islands/ireland/barranagh-island/,301,FALSE,FALSE,FALSE,FALSE
https://www.findmyisland.com/profiles/osm-way-4569283.html,https://www.findmyisland.com/islands/scotland/barrel-of-butter/,301,FALSE,FALSE,FALSE,FALSE
https://www.findmyisland.com/?island=osm-way-4569283,https://www.findmyisland.com/islands/scotland/barrel-of-butter/,301,FALSE,FALSE,FALSE,FALSE
https://www.findmyisland.com/profiles/osm-relation-17249602.html,https://www.findmyisland.com/islands/ireland/barrel-rock/,301,FALSE,FALSE,FALSE,FALSE
https://www.findmyisland.com/?island=osm-relation-17249602,https://www.findmyisland.com/islands/ireland/barrel-rock/,301,FALSE,FALSE,FALSE,FALSE
https://www.findmyisland.com/profiles/wd-Q24657075.html,https://www.findmyisland.com/islands/ireland/barrels/,301,FALSE,FALSE,FALSE,FALSE
https://www.findmyisland.com/?island=wd-Q24657075,https://www.findmyisland.com/islands/ireland/barrels/,301,FALSE,FALSE,FALSE,FALSE
https://www.findmyisland.com/profiles/osm-way-111036490.html,https://www.findmyisland.com/islands/england/barry-avenue-island/,301,FALSE,FALSE,FALSE,FALSE
https://www.findmyisland.com/?island=osm-way-111036490,https://www.findmyisland.com/islands/england/barry-avenue-island/,301,FALSE,FALSE,FALSE,FALSE
https://www.findmyisland.com/profiles/osm-way-111748608.html,https://www.findmyisland.com/islands/england/barry-island/,301,FALSE,FALSE,FALSE,FALSE
https://www.findmyisland.com/?island=osm-way-111748608,https://www.findmyisland.com/islands/england/barry-island/,301,FALSE,FALSE,FALSE,FALSE
https://www.findmyisland.com/profiles/wd-Q1770146.html,https://www.findmyisland.com/islands/wales/barry-island/,301,FALSE,FALSE,FALSE,FALSE
https://www.findmyisland.com/?island=wd-Q1770146,https://www.findmyisland.com/islands/wales/barry-island/,301,FALSE,FALSE,FALSE,FALSE
https://www.findmyisland.com/profiles/osm-way-27471686.html,https://www.findmyisland.com/islands/england/barton-island/,301,FALSE,FALSE,FALSE,FALSE
https://www.findmyisland.com/?island=osm-way-27471686,https://www.findmyisland.com/islands/england/barton-island/,301,FALSE,FALSE,FALSE,FALSE
https://www.findmyisland.com/profiles/barton-locks-w138572261.html,https://www.findmyisland.com/islands/england/barton-locks-w138572261/,301,FALSE,FALSE,FALSE,FALSE
https://www.findmyisland.com/?island=barton-locks-w138572261,https://www.findmyisland.com/islands/england/barton-locks-w138572261/,301,FALSE,FALSE,FALSE,FALSE
https://www.findmyisland.com/profiles/barton-locks-w230531722.html,https://www.findmyisland.com/islands/england/barton-locks-w230531722/,301,FALSE,FALSE,FALSE,FALSE
https://www.findmyisland.com/?island=barton-locks-w230531722,https://www.findmyisland.com/islands/england/barton-locks-w230531722/,301,FALSE,FALSE,FALSE,FALSE
https://www.findmyisland.com/profiles/osm-relation-2607964.html,https://www.findmyisland.com/islands/ireland/bartragh-island/,301,FALSE,FALSE,FALSE,FALSE
https://www.findmyisland.com/?island=osm-relation-2607964,https://www.findmyisland.com/islands/ireland/bartragh-island/,301,FALSE,FALSE,FALSE,FALSE
https://www.findmyisland.com/profiles/osm-way-266684529.html,https://www.findmyisland.com/islands/ireland/bartragh-island-lough-corrib/,301,FALSE,FALSE,FALSE,FALSE
https://www.findmyisland.com/?island=osm-way-266684529,https://www.findmyisland.com/islands/ireland/bartragh-island-lough-corrib/,301,FALSE,FALSE,FALSE,FALSE
https://www.findmyisland.com/profiles/osm-way-3469292.html,https://www.findmyisland.com/islands/scotland/bass-rock/,301,FALSE,FALSE,FALSE,FALSE
https://www.findmyisland.com/?island=osm-way-3469292,https://www.findmyisland.com/islands/scotland/bass-rock/,301,FALSE,FALSE,FALSE,FALSE
https://www.findmyisland.com/profiles/osm-way-1283255879.html,https://www.findmyisland.com/islands/england/bass-rock/,301,FALSE,FALSE,FALSE,FALSE
https://www.findmyisland.com/?island=osm-way-1283255879,https://www.findmyisland.com/islands/england/bass-rock/,301,FALSE,FALSE,FALSE,FALSE
https://www.findmyisland.com/profiles/basteirs-tooth.html,https://www.findmyisland.com/islands/scotland/basteirs-tooth/,301,FALSE,FALSE,FALSE,FALSE
https://www.findmyisland.com/?island=basteirs-tooth,https://www.findmyisland.com/islands/scotland/basteirs-tooth/,301,FALSE,FALSE,FALSE,FALSE
https://www.findmyisland.com/profiles/wd-Q24656441.html,https://www.findmyisland.com/islands/wales/bastram-shoal/,301,FALSE,FALSE,FALSE,FALSE
https://www.findmyisland.com/?island=wd-Q24656441,https://www.findmyisland.com/islands/wales/bastram-shoal/,301,FALSE,FALSE,FALSE,FALSE
https://www.findmyisland.com/profiles/osm-way-91403177.html,https://www.findmyisland.com/islands/england/bathing-island/,301,FALSE,FALSE,FALSE,FALSE
https://www.findmyisland.com/?island=osm-way-91403177,https://www.findmyisland.com/islands/england/bathing-island/,301,FALSE,FALSE,FALSE,FALSE
https://www.findmyisland.com/profiles/osm-way-48096183.html,https://www.findmyisland.com/islands/england/baths-island/,301,FALSE,FALSE,FALSE,FALSE
https://www.findmyisland.com/?island=osm-way-48096183,https://www.findmyisland.com/islands/england/baths-island/,301,FALSE,FALSE,FALSE,FALSE
https://www.findmyisland.com/profiles/osm-way-1414678333.html,https://www.findmyisland.com/islands/england/batt-island/,301,FALSE,FALSE,FALSE,FALSE
https://www.findmyisland.com/?island=osm-way-1414678333,https://www.findmyisland.com/islands/england/batt-island/,301,FALSE,FALSE,FALSE,FALSE
https://www.findmyisland.com/profiles/osm-way-193645875.html,https://www.findmyisland.com/islands/ireland/baunrosbeg/,301,FALSE,FALSE,FALSE,FALSE
https://www.findmyisland.com/?island=osm-way-193645875,https://www.findmyisland.com/islands/ireland/baunrosbeg/,301,FALSE,FALSE,FALSE,FALSE
https://www.findmyisland.com/profiles/osm-way-193645876.html,https://www.findmyisland.com/islands/ireland/baunrosmore/,301,FALSE,FALSE,FALSE,FALSE
https://www.findmyisland.com/?island=osm-way-193645876,https://www.findmyisland.com/islands/ireland/baunrosmore/,301,FALSE,FALSE,FALSE,FALSE
https://www.findmyisland.com/profiles/osm-relation-8281314.html,https://www.findmyisland.com/islands/england/bavins-gulls/,301,FALSE,FALSE,FALSE,FALSE
https://www.findmyisland.com/?island=osm-relation-8281314,https://www.findmyisland.com/islands/england/bavins-gulls/,301,FALSE,FALSE,FALSE,FALSE
https://www.findmyisland.com/profiles/wd-Q24656446.html,https://www.findmyisland.com/islands/england/bawd-head/,301,FALSE,FALSE,FALSE,FALSE
https://www.findmyisland.com/?island=wd-Q24656446,https://www.findmyisland.com/islands/england/bawd-head/,301,FALSE,FALSE,FALSE,FALSE
https://www.findmyisland.com/profiles/osm-node-12177869998.html,https://www.findmyisland.com/islands/england/bawden-rocks-calf/,301,FALSE,FALSE,FALSE,FALSE
https://www.findmyisland.com/?island=osm-node-12177869998,https://www.findmyisland.com/islands/england/bawden-rocks-calf/,301,FALSE,FALSE,FALSE,FALSE
https://www.findmyisland.com/profiles/wd-Q24656447.html,https://www.findmyisland.com/islands/england/bawdsey-bank/,301,FALSE,FALSE,FALSE,FALSE
https://www.findmyisland.com/?island=wd-Q24656447,https://www.findmyisland.com/islands/england/bawdsey-bank/,301,FALSE,FALSE,FALSE,FALSE
https://www.findmyisland.com/profiles/osm-way-1112111235.html,https://www.findmyisland.com/islands/ireland/bawn-island/,301,FALSE,FALSE,FALSE,FALSE
https://www.findmyisland.com/?island=osm-way-1112111235,https://www.findmyisland.com/islands/ireland/bawn-island/,301,FALSE,FALSE,FALSE,FALSE
https://www.findmyisland.com/profiles/osm-relation-14226893.html,https://www.findmyisland.com/islands/scotland/bayble-island/,301,FALSE,FALSE,FALSE,FALSE
https://www.findmyisland.com/?island=osm-relation-14226893,https://www.findmyisland.com/islands/scotland/bayble-island/,301,FALSE,FALSE,FALSE,FALSE
https://www.findmyisland.com/profiles/osm-way-552823379.html,https://www.findmyisland.com/islands/ireland/beacon/,301,FALSE,FALSE,FALSE,FALSE
https://www.findmyisland.com/?island=osm-way-552823379,https://www.findmyisland.com/islands/ireland/beacon/,301,FALSE,FALSE,FALSE,FALSE
https://www.findmyisland.com/profiles/osm-way-1384404508.html,https://www.findmyisland.com/islands/scotland/beacon-rock/,301,FALSE,FALSE,FALSE,FALSE
https://www.findmyisland.com/?island=osm-way-1384404508,https://www.findmyisland.com/islands/scotland/beacon-rock/,301,FALSE,FALSE,FALSE,FALSE
https://www.findmyisland.com/profiles/beagh-island-w344100100.html,https://www.findmyisland.com/islands/ireland/beagh-island-w344100100/,301,FALSE,FALSE,FALSE,FALSE
https://www.findmyisland.com/?island=beagh-island-w344100100,https://www.findmyisland.com/islands/ireland/beagh-island-w344100100/,301,FALSE,FALSE,FALSE,FALSE
https://www.findmyisland.com/profiles/osm-way-4562822.html,https://www.findmyisland.com/islands/ireland/beahy-island/,301,FALSE,FALSE,FALSE,FALSE
https://www.findmyisland.com/?island=osm-way-4562822,https://www.findmyisland.com/islands/ireland/beahy-island/,301,FALSE,FALSE,FALSE,FALSE
https://www.findmyisland.com/profiles/osm-way-249298038.html,https://www.findmyisland.com/islands/ireland/beahy-north/,301,FALSE,FALSE,FALSE,FALSE
https://www.findmyisland.com/?island=osm-way-249298038,https://www.findmyisland.com/islands/ireland/beahy-north/,301,FALSE,FALSE,FALSE,FALSE
https://www.findmyisland.com/profiles/osm-way-1435994541.html,https://www.findmyisland.com/islands/england/beal-island/,301,FALSE,FALSE,FALSE,FALSE
https://www.findmyisland.com/?island=osm-way-1435994541,https://www.findmyisland.com/islands/england/beal-island/,301,FALSE,FALSE,FALSE,FALSE
https://www.findmyisland.com/profiles/osm-way-119929398.html,https://www.findmyisland.com/islands/ireland/beam-island/,301,FALSE,FALSE,FALSE,FALSE
https://www.findmyisland.com/?island=osm-way-119929398,https://www.findmyisland.com/islands/ireland/beam-island/,301,FALSE,FALSE,FALSE,FALSE
https://www.findmyisland.com/profiles/osm-way-159968388.html,https://www.findmyisland.com/islands/scotland/beamer-rock/,301,FALSE,FALSE,FALSE,FALSE
https://www.findmyisland.com/?island=osm-way-159968388,https://www.findmyisland.com/islands/scotland/beamer-rock/,301,FALSE,FALSE,FALSE,FALSE
https://www.findmyisland.com/profiles/osm-way-851549873.html,https://www.findmyisland.com/islands/scotland/bean-an-taighe/,301,FALSE,FALSE,FALSE,FALSE
https://www.findmyisland.com/?island=osm-way-851549873,https://www.findmyisland.com/islands/scotland/bean-an-taighe/,301,FALSE,FALSE,FALSE,FALSE
https://www.findmyisland.com/profiles/osm-way-512076624.html,https://www.findmyisland.com/islands/england/beanlands-island/,301,FALSE,FALSE,FALSE,FALSE
https://www.findmyisland.com/?island=osm-way-512076624,https://www.findmyisland.com/islands/england/beanlands-island/,301,FALSE,FALSE,FALSE,FALSE
https://www.findmyisland.com/profiles/osm-relation-13603299.html,https://www.findmyisland.com/islands/ireland/beara-rocks/,301,FALSE,FALSE,FALSE,FALSE
https://www.findmyisland.com/?island=osm-relation-13603299,https://www.findmyisland.com/islands/ireland/beara-rocks/,301,FALSE,FALSE,FALSE,FALSE
https://www.findmyisland.com/profiles/osm-way-1021766981.html,https://www.findmyisland.com/islands/scotland/bearasay/,301,FALSE,FALSE,FALSE,FALSE
https://www.findmyisland.com/?island=osm-way-1021766981,https://www.findmyisland.com/islands/scotland/bearasay/,301,FALSE,FALSE,FALSE,FALSE
https://www.findmyisland.com/profiles/osm-way-1497034286.html,https://www.findmyisland.com/islands/northern-ireland/beardy-rocks/,301,FALSE,FALSE,FALSE,FALSE
https://www.findmyisland.com/?island=osm-way-1497034286,https://www.findmyisland.com/islands/northern-ireland/beardy-rocks/,301,FALSE,FALSE,FALSE,FALSE
https://www.findmyisland.com/profiles/wd-Q24657162.html,https://www.findmyisland.com/islands/scotland/beckfoot/,301,FALSE,FALSE,FALSE,FALSE
https://www.findmyisland.com/?island=wd-Q24657162,https://www.findmyisland.com/islands/scotland/beckfoot/,301,FALSE,FALSE,FALSE,FALSE
https://www.findmyisland.com/profiles/osm-way-708452086.html,https://www.findmyisland.com/islands/england/bee-holme/,301,FALSE,FALSE,FALSE,FALSE
https://www.findmyisland.com/?island=osm-way-708452086,https://www.findmyisland.com/islands/england/bee-holme/,301,FALSE,FALSE,FALSE,FALSE
https://www.findmyisland.com/profiles/osm-way-4561972.html,https://www.findmyisland.com/islands/ireland/beetle-island/,301,FALSE,FALSE,FALSE,FALSE
https://www.findmyisland.com/?island=osm-way-4561972,https://www.findmyisland.com/islands/ireland/beetle-island/,301,FALSE,FALSE,FALSE,FALSE
https://www.findmyisland.com/profiles/osm-way-4561710.html,https://www.findmyisland.com/islands/ireland/beetle-island-north/,301,FALSE,FALSE,FALSE,FALSE
https://www.findmyisland.com/?island=osm-way-4561710,https://www.findmyisland.com/islands/ireland/beetle-island-north/,301,FALSE,FALSE,FALSE,FALSE
https://www.findmyisland.com/profiles/osm-way-4561732.html,https://www.findmyisland.com/islands/ireland/beetle-island-south/,301,FALSE,FALSE,FALSE,FALSE
https://www.findmyisland.com/?island=osm-way-4561732,https://www.findmyisland.com/islands/ireland/beetle-island-south/,301,FALSE,FALSE,FALSE,FALSE
https://www.findmyisland.com/profiles/osm-way-353488728.html,https://www.findmyisland.com/islands/ireland/beeves-rock/,301,FALSE,FALSE,FALSE,FALSE
https://www.findmyisland.com/?island=osm-way-353488728,https://www.findmyisland.com/islands/ireland/beeves-rock/,301,FALSE,FALSE,FALSE,FALSE
https://www.findmyisland.com/profiles/wd-Q26717456.html,https://www.findmyisland.com/islands/ireland/beggarin-island/,301,FALSE,FALSE,FALSE,FALSE
https://www.findmyisland.com/?island=wd-Q26717456,https://www.findmyisland.com/islands/ireland/beggarin-island/,301,FALSE,FALSE,FALSE,FALSE
https://www.findmyisland.com/profiles/osm-way-4564069.html,https://www.findmyisland.com/islands/ireland/beginish-island/,301,FALSE,FALSE,FALSE,FALSE
https://www.findmyisland.com/?island=osm-way-4564069,https://www.findmyisland.com/islands/ireland/beginish-island/,301,FALSE,FALSE,FALSE,FALSE
https://www.findmyisland.com/profiles/osm-way-163596698.html,https://www.findmyisland.com/islands/ireland/behernagh-island/,301,FALSE,FALSE,FALSE,FALSE
https://www.findmyisland.com/?island=osm-way-163596698,https://www.findmyisland.com/islands/ireland/behernagh-island/,301,FALSE,FALSE,FALSE,FALSE
https://www.findmyisland.com/profiles/osm-way-353547146.html,https://www.findmyisland.com/islands/scotland/beilla-skerry/,301,FALSE,FALSE,FALSE,FALSE
https://www.findmyisland.com/?island=osm-way-353547146,https://www.findmyisland.com/islands/scotland/beilla-skerry/,301,FALSE,FALSE,FALSE,FALSE
https://www.findmyisland.com/profiles/osm-way-639201034.html,https://www.findmyisland.com/islands/england/bell-rock/,301,FALSE,FALSE,FALSE,FALSE
https://www.findmyisland.com/?island=osm-way-639201034,https://www.findmyisland.com/islands/england/bell-rock/,301,FALSE,FALSE,FALSE,FALSE
https://www.findmyisland.com/profiles/osm-relation-2981832.html,https://www.findmyisland.com/islands/northern-ireland/belle-isle/,301,FALSE,FALSE,FALSE,FALSE
https://www.findmyisland.com/?island=osm-relation-2981832,https://www.findmyisland.com/islands/northern-ireland/belle-isle/,301,FALSE,FALSE,FALSE,FALSE
https://www.findmyisland.com/profiles/belle-isle-windermere.html,https://www.findmyisland.com/islands/england/belle-isle-windermere/,301,FALSE,FALSE,FALSE,FALSE
https://www.findmyisland.com/?island=belle-isle-windermere,https://www.findmyisland.com/islands/england/belle-isle-windermere/,301,FALSE,FALSE,FALSE,FALSE
https://www.findmyisland.com/profiles/wd-Q24656498.html,https://www.findmyisland.com/islands/scotland/bellhues-rocks/,301,FALSE,FALSE,FALSE,FALSE
https://www.findmyisland.com/?island=wd-Q24656498,https://www.findmyisland.com/islands/scotland/bellhues-rocks/,301,FALSE,FALSE,FALSE,FALSE
https://www.findmyisland.com/profiles/osm-way-82223040.html,https://www.findmyisland.com/islands/scotland/bellymore/,301,FALSE,FALSE,FALSE,FALSE
https://www.findmyisland.com/?island=osm-way-82223040,https://www.findmyisland.com/islands/scotland/bellymore/,301,FALSE,FALSE,FALSE,FALSE
https://www.findmyisland.com/profiles/osm-way-200813791.html,https://www.findmyisland.com/islands/scotland/belnahua/,301,FALSE,FALSE,FALSE,FALSE
https://www.findmyisland.com/?island=osm-way-200813791,https://www.findmyisland.com/islands/scotland/belnahua/,301,FALSE,FALSE,FALSE,FALSE
https://www.findmyisland.com/profiles/osm-relation-380684.html,https://www.findmyisland.com/islands/scotland/benbecula/,301,FALSE,FALSE,FALSE,FALSE
https://www.findmyisland.com/?island=osm-relation-380684,https://www.findmyisland.com/islands/scotland/benbecula/,301,FALSE,FALSE,FALSE,FALSE
https://www.findmyisland.com/profiles/wd-Q116722866.html,https://www.findmyisland.com/islands/scotland/bendibus-island/,301,FALSE,FALSE,FALSE,FALSE
https://www.findmyisland.com/?island=wd-Q116722866,https://www.findmyisland.com/islands/scotland/bendibus-island/,301,FALSE,FALSE,FALSE,FALSE
https://www.findmyisland.com/profiles/osm-way-166505013.html,https://www.findmyisland.com/islands/england/benns-island/,301,FALSE,FALSE,FALSE,FALSE
https://www.findmyisland.com/?island=osm-way-166505013,https://www.findmyisland.com/islands/england/benns-island/,301,FALSE,FALSE,FALSE,FALSE
https://www.findmyisland.com/profiles/osm-way-1414751288.html,https://www.findmyisland.com/islands/england/bennett-island/,301,FALSE,FALSE,FALSE,FALSE
https://www.findmyisland.com/?island=osm-way-1414751288,https://www.findmyisland.com/islands/england/bennett-island/,301,FALSE,FALSE,FALSE,FALSE
https://www.findmyisland.com/profiles/osm-way-4562502.html,https://www.findmyisland.com/islands/ireland/bent-island/,301,FALSE,FALSE,FALSE,FALSE
https://www.findmyisland.com/?island=osm-way-4562502,https://www.findmyisland.com/islands/ireland/bent-island/,301,FALSE,FALSE,FALSE,FALSE
https://www.findmyisland.com/profiles/osm-relation-3699362.html,https://www.findmyisland.com/islands/ireland/bere-island/,301,FALSE,FALSE,FALSE,FALSE
https://www.findmyisland.com/?island=osm-relation-3699362,https://www.findmyisland.com/islands/ireland/bere-island/,301,FALSE,FALSE,FALSE,FALSE
https://www.findmyisland.com/profiles/osm-way-4563629.html,https://www.findmyisland.com/islands/ireland/bergers-island/,301,FALSE,FALSE,FALSE,FALSE
https://www.findmyisland.com/?island=osm-way-4563629,https://www.findmyisland.com/islands/ireland/bergers-island/,301,FALSE,FALSE,FALSE,FALSE
https://www.findmyisland.com/profiles/osm-way-88125442.html,https://www.findmyisland.com/islands/ireland/bernards-island/,301,FALSE,FALSE,FALSE,FALSE
https://www.findmyisland.com/?island=osm-way-88125442,https://www.findmyisland.com/islands/ireland/bernards-island/,301,FALSE,FALSE,FALSE,FALSE
https://www.findmyisland.com/profiles/osm-way-205084046.html,https://www.findmyisland.com/islands/scotland/bernera-island/,301,FALSE,FALSE,FALSE,FALSE
https://www.findmyisland.com/?island=osm-way-205084046,https://www.findmyisland.com/islands/scotland/bernera-island/,301,FALSE,FALSE,FALSE,FALSE
https://www.findmyisland.com/profiles/osm-relation-2789916.html,https://www.findmyisland.com/islands/scotland/berneray/,301,FALSE,FALSE,FALSE,FALSE
https://www.findmyisland.com/?island=osm-relation-2789916,https://www.findmyisland.com/islands/scotland/berneray/,301,FALSE,FALSE,FALSE,FALSE
https://www.findmyisland.com/profiles/osm-way-201303279.html,https://www.findmyisland.com/islands/scotland/berneray-outer-hebrides/,301,FALSE,FALSE,FALSE,FALSE
https://www.findmyisland.com/?island=osm-way-201303279,https://www.findmyisland.com/islands/scotland/berneray-outer-hebrides/,301,FALSE,FALSE,FALSE,FALSE
https://www.findmyisland.com/profiles/osm-way-93868002.html,https://www.findmyisland.com/islands/england/berry-island/,301,FALSE,FALSE,FALSE,FALSE
https://www.findmyisland.com/?island=osm-way-93868002,https://www.findmyisland.com/islands/england/berry-island/,301,FALSE,FALSE,FALSE,FALSE
https://www.findmyisland.com/profiles/osm-way-230418654.html,https://www.findmyisland.com/islands/scotland/bery-holm/,301,FALSE,FALSE,FALSE,FALSE
https://www.findmyisland.com/?island=osm-way-230418654,https://www.findmyisland.com/islands/scotland/bery-holm/,301,FALSE,FALSE,FALSE,FALSE
https://www.findmyisland.com/profiles/osm-relation-3625566.html,https://www.findmyisland.com/islands/northern-ireland/bess-island/,301,FALSE,FALSE,FALSE,FALSE
https://www.findmyisland.com/?island=osm-relation-3625566,https://www.findmyisland.com/islands/northern-ireland/bess-island/,301,FALSE,FALSE,FALSE,FALSE
https://www.findmyisland.com/profiles/osm-way-56697680.html,https://www.findmyisland.com/islands/england/bessack-rock/,301,FALSE,FALSE,FALSE,FALSE
https://www.findmyisland.com/?island=osm-way-56697680,https://www.findmyisland.com/islands/england/bessack-rock/,301,FALSE,FALSE,FALSE,FALSE
https://www.findmyisland.com/profiles/wd-Q24656721.html,https://www.findmyisland.com/islands/england/bexhill-reef/,301,FALSE,FALSE,FALSE,FALSE
https://www.findmyisland.com/?island=wd-Q24656721,https://www.findmyisland.com/islands/england/bexhill-reef/,301,FALSE,FALSE,FALSE,FALSE
https://www.findmyisland.com/profiles/osm-way-4012474.html,https://www.findmyisland.com/islands/scotland/bhalaigh/,301,FALSE,FALSE,FALSE,FALSE
https://www.findmyisland.com/?island=osm-way-4012474,https://www.findmyisland.com/islands/scotland/bhalaigh/,301,FALSE,FALSE,FALSE,FALSE
https://www.findmyisland.com/profiles/osm-way-241013221.html,https://www.findmyisland.com/islands/scotland/bid-na-faing/,301,FALSE,FALSE,FALSE,FALSE
https://www.findmyisland.com/?island=osm-way-241013221,https://www.findmyisland.com/islands/scotland/bid-na-faing/,301,FALSE,FALSE,FALSE,FALSE
https://www.findmyisland.com/profiles/wd-Q24656770.html,https://www.findmyisland.com/islands/england/bideford-bar/,301,FALSE,FALSE,FALSE,FALSE
https://www.findmyisland.com/?island=wd-Q24656770,https://www.findmyisland.com/islands/england/bideford-bar/,301,FALSE,FALSE,FALSE,FALSE
https://www.findmyisland.com/profiles/wd-Q24657172.html,https://www.findmyisland.com/islands/scotland/big-bush/,301,FALSE,FALSE,FALSE,FALSE
https://www.findmyisland.com/?island=wd-Q24657172,https://www.findmyisland.com/islands/scotland/big-bush/,301,FALSE,FALSE,FALSE,FALSE
https://www.findmyisland.com/profiles/osm-way-118955241.html,https://www.findmyisland.com/islands/scotland/big-bushan/,301,FALSE,FALSE,FALSE,FALSE
https://www.findmyisland.com/?island=osm-way-118955241,https://www.findmyisland.com/islands/scotland/big-bushan/,301,FALSE,FALSE,FALSE,FALSE
https://www.findmyisland.com/profiles/osm-way-61921337.html,https://www.findmyisland.com/islands/scotland/big-harcar/,301,FALSE,FALSE,FALSE,FALSE
https://www.findmyisland.com/?island=osm-way-61921337,https://www.findmyisland.com/islands/scotland/big-harcar/,301,FALSE,FALSE,FALSE,FALSE
https://www.findmyisland.com/profiles/osm-relation-4294907.html,https://www.findmyisland.com/islands/ireland/big-island/,301,FALSE,FALSE,FALSE,FALSE
https://www.findmyisland.com/?island=osm-relation-4294907,https://www.findmyisland.com/islands/ireland/big-island/,301,FALSE,FALSE,FALSE,FALSE
https://www.findmyisland.com/profiles/osm-way-4563025.html,https://www.findmyisland.com/islands/ireland/big-island-osm-way-4563025/,301,FALSE,FALSE,FALSE,FALSE
https://www.findmyisland.com/?island=osm-way-4563025,https://www.findmyisland.com/islands/ireland/big-island-osm-way-4563025/,301,FALSE,FALSE,FALSE,FALSE
https://www.findmyisland.com/profiles/big-island-w29471565.html,https://www.findmyisland.com/islands/scotland/big-island-w29471565/,301,FALSE,FALSE,FALSE,FALSE
https://www.findmyisland.com/?island=big-island-w29471565,https://www.findmyisland.com/islands/scotland/big-island-w29471565/,301,FALSE,FALSE,FALSE,FALSE
https://www.findmyisland.com/profiles/osm-way-28206812.html,https://www.findmyisland.com/islands/scotland/big-isle/,301,FALSE,FALSE,FALSE,FALSE
https://www.findmyisland.com/?island=osm-way-28206812,https://www.findmyisland.com/islands/scotland/big-isle/,301,FALSE,FALSE,FALSE,FALSE
https://www.findmyisland.com/profiles/big-picket-rock.html,https://www.findmyisland.com/islands/england/big-picket-rock/,301,FALSE,FALSE,FALSE,FALSE
https://www.findmyisland.com/?island=big-picket-rock,https://www.findmyisland.com/islands/england/big-picket-rock/,301,FALSE,FALSE,FALSE,FALSE
https://www.findmyisland.com/profiles/osm-node-12349630052.html,https://www.findmyisland.com/islands/scotland/big-rock/,301,FALSE,FALSE,FALSE,FALSE
https://www.findmyisland.com/?island=osm-node-12349630052,https://www.findmyisland.com/islands/scotland/big-rock/,301,FALSE,FALSE,FALSE,FALSE
https://www.findmyisland.com/profiles/osm-way-61921339.html,https://www.findmyisland.com/islands/scotland/big-scarcar/,301,FALSE,FALSE,FALSE,FALSE
https://www.findmyisland.com/?island=osm-way-61921339,https://www.findmyisland.com/islands/scotland/big-scarcar/,301,FALSE,FALSE,FALSE,FALSE
https://www.findmyisland.com/profiles/osm-way-1003550758.html,https://www.findmyisland.com/islands/scotland/big-scare/,301,FALSE,FALSE,FALSE,FALSE
https://www.findmyisland.com/?island=osm-way-1003550758,https://www.findmyisland.com/islands/scotland/big-scare/,301,FALSE,FALSE,FALSE,FALSE
https://www.findmyisland.com/profiles/osm-way-687632556.html,https://www.findmyisland.com/islands/scotland/big-skerry/,301,FALSE,FALSE,FALSE,FALSE
https://www.findmyisland.com/?island=osm-way-687632556,https://www.findmyisland.com/islands/scotland/big-skerry/,301,FALSE,FALSE,FALSE,FALSE
https://www.findmyisland.com/profiles/osm-way-27484655.html,https://www.findmyisland.com/islands/ireland/big-stag/,301,FALSE,FALSE,FALSE,FALSE
https://www.findmyisland.com/?island=osm-way-27484655,https://www.findmyisland.com/islands/ireland/big-stag/,301,FALSE,FALSE,FALSE,FALSE
https://www.findmyisland.com/profiles/osm-way-119929330.html,https://www.findmyisland.com/islands/ireland/big-yellow-island/,301,FALSE,FALSE,FALSE,FALSE
https://www.findmyisland.com/?island=osm-way-119929330,https://www.findmyisland.com/islands/ireland/big-yellow-island/,301,FALSE,FALSE,FALSE,FALSE
https://www.findmyisland.com/profiles/osm-way-8591087.html,https://www.findmyisland.com/islands/scotland/bigga/,301,FALSE,FALSE,FALSE,FALSE
https://www.findmyisland.com/?island=osm-way-8591087,https://www.findmyisland.com/islands/scotland/bigga/,301,FALSE,FALSE,FALSE,FALSE
https://www.findmyisland.com/profiles/osm-way-236770959.html,https://www.findmyisland.com/islands/england/biggal-osm-way-236770959/,301,FALSE,FALSE,FALSE,FALSE
https://www.findmyisland.com/?island=osm-way-236770959,https://www.findmyisland.com/islands/england/biggal-osm-way-236770959/,301,FALSE,FALSE,FALSE,FALSE
https://www.findmyisland.com/profiles/osm-way-239181044.html,https://www.findmyisland.com/islands/england/biggal-osm-way-239181044/,301,FALSE,FALSE,FALSE,FALSE
https://www.findmyisland.com/?island=osm-way-239181044,https://www.findmyisland.com/islands/england/biggal-osm-way-239181044/,301,FALSE,FALSE,FALSE,FALSE
https://www.findmyisland.com/profiles/osm-way-1319819024.html,https://www.findmyisland.com/islands/england/biggal/,301,FALSE,FALSE,FALSE,FALSE
https://www.findmyisland.com/?island=osm-way-1319819024,https://www.findmyisland.com/islands/england/biggal/,301,FALSE,FALSE,FALSE,FALSE
https://www.findmyisland.com/profiles/osm-way-236692702.html,https://www.findmyisland.com/islands/england/biggal-of-gorregan/,301,FALSE,FALSE,FALSE,FALSE
https://www.findmyisland.com/?island=osm-way-236692702,https://www.findmyisland.com/islands/england/biggal-of-gorregan/,301,FALSE,FALSE,FALSE,FALSE
https://www.findmyisland.com/profiles/osm-way-682115156.html,https://www.findmyisland.com/islands/crown-dependencies/bigorne/,301,FALSE,FALSE,FALSE,FALSE
https://www.findmyisland.com/?island=osm-way-682115156,https://www.findmyisland.com/islands/crown-dependencies/bigorne/,301,FALSE,FALSE,FALSE,FALSE
https://www.findmyisland.com/profiles/osm-relation-3516493.html,https://www.findmyisland.com/islands/northern-ireland/bilberry-island/,301,FALSE,FALSE,FALSE,FALSE
https://www.findmyisland.com/?island=osm-relation-3516493,https://www.findmyisland.com/islands/northern-ireland/bilberry-island/,301,FALSE,FALSE,FALSE,FALSE
https://www.findmyisland.com/profiles/osm-relation-3474542.html,https://www.findmyisland.com/islands/ireland/bilberry-island/,301,FALSE,FALSE,FALSE,FALSE
https://www.findmyisland.com/?island=osm-relation-3474542,https://www.findmyisland.com/islands/ireland/bilberry-island/,301,FALSE,FALSE,FALSE,FALSE
https://www.findmyisland.com/profiles/osm-way-179021410.html,https://www.findmyisland.com/islands/northern-ireland/bilberry-island-upper-lough-macnean/,301,FALSE,FALSE,FALSE,FALSE
https://www.findmyisland.com/?island=osm-way-179021410,https://www.findmyisland.com/islands/northern-ireland/bilberry-island-upper-lough-macnean/,301,FALSE,FALSE,FALSE,FALSE
https://www.findmyisland.com/profiles/osm-way-179073598.html,https://www.findmyisland.com/islands/northern-ireland/bilberry-island-lough-melvin/,301,FALSE,FALSE,FALSE,FALSE
https://www.findmyisland.com/?island=osm-way-179073598,https://www.findmyisland.com/islands/northern-ireland/bilberry-island-lough-melvin/,301,FALSE,FALSE,FALSE,FALSE
https://www.findmyisland.com/profiles/osm-way-1161136345.html,https://www.findmyisland.com/islands/ireland/bilberry-island-lough-corrib/,301,FALSE,FALSE,FALSE,FALSE
https://www.findmyisland.com/?island=osm-way-1161136345,https://www.findmyisland.com/islands/ireland/bilberry-island-lough-corrib/,301,FALSE,FALSE,FALSE,FALSE
https://www.findmyisland.com/profiles/osm-way-199701910.html,https://www.findmyisland.com/islands/ireland/bilberry-rock/,301,FALSE,FALSE,FALSE,FALSE
https://www.findmyisland.com/?island=osm-way-199701910,https://www.findmyisland.com/islands/ireland/bilberry-rock/,301,FALSE,FALSE,FALSE,FALSE
https://www.findmyisland.com/profiles/osm-relation-8500152.html,https://www.findmyisland.com/islands/ireland/bills-rocks/,301,FALSE,FALSE,FALSE,FALSE
https://www.findmyisland.com/?island=osm-relation-8500152,https://www.findmyisland.com/islands/ireland/bills-rocks/,301,FALSE,FALSE,FALSE,FALSE
https://www.findmyisland.com/profiles/osm-way-230468771.html,https://www.findmyisland.com/islands/scotland/billia-skerry/,301,FALSE,FALSE,FALSE,FALSE
https://www.findmyisland.com/?island=osm-way-230468771,https://www.findmyisland.com/islands/scotland/billia-skerry/,301,FALSE,FALSE,FALSE,FALSE
https://www.findmyisland.com/profiles/wd-Q24656784.html,https://www.findmyisland.com/islands/scotland/billia-skerry-wd-q24656784/,301,FALSE,FALSE,FALSE,FALSE
https://www.findmyisland.com/?island=wd-Q24656784,https://www.findmyisland.com/islands/scotland/billia-skerry-wd-q24656784/,301,FALSE,FALSE,FALSE,FALSE
https://www.findmyisland.com/profiles/osm-way-47702827.html,https://www.findmyisland.com/islands/scotland/bindalein-island/,301,FALSE,FALSE,FALSE,FALSE
https://www.findmyisland.com/?island=osm-way-47702827,https://www.findmyisland.com/islands/scotland/bindalein-island/,301,FALSE,FALSE,FALSE,FALSE
https://www.findmyisland.com/profiles/osm-way-186507800.html,https://www.findmyisland.com/islands/ireland/bingham-island/,301,FALSE,FALSE,FALSE,FALSE
https://www.findmyisland.com/?island=osm-way-186507800,https://www.findmyisland.com/islands/ireland/bingham-island/,301,FALSE,FALSE,FALSE,FALSE
https://www.findmyisland.com/profiles/osm-way-28016020.html,https://www.findmyisland.com/islands/england/bingleys-island/,301,FALSE,FALSE,FALSE,FALSE
https://www.findmyisland.com/?island=osm-way-28016020,https://www.findmyisland.com/islands/england/bingleys-island/,301,FALSE,FALSE,FALSE,FALSE
https://www.findmyisland.com/profiles/osm-way-42368268.html,https://www.findmyisland.com/islands/scotland/bior-eilean/,301,FALSE,FALSE,FALSE,FALSE
https://www.findmyisland.com/?island=osm-way-42368268,https://www.findmyisland.com/islands/scotland/bior-eilean/,301,FALSE,FALSE,FALSE,FALSE
https://www.findmyisland.com/profiles/osm-way-711404031.html,https://www.findmyisland.com/islands/scotland/bioruaslum/,301,FALSE,FALSE,FALSE,FALSE
https://www.findmyisland.com/?island=osm-way-711404031,https://www.findmyisland.com/islands/scotland/bioruaslum/,301,FALSE,FALSE,FALSE,FALSE
https://www.findmyisland.com/profiles/osm-way-4563002.html,https://www.findmyisland.com/islands/ireland/birbeg-island/,301,FALSE,FALSE,FALSE,FALSE
https://www.findmyisland.com/?island=osm-way-4563002,https://www.findmyisland.com/islands/ireland/birbeg-island/,301,FALSE,FALSE,FALSE,FALSE
https://www.findmyisland.com/profiles/osm-way-1167924125.html,https://www.findmyisland.com/islands/england/bird-island/,301,FALSE,FALSE,FALSE,FALSE
https://www.findmyisland.com/?island=osm-way-1167924125,https://www.findmyisland.com/islands/england/bird-island/,301,FALSE,FALSE,FALSE,FALSE
https://www.findmyisland.com/profiles/osm-relation-17263837.html,https://www.findmyisland.com/islands/ireland/bird-island/,301,FALSE,FALSE,FALSE,FALSE
https://www.findmyisland.com/?island=osm-relation-17263837,https://www.findmyisland.com/islands/ireland/bird-island/,301,FALSE,FALSE,FALSE,FALSE
https://www.findmyisland.com/profiles/osm-way-4554536.html,https://www.findmyisland.com/islands/ireland/bird-island-osm-way-4554536/,301,FALSE,FALSE,FALSE,FALSE
https://www.findmyisland.com/?island=osm-way-4554536,https://www.findmyisland.com/islands/ireland/bird-island-osm-way-4554536/,301,FALSE,FALSE,FALSE,FALSE
https://www.findmyisland.com/profiles/osm-way-4557007.html,https://www.findmyisland.com/islands/northern-ireland/bird-island/,301,FALSE,FALSE,FALSE,FALSE
https://www.findmyisland.com/?island=osm-way-4557007,https://www.findmyisland.com/islands/northern-ireland/bird-island/,301,FALSE,FALSE,FALSE,FALSE
https://www.findmyisland.com/profiles/osm-way-4557033.html,https://www.findmyisland.com/islands/northern-ireland/bird-island-osm-way-4557033/,301,FALSE,FALSE,FALSE,FALSE
https://www.findmyisland.com/?island=osm-way-4557033,https://www.findmyisland.com/islands/northern-ireland/bird-island-osm-way-4557033/,301,FALSE,FALSE,FALSE,FALSE
https://www.findmyisland.com/profiles/osm-way-4564344.html,https://www.findmyisland.com/islands/ireland/bird-island-osm-way-4564344/,301,FALSE,FALSE,FALSE,FALSE
https://www.findmyisland.com/?island=osm-way-4564344,https://www.findmyisland.com/islands/ireland/bird-island-osm-way-4564344/,301,FALSE,FALSE,FALSE,FALSE
https://www.findmyisland.com/profiles/osm-way-4683100.html,https://www.findmyisland.com/islands/england/bird-island-stocks-reservoir/,301,FALSE,FALSE,FALSE,FALSE
https://www.findmyisland.com/?island=osm-way-4683100,https://www.findmyisland.com/islands/england/bird-island-stocks-reservoir/,301,FALSE,FALSE,FALSE,FALSE
https://www.findmyisland.com/profiles/osm-way-179548454.html,https://www.findmyisland.com/islands/ireland/bird-island-lough-carra/,301,FALSE,FALSE,FALSE,FALSE
https://www.findmyisland.com/?island=osm-way-179548454,https://www.findmyisland.com/islands/ireland/bird-island-lough-carra/,301,FALSE,FALSE,FALSE,FALSE
https://www.findmyisland.com/profiles/osm-way-193645878.html,https://www.findmyisland.com/islands/ireland/bird-island-osm-way-193645878/,301,FALSE,FALSE,FALSE,FALSE
https://www.findmyisland.com/?island=osm-way-193645878,https://www.findmyisland.com/islands/ireland/bird-island-osm-way-193645878/,301,FALSE,FALSE,FALSE,FALSE
https://www.findmyisland.com/profiles/osm-way-435896505.html,https://www.findmyisland.com/islands/ireland/bird-island-osm-way-435896505/,301,FALSE,FALSE,FALSE,FALSE
https://www.findmyisland.com/?island=osm-way-435896505,https://www.findmyisland.com/islands/ireland/bird-island-osm-way-435896505/,301,FALSE,FALSE,FALSE,FALSE
https://www.findmyisland.com/profiles/osm-way-670701724.html,https://www.findmyisland.com/islands/northern-ireland/bird-island-lough-neagh/,301,FALSE,FALSE,FALSE,FALSE
https://www.findmyisland.com/?island=osm-way-670701724,https://www.findmyisland.com/islands/northern-ireland/bird-island-lough-neagh/,301,FALSE,FALSE,FALSE,FALSE
https://www.findmyisland.com/profiles/osm-way-691233724.html,https://www.findmyisland.com/islands/northern-ireland/bird-island-osm-way-691233724/,301,FALSE,FALSE,FALSE,FALSE
https://www.findmyisland.com/?island=osm-way-691233724,https://www.findmyisland.com/islands/northern-ireland/bird-island-osm-way-691233724/,301,FALSE,FALSE,FALSE,FALSE
https://www.findmyisland.com/profiles/osm-way-1099342940.html,https://www.findmyisland.com/islands/ireland/bird-island-osm-way-1099342940/,301,FALSE,FALSE,FALSE,FALSE
https://www.findmyisland.com/?island=osm-way-1099342940,https://www.findmyisland.com/islands/ireland/bird-island-osm-way-1099342940/,301,FALSE,FALSE,FALSE,FALSE
https://www.findmyisland.com/profiles/osm-way-621727916.html,https://www.findmyisland.com/islands/england/bird-nesting-island/,301,FALSE,FALSE,FALSE,FALSE
https://www.findmyisland.com/?island=osm-way-621727916,https://www.findmyisland.com/islands/england/bird-nesting-island/,301,FALSE,FALSE,FALSE,FALSE
https://www.findmyisland.com/profiles/osm-way-252557087.html,https://www.findmyisland.com/islands/ireland/bird-rock/,301,FALSE,FALSE,FALSE,FALSE
https://www.findmyisland.com/?island=osm-way-252557087,https://www.findmyisland.com/islands/ireland/bird-rock/,301,FALSE,FALSE,FALSE,FALSE
https://www.findmyisland.com/profiles/osm-way-65712514.html,https://www.findmyisland.com/islands/ireland/birds-island/,301,FALSE,FALSE,FALSE,FALSE
https://www.findmyisland.com/?island=osm-way-65712514,https://www.findmyisland.com/islands/ireland/birds-island/,301,FALSE,FALSE,FALSE,FALSE
https://www.findmyisland.com/profiles/wd-Q24656798.html,https://www.findmyisland.com/islands/scotland/birling-carrs/,301,FALSE,FALSE,FALSE,FALSE
https://www.findmyisland.com/?island=wd-Q24656798,https://www.findmyisland.com/islands/scotland/birling-carrs/,301,FALSE,FALSE,FALSE,FALSE
https://www.findmyisland.com/profiles/osm-way-4563029.html,https://www.findmyisland.com/islands/ireland/birmore-island/,301,FALSE,FALSE,FALSE,FALSE
https://www.findmyisland.com/?island=osm-way-4563029,https://www.findmyisland.com/islands/ireland/birmore-island/,301,FALSE,FALSE,FALSE,FALSE
https://www.findmyisland.com/profiles/osm-way-4563013.html,https://www.findmyisland.com/islands/ireland/birmore-rock/,301,FALSE,FALSE,FALSE,FALSE
https://www.findmyisland.com/?island=osm-way-4563013,https://www.findmyisland.com/islands/ireland/birmore-rock/,301,FALSE,FALSE,FALSE,FALSE
https://www.findmyisland.com/profiles/wd-Q125365684.html,https://www.findmyisland.com/islands/wales/birnbeck-island/,301,FALSE,FALSE,FALSE,FALSE
https://www.findmyisland.com/?island=wd-Q125365684,https://www.findmyisland.com/islands/wales/birnbeck-island/,301,FALSE,FALSE,FALSE,FALSE
https://www.findmyisland.com/profiles/osm-way-121110120.html,https://www.findmyisland.com/islands/scotland/birnie-rocks/,301,FALSE,FALSE,FALSE,FALSE
https://www.findmyisland.com/?island=osm-way-121110120,https://www.findmyisland.com/islands/scotland/birnie-rocks/,301,FALSE,FALSE,FALSE,FALSE
https://www.findmyisland.com/profiles/osm-way-846470430.html,https://www.findmyisland.com/islands/scotland/birrier-stack/,301,FALSE,FALSE,FALSE,FALSE
https://www.findmyisland.com/?island=osm-way-846470430,https://www.findmyisland.com/islands/scotland/birrier-stack/,301,FALSE,FALSE,FALSE,FALSE
https://www.findmyisland.com/profiles/osm-way-146402227.html,https://www.findmyisland.com/islands/england/birthday-island/,301,FALSE,FALSE,FALSE,FALSE
https://www.findmyisland.com/?island=osm-way-146402227,https://www.findmyisland.com/islands/england/birthday-island/,301,FALSE,FALSE,FALSE,FALSE
https://www.findmyisland.com/profiles/wd-Q24659026.html,https://www.findmyisland.com/islands/england/bishop-ridge/,301,FALSE,FALSE,FALSE,FALSE
https://www.findmyisland.com/?island=wd-Q24659026,https://www.findmyisland.com/islands/england/bishop-ridge/,301,FALSE,FALSE,FALSE,FALSE
https://www.findmyisland.com/profiles/osm-way-462551174.html,https://www.findmyisland.com/islands/england/bishop-rock/,301,FALSE,FALSE,FALSE,FALSE
https://www.findmyisland.com/?island=osm-way-462551174,https://www.findmyisland.com/islands/england/bishop-rock/,301,FALSE,FALSE,FALSE,FALSE
https://www.findmyisland.com/profiles/wd-Q123485102.html,https://www.findmyisland.com/islands/england/bishop-saltings/,301,FALSE,FALSE,FALSE,FALSE
https://www.findmyisland.com/?island=wd-Q123485102,https://www.findmyisland.com/islands/england/bishop-saltings/,301,FALSE,FALSE,FALSE,FALSE
https://www.findmyisland.com/profiles/osm-way-4563630.html,https://www.findmyisland.com/islands/ireland/bishops-island/,301,FALSE,FALSE,FALSE,FALSE
https://www.findmyisland.com/?island=osm-way-4563630,https://www.findmyisland.com/islands/ireland/bishops-island/,301,FALSE,FALSE,FALSE,FALSE
https://www.findmyisland.com/profiles/osm-relation-15030227.html,https://www.findmyisland.com/islands/ireland/bishops-islands/,301,FALSE,FALSE,FALSE,FALSE
https://www.findmyisland.com/?island=osm-relation-15030227,https://www.findmyisland.com/islands/ireland/bishops-islands/,301,FALSE,FALSE,FALSE,FALSE
https://www.findmyisland.com/profiles/black-white-ruffed-lemur-w360169326.html,https://www.findmyisland.com/islands/ireland/black-white-ruffed-lemur-w360169326/,301,FALSE,FALSE,FALSE,FALSE
https://www.findmyisland.com/?island=black-white-ruffed-lemur-w360169326,https://www.findmyisland.com/islands/ireland/black-white-ruffed-lemur-w360169326/,301,FALSE,FALSE,FALSE,FALSE
https://www.findmyisland.com/profiles/osm-way-32254152.html,https://www.findmyisland.com/islands/england/black-boy-island/,301,FALSE,FALSE,FALSE,FALSE
https://www.findmyisland.com/?island=osm-way-32254152,https://www.findmyisland.com/islands/england/black-boy-island/,301,FALSE,FALSE,FALSE,FALSE
https://www.findmyisland.com/profiles/black-country-millennium-forest-w93793495.html,https://www.findmyisland.com/islands/england/black-country-millennium-forest-w93793495/,301,FALSE,FALSE,FALSE,FALSE
https://www.findmyisland.com/?island=black-country-millennium-forest-w93793495,https://www.findmyisland.com/islands/england/black-country-millennium-forest-w93793495/,301,FALSE,FALSE,FALSE,FALSE
https://www.findmyisland.com/profiles/osm-way-414813204.html,https://www.findmyisland.com/islands/england/black-head/,301,FALSE,FALSE,FALSE,FALSE
https://www.findmyisland.com/?island=osm-way-414813204,https://www.findmyisland.com/islands/england/black-head/,301,FALSE,FALSE,FALSE,FALSE
https://www.findmyisland.com/profiles/osm-way-1306669541.html,https://www.findmyisland.com/islands/scotland/black-holm/,301,FALSE,FALSE,FALSE,FALSE
https://www.findmyisland.com/?island=osm-way-1306669541,https://www.findmyisland.com/islands/scotland/black-holm/,301,FALSE,FALSE,FALSE,FALSE
https://www.findmyisland.com/profiles/osm-way-1056648443.html,https://www.findmyisland.com/islands/northern-ireland/black-island/,301,FALSE,FALSE,FALSE,FALSE
https://www.findmyisland.com/?island=osm-way-1056648443,https://www.findmyisland.com/islands/northern-ireland/black-island/,301,FALSE,FALSE,FALSE,FALSE
https://www.findmyisland.com/profiles/osm-way-26508217.html,https://www.findmyisland.com/islands/scotland/black-island-loch-katrine/,301,FALSE,FALSE,FALSE,FALSE
https://www.findmyisland.com/?island=osm-way-26508217,https://www.findmyisland.com/islands/scotland/black-island-loch-katrine/,301,FALSE,FALSE,FALSE,FALSE
https://www.findmyisland.com/profiles/osm-way-49982803.html,https://www.findmyisland.com/islands/scotland/black-island-loch-moan/,301,FALSE,FALSE,FALSE,FALSE
https://www.findmyisland.com/?island=osm-way-49982803,https://www.findmyisland.com/islands/scotland/black-island-loch-moan/,301,FALSE,FALSE,FALSE,FALSE
https://www.findmyisland.com/profiles/osm-way-177690870.html,https://www.findmyisland.com/islands/ireland/black-island/,301,FALSE,FALSE,FALSE,FALSE
https://www.findmyisland.com/?island=osm-way-177690870,https://www.findmyisland.com/islands/ireland/black-island/,301,FALSE,FALSE,FALSE,FALSE
https://www.findmyisland.com/profiles/osm-way-260393500.html,https://www.findmyisland.com/islands/ireland/black-island-dunglow-lough/,301,FALSE,FALSE,FALSE,FALSE
https://www.findmyisland.com/?island=osm-way-260393500,https://www.findmyisland.com/islands/ireland/black-island-dunglow-lough/,301,FALSE,FALSE,FALSE,FALSE
https://www.findmyisland.com/profiles/osm-way-370508860.html,https://www.findmyisland.com/islands/ireland/black-island-osm-way-370508860/,301,FALSE,FALSE,FALSE,FALSE
https://www.findmyisland.com/?island=osm-way-370508860,https://www.findmyisland.com/islands/ireland/black-island-osm-way-370508860/,301,FALSE,FALSE,FALSE,FALSE
https://www.findmyisland.com/profiles/osm-way-494894640.html,https://www.findmyisland.com/islands/ireland/black-island-osm-way-494894640/,301,FALSE,FALSE,FALSE,FALSE
https://www.findmyisland.com/?island=osm-way-494894640,https://www.findmyisland.com/islands/ireland/black-island-osm-way-494894640/,301,FALSE,FALSE,FALSE,FALSE
https://www.findmyisland.com/profiles/osm-way-575033000.html,https://www.findmyisland.com/islands/ireland/black-island-osm-way-575033000/,301,FALSE,FALSE,FALSE,FALSE
https://www.findmyisland.com/?island=osm-way-575033000,https://www.findmyisland.com/islands/ireland/black-island-osm-way-575033000/,301,FALSE,FALSE,FALSE,FALSE
https://www.findmyisland.com/profiles/osm-way-802461822.html,https://www.findmyisland.com/islands/ireland/black-island-osm-way-802461822/,301,FALSE,FALSE,FALSE,FALSE
https://www.findmyisland.com/?island=osm-way-802461822,https://www.findmyisland.com/islands/ireland/black-island-osm-way-802461822/,301,FALSE,FALSE,FALSE,FALSE
https://www.findmyisland.com/profiles/black-island.html,https://www.findmyisland.com/islands/scotland/black-island/,301,FALSE,FALSE,FALSE,FALSE
https://www.findmyisland.com/?island=black-island,https://www.findmyisland.com/islands/scotland/black-island/,301,FALSE,FALSE,FALSE,FALSE
https://www.findmyisland.com/profiles/osm-way-119927880.html,https://www.findmyisland.com/islands/ireland/black-islands/,301,FALSE,FALSE,FALSE,FALSE
https://www.findmyisland.com/?island=osm-way-119927880,https://www.findmyisland.com/islands/ireland/black-islands/,301,FALSE,FALSE,FALSE,FALSE
https://www.findmyisland.com/profiles/osm-way-202179151.html,https://www.findmyisland.com/islands/scotland/black-islands/,301,FALSE,FALSE,FALSE,FALSE
https://www.findmyisland.com/?island=osm-way-202179151,https://www.findmyisland.com/islands/scotland/black-islands/,301,FALSE,FALSE,FALSE,FALSE
https://www.findmyisland.com/profiles/wd-Q47011897.html,https://www.findmyisland.com/islands/scotland/black-loch-crannog/,301,FALSE,FALSE,FALSE,FALSE
https://www.findmyisland.com/?island=wd-Q47011897,https://www.findmyisland.com/islands/scotland/black-loch-crannog/,301,FALSE,FALSE,FALSE,FALSE
https://www.findmyisland.com/profiles/wd-Q27627601.html,https://www.findmyisland.com/islands/scotland/black-middens/,301,FALSE,FALSE,FALSE,FALSE
https://www.findmyisland.com/?island=wd-Q27627601,https://www.findmyisland.com/islands/scotland/black-middens/,301,FALSE,FALSE,FALSE,FALSE
https://www.findmyisland.com/profiles/osm-way-23650920.html,https://www.findmyisland.com/islands/england/black-potts-ait/,301,FALSE,FALSE,FALSE,FALSE
https://www.findmyisland.com/?island=osm-way-23650920,https://www.findmyisland.com/islands/england/black-potts-ait/,301,FALSE,FALSE,FALSE,FALSE
https://www.findmyisland.com/profiles/osm-way-435895265.html,https://www.findmyisland.com/islands/ireland/black-rock-osm-way-435895265/,301,FALSE,FALSE,FALSE,FALSE
https://www.findmyisland.com/?island=osm-way-435895265,https://www.findmyisland.com/islands/ireland/black-rock-osm-way-435895265/,301,FALSE,FALSE,FALSE,FALSE
https://www.findmyisland.com/profiles/osm-relation-17558291.html,https://www.findmyisland.com/islands/ireland/black-rock-osm-relation-17558291/,301,FALSE,FALSE,FALSE,FALSE
https://www.findmyisland.com/?island=osm-relation-17558291,https://www.findmyisland.com/islands/ireland/black-rock-osm-relation-17558291/,301,FALSE,FALSE,FALSE,FALSE
https://www.findmyisland.com/profiles/osm-way-4557176.html,https://www.findmyisland.com/islands/northern-ireland/black-rock-osm-way-4557176/,301,FALSE,FALSE,FALSE,FALSE
https://www.findmyisland.com/?island=osm-way-4557176,https://www.findmyisland.com/islands/northern-ireland/black-rock-osm-way-4557176/,301,FALSE,FALSE,FALSE,FALSE
https://www.findmyisland.com/profiles/osm-way-4564167.html,https://www.findmyisland.com/islands/ireland/black-rock-osm-way-4564167/,301,FALSE,FALSE,FALSE,FALSE
https://www.findmyisland.com/?island=osm-way-4564167,https://www.findmyisland.com/islands/ireland/black-rock-osm-way-4564167/,301,FALSE,FALSE,FALSE,FALSE
https://www.findmyisland.com/profiles/osm-way-180201314.html,https://www.findmyisland.com/islands/northern-ireland/black-rock-lower-lough-erne/,301,FALSE,FALSE,FALSE,FALSE
https://www.findmyisland.com/?island=osm-way-180201314,https://www.findmyisland.com/islands/northern-ireland/black-rock-lower-lough-erne/,301,FALSE,FALSE,FALSE,FALSE
https://www.findmyisland.com/profiles/osm-way-221043233.html,https://www.findmyisland.com/islands/ireland/black-rock-osm-way-221043233/,301,FALSE,FALSE,FALSE,FALSE
https://www.findmyisland.com/?island=osm-way-221043233,https://www.findmyisland.com/islands/ireland/black-rock-osm-way-221043233/,301,FALSE,FALSE,FALSE,FALSE
https://www.findmyisland.com/profiles/osm-way-306231829.html,https://www.findmyisland.com/islands/wales/black-rock/,301,FALSE,FALSE,FALSE,FALSE
https://www.findmyisland.com/?island=osm-way-306231829,https://www.findmyisland.com/islands/wales/black-rock/,301,FALSE,FALSE,FALSE,FALSE
https://www.findmyisland.com/profiles/osm-way-318395170.html,https://www.findmyisland.com/islands/england/black-rock-osm-way-318395170/,301,FALSE,FALSE,FALSE,FALSE
https://www.findmyisland.com/?island=osm-way-318395170,https://www.findmyisland.com/islands/england/black-rock-osm-way-318395170/,301,FALSE,FALSE,FALSE,FALSE
https://www.findmyisland.com/profiles/osm-way-327896937.html,https://www.findmyisland.com/islands/ireland/black-rock-osm-way-327896937/,301,FALSE,FALSE,FALSE,FALSE
https://www.findmyisland.com/?island=osm-way-327896937,https://www.findmyisland.com/islands/ireland/black-rock-osm-way-327896937/,301,FALSE,FALSE,FALSE,FALSE
https://www.findmyisland.com/profiles/osm-way-340265851.html,https://www.findmyisland.com/islands/england/black-rock-osm-way-340265851/,301,FALSE,FALSE,FALSE,FALSE
https://www.findmyisland.com/?island=osm-way-340265851,https://www.findmyisland.com/islands/england/black-rock-osm-way-340265851/,301,FALSE,FALSE,FALSE,FALSE
https://www.findmyisland.com/profiles/osm-way-414127969.html,https://www.findmyisland.com/islands/england/black-rock-osm-way-414127969/,301,FALSE,FALSE,FALSE,FALSE
https://www.findmyisland.com/?island=osm-way-414127969,https://www.findmyisland.com/islands/england/black-rock-osm-way-414127969/,301,FALSE,FALSE,FALSE,FALSE
https://www.findmyisland.com/profiles/osm-way-457907632.html,https://www.findmyisland.com/islands/wales/black-rock-severn-estuary/,301,FALSE,FALSE,FALSE,FALSE
https://www.findmyisland.com/?island=osm-way-457907632,https://www.findmyisland.com/islands/wales/black-rock-severn-estuary/,301,FALSE,FALSE,FALSE,FALSE
https://www.findmyisland.com/profiles/osm-way-480571017.html,https://www.findmyisland.com/islands/ireland/black-rock-osm-way-480571017/,301,FALSE,FALSE,FALSE,FALSE
https://www.findmyisland.com/?island=osm-way-480571017,https://www.findmyisland.com/islands/ireland/black-rock-osm-way-480571017/,301,FALSE,FALSE,FALSE,FALSE
https://www.findmyisland.com/profiles/osm-way-617148694.html,https://www.findmyisland.com/islands/ireland/black-rock-osm-way-617148694/,301,FALSE,FALSE,FALSE,FALSE
https://www.findmyisland.com/?island=osm-way-617148694,https://www.findmyisland.com/islands/ireland/black-rock-osm-way-617148694/,301,FALSE,FALSE,FALSE,FALSE
https://www.findmyisland.com/profiles/osm-way-850069815.html,https://www.findmyisland.com/islands/ireland/black-rock-osm-way-850069815/,301,FALSE,FALSE,FALSE,FALSE
https://www.findmyisland.com/?island=osm-way-850069815,https://www.findmyisland.com/islands/ireland/black-rock-osm-way-850069815/,301,FALSE,FALSE,FALSE,FALSE
https://www.findmyisland.com/profiles/osm-way-1099456933.html,https://www.findmyisland.com/islands/ireland/black-rock-osm-way-1099456933/,301,FALSE,FALSE,FALSE,FALSE
https://www.findmyisland.com/?island=osm-way-1099456933,https://www.findmyisland.com/islands/ireland/black-rock-osm-way-1099456933/,301,FALSE,FALSE,FALSE,FALSE
https://www.findmyisland.com/profiles/osm-way-1263258953.html,https://www.findmyisland.com/islands/ireland/black-rock-lough-mask/,301,FALSE,FALSE,FALSE,FALSE
https://www.findmyisland.com/?island=osm-way-1263258953,https://www.findmyisland.com/islands/ireland/black-rock-lough-mask/,301,FALSE,FALSE,FALSE,FALSE
https://www.findmyisland.com/profiles/wd-Q24658940.html,https://www.findmyisland.com/islands/england/black-rock-wd-q24658940/,301,FALSE,FALSE,FALSE,FALSE
https://www.findmyisland.com/?island=wd-Q24658940,https://www.findmyisland.com/islands/england/black-rock-wd-q24658940/,301,FALSE,FALSE,FALSE,FALSE
https://www.findmyisland.com/profiles/osm-node-7633022311.html,https://www.findmyisland.com/islands/northern-ireland/black-rock/,301,FALSE,FALSE,FALSE,FALSE
https://www.findmyisland.com/?island=osm-node-7633022311,https://www.findmyisland.com/islands/northern-ireland/black-rock/,301,FALSE,FALSE,FALSE,FALSE
https://www.findmyisland.com/profiles/osm-node-7843636371.html,https://www.findmyisland.com/islands/ireland/black-rock/,301,FALSE,FALSE,FALSE,FALSE
https://www.findmyisland.com/?island=osm-node-7843636371,https://www.findmyisland.com/islands/ireland/black-rock/,301,FALSE,FALSE,FALSE,FALSE
https://www.findmyisland.com/profiles/osm-node-8148500795.html,https://www.findmyisland.com/islands/northern-ireland/black-rock-osm-node-8148500795/,301,FALSE,FALSE,FALSE,FALSE
https://www.findmyisland.com/?island=osm-node-8148500795,https://www.findmyisland.com/islands/northern-ireland/black-rock-osm-node-8148500795/,301,FALSE,FALSE,FALSE,FALSE
https://www.findmyisland.com/profiles/osm-node-9154783745.html,https://www.findmyisland.com/islands/england/black-rock/,301,FALSE,FALSE,FALSE,FALSE
https://www.findmyisland.com/?island=osm-node-9154783745,https://www.findmyisland.com/islands/england/black-rock/,301,FALSE,FALSE,FALSE,FALSE
https://www.findmyisland.com/profiles/osm-relation-3185882.html,https://www.findmyisland.com/islands/england/black-rocks/,301,FALSE,FALSE,FALSE,FALSE
https://www.findmyisland.com/?island=osm-relation-3185882,https://www.findmyisland.com/islands/england/black-rocks/,301,FALSE,FALSE,FALSE,FALSE
https://www.findmyisland.com/profiles/osm-way-221046651.html,https://www.findmyisland.com/islands/ireland/black-rocks/,301,FALSE,FALSE,FALSE,FALSE
https://www.findmyisland.com/?island=osm-way-221046651,https://www.findmyisland.com/islands/ireland/black-rocks/,301,FALSE,FALSE,FALSE,FALSE
https://www.findmyisland.com/profiles/osm-way-312562008.html,https://www.findmyisland.com/islands/ireland/black-rocks-osm-way-312562008/,301,FALSE,FALSE,FALSE,FALSE
https://www.findmyisland.com/?island=osm-way-312562008,https://www.findmyisland.com/islands/ireland/black-rocks-osm-way-312562008/,301,FALSE,FALSE,FALSE,FALSE
https://www.findmyisland.com/profiles/osm-way-581007652.html,https://www.findmyisland.com/islands/ireland/black-rocks-osm-way-581007652/,301,FALSE,FALSE,FALSE,FALSE
https://www.findmyisland.com/?island=osm-way-581007652,https://www.findmyisland.com/islands/ireland/black-rocks-osm-way-581007652/,301,FALSE,FALSE,FALSE,FALSE
https://www.findmyisland.com/profiles/osm-way-226558708.html,https://www.findmyisland.com/islands/wales/black-scar/,301,FALSE,FALSE,FALSE,FALSE
https://www.findmyisland.com/?island=osm-way-226558708,https://www.findmyisland.com/islands/wales/black-scar/,301,FALSE,FALSE,FALSE,FALSE
https://www.findmyisland.com/profiles/osm-way-229423764.html,https://www.findmyisland.com/islands/scotland/black-skerry/,301,FALSE,FALSE,FALSE,FALSE
https://www.findmyisland.com/?island=osm-way-229423764,https://www.findmyisland.com/islands/scotland/black-skerry/,301,FALSE,FALSE,FALSE,FALSE
https://www.findmyisland.com/profiles/wd-Q24656861.html,https://www.findmyisland.com/islands/scotland/black-skerry-wd-q24656861/,301,FALSE,FALSE,FALSE,FALSE
https://www.findmyisland.com/?island=wd-Q24656861,https://www.findmyisland.com/islands/scotland/black-skerry-wd-q24656861/,301,FALSE,FALSE,FALSE,FALSE
https://www.findmyisland.com/profiles/wd-Q24657177.html,https://www.findmyisland.com/islands/scotland/black-skerry-wd-q24657177/,301,FALSE,FALSE,FALSE,FALSE
https://www.findmyisland.com/?island=wd-Q24657177,https://www.findmyisland.com/islands/scotland/black-skerry-wd-q24657177/,301,FALSE,FALSE,FALSE,FALSE
https://www.findmyisland.com/profiles/osm-way-938083302.html,https://www.findmyisland.com/islands/scotland/black-stane/,301,FALSE,FALSE,FALSE,FALSE
https://www.findmyisland.com/?island=osm-way-938083302,https://www.findmyisland.com/islands/scotland/black-stane/,301,FALSE,FALSE,FALSE,FALSE
https://www.findmyisland.com/profiles/wd-Q24659647.html,https://www.findmyisland.com/islands/england/black-stone/,301,FALSE,FALSE,FALSE,FALSE
https://www.findmyisland.com/?island=wd-Q24659647,https://www.findmyisland.com/islands/england/black-stone/,301,FALSE,FALSE,FALSE,FALSE
https://www.findmyisland.com/profiles/osm-way-88143446.html,https://www.findmyisland.com/islands/ireland/black-toms-island/,301,FALSE,FALSE,FALSE,FALSE
https://www.findmyisland.com/?island=osm-way-88143446,https://www.findmyisland.com/islands/ireland/black-toms-island/,301,FALSE,FALSE,FALSE,FALSE
https://www.findmyisland.com/profiles/blackchurch-rock.html,https://www.findmyisland.com/islands/england/blackchurch-rock/,301,FALSE,FALSE,FALSE,FALSE
https://www.findmyisland.com/?island=blackchurch-rock,https://www.findmyisland.com/islands/england/blackchurch-rock/,301,FALSE,FALSE,FALSE,FALSE
https://www.findmyisland.com/profiles/wd-Q24657174.html,https://www.findmyisland.com/islands/scotland/blackdyke/,301,FALSE,FALSE,FALSE,FALSE
https://www.findmyisland.com/?island=wd-Q24657174,https://www.findmyisland.com/islands/scotland/blackdyke/,301,FALSE,FALSE,FALSE,FALSE
https://www.findmyisland.com/profiles/osm-way-4563622.html,https://www.findmyisland.com/islands/ireland/blackthorn-island/,301,FALSE,FALSE,FALSE,FALSE
https://www.findmyisland.com/?island=osm-way-4563622,https://www.findmyisland.com/islands/ireland/blackthorn-island/,301,FALSE,FALSE,FALSE,FALSE
https://www.findmyisland.com/profiles/wd-Q26716288.html,https://www.findmyisland.com/islands/ireland/blackwater-bank-wd-q26716288/,301,FALSE,FALSE,FALSE,FALSE
https://www.findmyisland.com/?island=wd-Q26716288,https://www.findmyisland.com/islands/ireland/blackwater-bank-wd-q26716288/,301,FALSE,FALSE,FALSE,FALSE
https://www.findmyisland.com/profiles/wd-Q24656877.html,https://www.findmyisland.com/islands/scotland/blae-rock/,301,FALSE,FALSE,FALSE,FALSE
https://www.findmyisland.com/?island=wd-Q24656877,https://www.findmyisland.com/islands/scotland/blae-rock/,301,FALSE,FALSE,FALSE,FALSE
https://www.findmyisland.com/profiles/osm-way-590274668.html,https://www.findmyisland.com/islands/scotland/blaeberry-island/,301,FALSE,FALSE,FALSE,FALSE
https://www.findmyisland.com/?island=osm-way-590274668,https://www.findmyisland.com/islands/scotland/blaeberry-island/,301,FALSE,FALSE,FALSE,FALSE
https://www.findmyisland.com/profiles/blake-holme-w75312776.html,https://www.findmyisland.com/islands/england/blake-holme-w75312776/,301,FALSE,FALSE,FALSE,FALSE
https://www.findmyisland.com/?island=blake-holme-w75312776,https://www.findmyisland.com/islands/england/blake-holme-w75312776/,301,FALSE,FALSE,FALSE,FALSE
https://www.findmyisland.com/profiles/osm-way-1303347105.html,https://www.findmyisland.com/islands/ireland/blakes-island/,301,FALSE,FALSE,FALSE,FALSE
https://www.findmyisland.com/?island=osm-way-1303347105,https://www.findmyisland.com/islands/ireland/blakes-island/,301,FALSE,FALSE,FALSE,FALSE
https://www.findmyisland.com/profiles/wd-Q24656879.html,https://www.findmyisland.com/islands/england/blakeney-knock/,301,FALSE,FALSE,FALSE,FALSE
https://www.findmyisland.com/?island=wd-Q24656879,https://www.findmyisland.com/islands/england/blakeney-knock/,301,FALSE,FALSE,FALSE,FALSE
https://www.findmyisland.com/profiles/osm-way-1034494611.html,https://www.findmyisland.com/islands/ireland/blarney-lake-bird-nest-island/,301,FALSE,FALSE,FALSE,FALSE
https://www.findmyisland.com/?island=osm-way-1034494611,https://www.findmyisland.com/islands/ireland/blarney-lake-bird-nest-island/,301,FALSE,FALSE,FALSE,FALSE
https://www.findmyisland.com/profiles/osm-relation-3516643.html,https://www.findmyisland.com/islands/northern-ireland/bleanish-island/,301,FALSE,FALSE,FALSE,FALSE
https://www.findmyisland.com/?island=osm-relation-3516643,https://www.findmyisland.com/islands/northern-ireland/bleanish-island/,301,FALSE,FALSE,FALSE,FALSE
https://www.findmyisland.com/profiles/osm-way-4561685.html,https://www.findmyisland.com/islands/ireland/bleanmore-island/,301,FALSE,FALSE,FALSE,FALSE
https://www.findmyisland.com/?island=osm-way-4561685,https://www.findmyisland.com/islands/ireland/bleanmore-island/,301,FALSE,FALSE,FALSE,FALSE
https://www.findmyisland.com/profiles/wd-Q25634954.html,https://www.findmyisland.com/islands/scotland/blotchnie-fiold/,301,FALSE,FALSE,FALSE,FALSE
https://www.findmyisland.com/?island=wd-Q25634954,https://www.findmyisland.com/islands/scotland/blotchnie-fiold/,301,FALSE,FALSE,FALSE,FALSE
https://www.findmyisland.com/profiles/osm-way-367353150.html,https://www.findmyisland.com/islands/scotland/blount-island/,301,FALSE,FALSE,FALSE,FALSE
https://www.findmyisland.com/?island=osm-way-367353150,https://www.findmyisland.com/islands/scotland/blount-island/,301,FALSE,FALSE,FALSE,FALSE
https://www.findmyisland.com/profiles/osm-way-61921352.html,https://www.findmyisland.com/islands/scotland/blue-caps/,301,FALSE,FALSE,FALSE,FALSE
https://www.findmyisland.com/?island=osm-way-61921352,https://www.findmyisland.com/islands/scotland/blue-caps/,301,FALSE,FALSE,FALSE,FALSE
https://www.findmyisland.com/profiles/osm-way-1419431997.html,https://www.findmyisland.com/islands/england/blue-island/,301,FALSE,FALSE,FALSE,FALSE
https://www.findmyisland.com/?island=osm-way-1419431997,https://www.findmyisland.com/islands/england/blue-island/,301,FALSE,FALSE,FALSE,FALSE
https://www.findmyisland.com/profiles/osm-way-220882668.html,https://www.findmyisland.com/islands/ireland/blue-islands/,301,FALSE,FALSE,FALSE,FALSE
https://www.findmyisland.com/?island=osm-way-220882668,https://www.findmyisland.com/islands/ireland/blue-islands/,301,FALSE,FALSE,FALSE,FALSE
https://www.findmyisland.com/profiles/osm-way-111861844.html,https://www.findmyisland.com/islands/england/blue-snow-goose-island/,301,FALSE,FALSE,FALSE,FALSE
https://www.findmyisland.com/?island=osm-way-111861844,https://www.findmyisland.com/islands/england/blue-snow-goose-island/,301,FALSE,FALSE,FALSE,FALSE
https://www.findmyisland.com/profiles/osm-way-522680841.html,https://www.findmyisland.com/islands/ireland/bluecave-rock/,301,FALSE,FALSE,FALSE,FALSE
https://www.findmyisland.com/?island=osm-way-522680841,https://www.findmyisland.com/islands/ireland/bluecave-rock/,301,FALSE,FALSE,FALSE,FALSE
https://www.findmyisland.com/profiles/wd-Q24656895.html,https://www.findmyisland.com/islands/scotland/bo-deobedal/,301,FALSE,FALSE,FALSE,FALSE
https://www.findmyisland.com/?island=wd-Q24656895,https://www.findmyisland.com/islands/scotland/bo-deobedal/,301,FALSE,FALSE,FALSE,FALSE
https://www.findmyisland.com/profiles/osm-way-4559338.html,https://www.findmyisland.com/islands/ireland/bo-island/,301,FALSE,FALSE,FALSE,FALSE
https://www.findmyisland.com/?island=osm-way-4559338,https://www.findmyisland.com/islands/ireland/bo-island/,301,FALSE,FALSE,FALSE,FALSE
https://www.findmyisland.com/profiles/wd-Q24656912.html,https://www.findmyisland.com/islands/scotland/bo-mor/,301,FALSE,FALSE,FALSE,FALSE
https://www.findmyisland.com/?island=wd-Q24656912,https://www.findmyisland.com/islands/scotland/bo-mor/,301,FALSE,FALSE,FALSE,FALSE
https://www.findmyisland.com/profiles/wd-Q24654283.html,https://www.findmyisland.com/islands/scotland/bo-ruadh/,301,FALSE,FALSE,FALSE,FALSE
https://www.findmyisland.com/?island=wd-Q24654283,https://www.findmyisland.com/islands/scotland/bo-ruadh/,301,FALSE,FALSE,FALSE,FALSE
https://www.findmyisland.com/profiles/osm-relation-3512150.html,https://www.findmyisland.com/islands/northern-ireland/boa-island/,301,FALSE,FALSE,FALSE,FALSE
https://www.findmyisland.com/?island=osm-relation-3512150,https://www.findmyisland.com/islands/northern-ireland/boa-island/,301,FALSE,FALSE,FALSE,FALSE
https://www.findmyisland.com/profiles/osm-way-450119897.html,https://www.findmyisland.com/islands/ireland/boat-harbour/,301,FALSE,FALSE,FALSE,FALSE
https://www.findmyisland.com/?island=osm-way-450119897,https://www.findmyisland.com/islands/ireland/boat-harbour/,301,FALSE,FALSE,FALSE,FALSE
https://www.findmyisland.com/profiles/osm-way-4254648.html,https://www.findmyisland.com/islands/england/boat-house-island/,301,FALSE,FALSE,FALSE,FALSE
https://www.findmyisland.com/?island=osm-way-4254648,https://www.findmyisland.com/islands/england/boat-house-island/,301,FALSE,FALSE,FALSE,FALSE
https://www.findmyisland.com/profiles/osm-relation-4087461.html,https://www.findmyisland.com/islands/northern-ireland/boat-island/,301,FALSE,FALSE,FALSE,FALSE
https://www.findmyisland.com/?island=osm-relation-4087461,https://www.findmyisland.com/islands/northern-ireland/boat-island/,301,FALSE,FALSE,FALSE,FALSE
https://www.findmyisland.com/profiles/osm-way-245294582.html,https://www.findmyisland.com/islands/ireland/boathouse-island/,301,FALSE,FALSE,FALSE,FALSE
https://www.findmyisland.com/?island=osm-way-245294582,https://www.findmyisland.com/islands/ireland/boathouse-island/,301,FALSE,FALSE,FALSE,FALSE
https://www.findmyisland.com/profiles/osm-relation-12592552.html,https://www.findmyisland.com/islands/england/boathouse-island/,301,FALSE,FALSE,FALSE,FALSE
https://www.findmyisland.com/?island=osm-relation-12592552,https://www.findmyisland.com/islands/england/boathouse-island/,301,FALSE,FALSE,FALSE,FALSE
https://www.findmyisland.com/profiles/osm-way-195207447.html,https://www.findmyisland.com/islands/northern-ireland/bockan-island/,301,FALSE,FALSE,FALSE,FALSE
https://www.findmyisland.com/?island=osm-way-195207447,https://www.findmyisland.com/islands/northern-ireland/bockan-island/,301,FALSE,FALSE,FALSE,FALSE
https://www.findmyisland.com/profiles/osm-way-241012047.html,https://www.findmyisland.com/islands/scotland/bodach/,301,FALSE,FALSE,FALSE,FALSE
https://www.findmyisland.com/?island=osm-way-241012047,https://www.findmyisland.com/islands/scotland/bodach/,301,FALSE,FALSE,FALSE,FALSE
https://www.findmyisland.com/profiles/osm-node-13604252588.html,https://www.findmyisland.com/islands/scotland/bodach-dearg/,301,FALSE,FALSE,FALSE,FALSE
https://www.findmyisland.com/?island=osm-node-13604252588,https://www.findmyisland.com/islands/scotland/bodach-dearg/,301,FALSE,FALSE,FALSE,FALSE
https://www.findmyisland.com/profiles/wd-Q55605678.html,https://www.findmyisland.com/islands/scotland/bodinbo-island/,301,FALSE,FALSE,FALSE,FALSE
https://www.findmyisland.com/?island=wd-Q55605678,https://www.findmyisland.com/islands/scotland/bodinbo-island/,301,FALSE,FALSE,FALSE,FALSE
https://www.findmyisland.com/profiles/osm-way-1056534253.html,https://www.findmyisland.com/islands/scotland/bogha-chaslaic/,301,FALSE,FALSE,FALSE,FALSE
https://www.findmyisland.com/?island=osm-way-1056534253,https://www.findmyisland.com/islands/scotland/bogha-chaslaic/,301,FALSE,FALSE,FALSE,FALSE
https://www.findmyisland.com/profiles/osm-way-44945723.html,https://www.findmyisland.com/islands/scotland/bogha-claidheamh/,301,FALSE,FALSE,FALSE,FALSE
https://www.findmyisland.com/?island=osm-way-44945723,https://www.findmyisland.com/islands/scotland/bogha-claidheamh/,301,FALSE,FALSE,FALSE,FALSE
https://www.findmyisland.com/profiles/osm-way-28222528.html,https://www.findmyisland.com/islands/scotland/bogha-corr/,301,FALSE,FALSE,FALSE,FALSE
https://www.findmyisland.com/?island=osm-way-28222528,https://www.findmyisland.com/islands/scotland/bogha-corr/,301,FALSE,FALSE,FALSE,FALSE
https://www.findmyisland.com/profiles/osm-way-487496089.html,https://www.findmyisland.com/islands/scotland/bogha-dearg/,301,FALSE,FALSE,FALSE,FALSE
https://www.findmyisland.com/?island=osm-way-487496089,https://www.findmyisland.com/islands/scotland/bogha-dearg/,301,FALSE,FALSE,FALSE,FALSE
https://www.findmyisland.com/profiles/osm-way-1358089335.html,https://www.findmyisland.com/islands/scotland/bogha-ladhrach/,301,FALSE,FALSE,FALSE,FALSE
https://www.findmyisland.com/?island=osm-way-1358089335,https://www.findmyisland.com/islands/scotland/bogha-ladhrach/,301,FALSE,FALSE,FALSE,FALSE
https://www.findmyisland.com/profiles/osm-way-28222522.html,https://www.findmyisland.com/islands/scotland/bogha-leathainn/,301,FALSE,FALSE,FALSE,FALSE
https://www.findmyisland.com/?island=osm-way-28222522,https://www.findmyisland.com/islands/scotland/bogha-leathainn/,301,FALSE,FALSE,FALSE,FALSE
https://www.findmyisland.com/profiles/osm-way-215327682.html,https://www.findmyisland.com/islands/scotland/bogha-leathan/,301,FALSE,FALSE,FALSE,FALSE
https://www.findmyisland.com/?island=osm-way-215327682,https://www.findmyisland.com/islands/scotland/bogha-leathan/,301,FALSE,FALSE,FALSE,FALSE
https://www.findmyisland.com/profiles/osm-way-44945645.html,https://www.findmyisland.com/islands/scotland/bogha-mor/,301,FALSE,FALSE,FALSE,FALSE
https://www.findmyisland.com/?island=osm-way-44945645,https://www.findmyisland.com/islands/scotland/bogha-mor/,301,FALSE,FALSE,FALSE,FALSE
https://www.findmyisland.com/profiles/osm-way-207233499.html,https://www.findmyisland.com/islands/scotland/bogha-na-fionn-aird/,301,FALSE,FALSE,FALSE,FALSE
https://www.findmyisland.com/?island=osm-way-207233499,https://www.findmyisland.com/islands/scotland/bogha-na-fionn-aird/,301,FALSE,FALSE,FALSE,FALSE
https://www.findmyisland.com/profiles/osm-way-1358089363.html,https://www.findmyisland.com/islands/scotland/bogha-na-sgeire-moire/,301,FALSE,FALSE,FALSE,FALSE
https://www.findmyisland.com/?island=osm-way-1358089363,https://www.findmyisland.com/islands/scotland/bogha-na-sgeire-moire/,301,FALSE,FALSE,FALSE,FALSE
https://www.findmyisland.com/profiles/wd-Q24656902.html,https://www.findmyisland.com/islands/scotland/bogha-reidh/,301,FALSE,FALSE,FALSE,FALSE
https://www.findmyisland.com/?island=wd-Q24656902,https://www.findmyisland.com/islands/scotland/bogha-reidh/,301,FALSE,FALSE,FALSE,FALSE
https://www.findmyisland.com/profiles/osm-way-958824426.html,https://www.findmyisland.com/islands/scotland/bogha-ruadh/,301,FALSE,FALSE,FALSE,FALSE
https://www.findmyisland.com/?island=osm-way-958824426,https://www.findmyisland.com/islands/scotland/bogha-ruadh/,301,FALSE,FALSE,FALSE,FALSE
https://www.findmyisland.com/profiles/wd-Q45896935.html,https://www.findmyisland.com/islands/scotland/bogha-ruadh-wd-q45896935/,301,FALSE,FALSE,FALSE,FALSE
https://www.findmyisland.com/?island=wd-Q45896935,https://www.findmyisland.com/islands/scotland/bogha-ruadh-wd-q45896935/,301,FALSE,FALSE,FALSE,FALSE
https://www.findmyisland.com/profiles/osm-way-958824427.html,https://www.findmyisland.com/islands/scotland/bogha-thangaraidh/,301,FALSE,FALSE,FALSE,FALSE
https://www.findmyisland.com/?island=osm-way-958824427,https://www.findmyisland.com/islands/scotland/bogha-thangaraidh/,301,FALSE,FALSE,FALSE,FALSE
https://www.findmyisland.com/profiles/osm-way-28222527.html,https://www.findmyisland.com/islands/scotland/boghannan-as-iar/,301,FALSE,FALSE,FALSE,FALSE
https://www.findmyisland.com/?island=osm-way-28222527,https://www.findmyisland.com/islands/scotland/boghannan-as-iar/,301,FALSE,FALSE,FALSE,FALSE
https://www.findmyisland.com/profiles/wd-Q26717728.html,https://www.findmyisland.com/islands/ireland/boghilmore-island-lough-corrib/,301,FALSE,FALSE,FALSE,FALSE
https://www.findmyisland.com/?island=wd-Q26717728,https://www.findmyisland.com/islands/ireland/boghilmore-island-lough-corrib/,301,FALSE,FALSE,FALSE,FALSE
https://www.findmyisland.com/profiles/osm-way-4010382.html,https://www.findmyisland.com/islands/scotland/boreray-osm-way-4010382/,301,FALSE,FALSE,FALSE,FALSE
https://www.findmyisland.com/?island=osm-way-4010382,https://www.findmyisland.com/islands/scotland/boreray-osm-way-4010382/,301,FALSE,FALSE,FALSE,FALSE
https://www.findmyisland.com/profiles/osm-way-25393114.html,https://www.findmyisland.com/islands/scotland/boreray/,301,FALSE,FALSE,FALSE,FALSE
https://www.findmyisland.com/?island=osm-way-25393114,https://www.findmyisland.com/islands/scotland/boreray/,301,FALSE,FALSE,FALSE,FALSE
https://www.findmyisland.com/profiles/osm-relation-1162536.html,https://www.findmyisland.com/islands/scotland/bottle-island/,301,FALSE,FALSE,FALSE,FALSE
https://www.findmyisland.com/?island=osm-relation-1162536,https://www.findmyisland.com/islands/scotland/bottle-island/,301,FALSE,FALSE,FALSE,FALSE
https://www.findmyisland.com/profiles/osm-way-23681931.html,https://www.findmyisland.com/islands/england/boulters-island/,301,FALSE,FALSE,FALSE,FALSE
https://www.findmyisland.com/?island=osm-way-23681931,https://www.findmyisland.com/islands/england/boulters-island/,301,FALSE,FALSE,FALSE,FALSE
https://www.findmyisland.com/profiles/osm-way-886559133.html,https://www.findmyisland.com/islands/scotland/bound-skerry/,301,FALSE,FALSE,FALSE,FALSE
https://www.findmyisland.com/?island=osm-way-886559133,https://www.findmyisland.com/islands/scotland/bound-skerry/,301,FALSE,FALSE,FALSE,FALSE
https://www.findmyisland.com/profiles/osm-way-177941486.html,https://www.findmyisland.com/islands/scotland/bow-fiddle-rock/,301,FALSE,FALSE,FALSE,FALSE
https://www.findmyisland.com/?island=osm-way-177941486,https://www.findmyisland.com/islands/scotland/bow-fiddle-rock/,301,FALSE,FALSE,FALSE,FALSE
https://www.findmyisland.com/profiles/osm-way-48076587.html,https://www.findmyisland.com/islands/england/boyle-farm-island/,301,FALSE,FALSE,FALSE,FALSE
https://www.findmyisland.com/?island=osm-way-48076587,https://www.findmyisland.com/islands/england/boyle-farm-island/,301,FALSE,FALSE,FALSE,FALSE
https://www.findmyisland.com/profiles/osm-way-28256216.html,https://www.findmyisland.com/islands/scotland/bradastac/,301,FALSE,FALSE,FALSE,FALSE
https://www.findmyisland.com/?island=osm-way-28256216,https://www.findmyisland.com/islands/scotland/bradastac/,301,FALSE,FALSE,FALSE,FALSE
https://www.findmyisland.com/profiles/osm-way-240873206.html,https://www.findmyisland.com/islands/england/brayford-island/,301,FALSE,FALSE,FALSE,FALSE
https://www.findmyisland.com/?island=osm-way-240873206,https://www.findmyisland.com/islands/england/brayford-island/,301,FALSE,FALSE,FALSE,FALSE
https://www.findmyisland.com/profiles/wd-Q4959118.html,https://www.findmyisland.com/islands/scotland/breachacha-crannog/,301,FALSE,FALSE,FALSE,FALSE
https://www.findmyisland.com/?island=wd-Q4959118,https://www.findmyisland.com/islands/scotland/breachacha-crannog/,301,FALSE,FALSE,FALSE,FALSE
https://www.findmyisland.com/profiles/osm-way-2956911.html,https://www.findmyisland.com/islands/crown-dependencies/brecqhou/,301,FALSE,FALSE,FALSE,FALSE
https://www.findmyisland.com/?island=osm-way-2956911,https://www.findmyisland.com/islands/crown-dependencies/brecqhou/,301,FALSE,FALSE,FALSE,FALSE
https://www.findmyisland.com/profiles/osm-way-1032656642.html,https://www.findmyisland.com/islands/scotland/brei-holm/,301,FALSE,FALSE,FALSE,FALSE
https://www.findmyisland.com/?island=osm-way-1032656642,https://www.findmyisland.com/islands/scotland/brei-holm/,301,FALSE,FALSE,FALSE,FALSE
https://www.findmyisland.com/profiles/thames-brentford.html,https://www.findmyisland.com/islands/england/thames-brentford/,301,FALSE,FALSE,FALSE,FALSE
https://www.findmyisland.com/?island=thames-brentford,https://www.findmyisland.com/islands/england/thames-brentford/,301,FALSE,FALSE,FALSE,FALSE
https://www.findmyisland.com/profiles/osm-way-505392462.html,https://www.findmyisland.com/islands/england/brentford-ait/,301,FALSE,FALSE,FALSE,FALSE
https://www.findmyisland.com/?island=osm-way-505392462,https://www.findmyisland.com/islands/england/brentford-ait/,301,FALSE,FALSE,FALSE,FALSE
https://www.findmyisland.com/profiles/osm-relation-2291884.html,https://www.findmyisland.com/islands/scotland/bressay/,301,FALSE,FALSE,FALSE,FALSE
https://www.findmyisland.com/?island=osm-relation-2291884,https://www.findmyisland.com/islands/scotland/bressay/,301,FALSE,FALSE,FALSE,FALSE
https://www.findmyisland.com/profiles/osm-way-23682150.html,https://www.findmyisland.com/islands/england/bridge-eyot/,301,FALSE,FALSE,FALSE,FALSE
https://www.findmyisland.com/?island=osm-way-23682150,https://www.findmyisland.com/islands/england/bridge-eyot/,301,FALSE,FALSE,FALSE,FALSE
https://www.findmyisland.com/profiles/osm-way-67823784.html,https://www.findmyisland.com/islands/england/bridgemarsh-island/,301,FALSE,FALSE,FALSE,FALSE
https://www.findmyisland.com/?island=osm-way-67823784,https://www.findmyisland.com/islands/england/bridgemarsh-island/,301,FALSE,FALSE,FALSE,FALSE
https://www.findmyisland.com/profiles/osm-way-472294380.html,https://www.findmyisland.com/islands/ireland/broken-fort/,301,FALSE,FALSE,FALSE,FALSE
https://www.findmyisland.com/?island=osm-way-472294380,https://www.findmyisland.com/islands/ireland/broken-fort/,301,FALSE,FALSE,FALSE,FALSE
https://www.findmyisland.com/profiles/osm-way-144456292.html,https://www.findmyisland.com/islands/scotland/brosdale-island/,301,FALSE,FALSE,FALSE,FALSE
https://www.findmyisland.com/?island=osm-way-144456292,https://www.findmyisland.com/islands/scotland/brosdale-island/,301,FALSE,FALSE,FALSE,FALSE
https://www.findmyisland.com/profiles/osm-relation-20341736.html,https://www.findmyisland.com/islands/scotland/brother-isle/,301,FALSE,FALSE,FALSE,FALSE
https://www.findmyisland.com/?island=osm-relation-20341736,https://www.findmyisland.com/islands/scotland/brother-isle/,301,FALSE,FALSE,FALSE,FALSE
https://www.findmyisland.com/profiles/wd-Q4975766.html,https://www.findmyisland.com/islands/scotland/brough-holm/,301,FALSE,FALSE,FALSE,FALSE
https://www.findmyisland.com/?island=wd-Q4975766,https://www.findmyisland.com/islands/scotland/brough-holm/,301,FALSE,FALSE,FALSE,FALSE
https://www.findmyisland.com/profiles/osm-way-4569428.html,https://www.findmyisland.com/islands/scotland/brough-of-birsay/,301,FALSE,FALSE,FALSE,FALSE
https://www.findmyisland.com/?island=osm-way-4569428,https://www.findmyisland.com/islands/scotland/brough-of-birsay/,301,FALSE,FALSE,FALSE,FALSE
https://www.findmyisland.com/profiles/brownsea.html,https://www.findmyisland.com/islands/england/brownsea/,301,FALSE,FALSE,FALSE,FALSE
https://www.findmyisland.com/?island=brownsea,https://www.findmyisland.com/islands/england/brownsea/,301,FALSE,FALSE,FALSE,FALSE
https://www.findmyisland.com/profiles/osm-way-40201357.html,https://www.findmyisland.com/islands/scotland/bruray/,301,FALSE,FALSE,FALSE,FALSE
https://www.findmyisland.com/?island=osm-way-40201357,https://www.findmyisland.com/islands/scotland/bruray/,301,FALSE,FALSE,FALSE,FALSE
https://www.findmyisland.com/profiles/osm-relation-3217444.html,https://www.findmyisland.com/islands/england/bryher/,301,FALSE,FALSE,FALSE,FALSE
https://www.findmyisland.com/?island=osm-relation-3217444,https://www.findmyisland.com/islands/england/bryher/,301,FALSE,FALSE,FALSE,FALSE
https://www.findmyisland.com/profiles/osm-way-4821998.html,https://www.findmyisland.com/islands/scotland/bucinch/,301,FALSE,FALSE,FALSE,FALSE
https://www.findmyisland.com/?island=osm-way-4821998,https://www.findmyisland.com/islands/scotland/bucinch/,301,FALSE,FALSE,FALSE,FALSE
https://www.findmyisland.com/profiles/osm-way-55539041.html,https://www.findmyisland.com/islands/england/buck-ait/,301,FALSE,FALSE,FALSE,FALSE
https://www.findmyisland.com/?island=osm-way-55539041,https://www.findmyisland.com/islands/england/buck-ait/,301,FALSE,FALSE,FALSE,FALSE
https://www.findmyisland.com/profiles/wd-Q27835248.html,https://www.findmyisland.com/islands/scotland/buiston-crannog/,301,FALSE,FALSE,FALSE,FALSE
https://www.findmyisland.com/?island=wd-Q27835248,https://www.findmyisland.com/islands/scotland/buiston-crannog/,301,FALSE,FALSE,FALSE,FALSE
https://www.findmyisland.com/profiles/wd-Q3778009.html,https://www.findmyisland.com/islands/ireland/bull-island/,301,FALSE,FALSE,FALSE,FALSE
https://www.findmyisland.com/?island=wd-Q3778009,https://www.findmyisland.com/islands/ireland/bull-island/,301,FALSE,FALSE,FALSE,FALSE
https://www.findmyisland.com/profiles/osm-way-4554779.html,https://www.findmyisland.com/islands/ireland/bull-rock/,301,FALSE,FALSE,FALSE,FALSE
https://www.findmyisland.com/?island=osm-way-4554779,https://www.findmyisland.com/islands/ireland/bull-rock/,301,FALSE,FALSE,FALSE,FALSE
https://www.findmyisland.com/profiles/burgh-island.html,https://www.findmyisland.com/islands/england/burgh-island/,301,FALSE,FALSE,FALSE,FALSE
https://www.findmyisland.com/?island=burgh-island,https://www.findmyisland.com/islands/england/burgh-island/,301,FALSE,FALSE,FALSE,FALSE
https://www.findmyisland.com/profiles/osm-way-3404592.html,https://www.findmyisland.com/islands/crown-dependencies/burhou/,301,FALSE,FALSE,FALSE,FALSE
https://www.findmyisland.com/?island=osm-way-3404592,https://www.findmyisland.com/islands/crown-dependencies/burhou/,301,FALSE,FALSE,FALSE,FALSE
https://www.findmyisland.com/profiles/osm-way-237383469.html,https://www.findmyisland.com/islands/england/burnt-island/,301,FALSE,FALSE,FALSE,FALSE
https://www.findmyisland.com/?island=osm-way-237383469,https://www.findmyisland.com/islands/england/burnt-island/,301,FALSE,FALSE,FALSE,FALSE
https://www.findmyisland.com/profiles/csv-geocoded-Q1016854.html,https://www.findmyisland.com/islands/scotland/burnt-islands/,301,FALSE,FALSE,FALSE,FALSE
https://www.findmyisland.com/?island=csv-geocoded-Q1016854,https://www.findmyisland.com/islands/scotland/burnt-islands/,301,FALSE,FALSE,FALSE,FALSE
https://www.findmyisland.com/profiles/osm-way-4001433.html,https://www.findmyisland.com/islands/england/burntwick-island/,301,FALSE,FALSE,FALSE,FALSE
https://www.findmyisland.com/?island=osm-way-4001433,https://www.findmyisland.com/islands/england/burntwick-island/,301,FALSE,FALSE,FALSE,FALSE
https://www.findmyisland.com/profiles/osm-relation-3148462.html,https://www.findmyisland.com/islands/scotland/burray/,301,FALSE,FALSE,FALSE,FALSE
https://www.findmyisland.com/?island=osm-relation-3148462,https://www.findmyisland.com/islands/scotland/burray/,301,FALSE,FALSE,FALSE,FALSE
https://www.findmyisland.com/profiles/osm-way-2943262.html,https://www.findmyisland.com/islands/england/burrow-island/,301,FALSE,FALSE,FALSE,FALSE
https://www.findmyisland.com/?island=osm-way-2943262,https://www.findmyisland.com/islands/england/burrow-island/,301,FALSE,FALSE,FALSE,FALSE
https://www.findmyisland.com/profiles/osm-way-96327659.html,https://www.findmyisland.com/islands/wales/burry-holms/,301,FALSE,FALSE,FALSE,FALSE
https://www.findmyisland.com/?island=osm-way-96327659,https://www.findmyisland.com/islands/wales/burry-holms/,301,FALSE,FALSE,FALSE,FALSE
https://www.findmyisland.com/profiles/osm-way-586561226.html,https://www.findmyisland.com/islands/england/bush-ait/,301,FALSE,FALSE,FALSE,FALSE
https://www.findmyisland.com/?island=osm-way-586561226,https://www.findmyisland.com/islands/england/bush-ait/,301,FALSE,FALSE,FALSE,FALSE
https://www.findmyisland.com/profiles/wd-Q20586546.html,https://www.findmyisland.com/islands/wales/caer-arianrhod/,301,FALSE,FALSE,FALSE,FALSE
https://www.findmyisland.com/?island=wd-Q20586546,https://www.findmyisland.com/islands/wales/caer-arianrhod/,301,FALSE,FALSE,FALSE,FALSE
https://www.findmyisland.com/profiles/osm-way-4562065.html,https://www.findmyisland.com/islands/ireland/caher-island-osm-way-4562065/,301,FALSE,FALSE,FALSE,FALSE
https://www.findmyisland.com/?island=osm-way-4562065,https://www.findmyisland.com/islands/ireland/caher-island-osm-way-4562065/,301,FALSE,FALSE,FALSE,FALSE
https://www.findmyisland.com/profiles/osm-way-4009557.html,https://www.findmyisland.com/islands/scotland/cairn-na-burgh-beag/,301,FALSE,FALSE,FALSE,FALSE
https://www.findmyisland.com/?island=osm-way-4009557,https://www.findmyisland.com/islands/scotland/cairn-na-burgh-beag/,301,FALSE,FALSE,FALSE,FALSE
https://www.findmyisland.com/profiles/osm-way-4009559.html,https://www.findmyisland.com/islands/scotland/cairn-na-burgh-mor/,301,FALSE,FALSE,FALSE,FALSE
https://www.findmyisland.com/?island=osm-way-4009559,https://www.findmyisland.com/islands/scotland/cairn-na-burgh-mor/,301,FALSE,FALSE,FALSE,FALSE
https://www.findmyisland.com/profiles/osm-way-208895403.html,https://www.findmyisland.com/islands/scotland/calbha-beag/,301,FALSE,FALSE,FALSE,FALSE
https://www.findmyisland.com/?island=osm-way-208895403,https://www.findmyisland.com/islands/scotland/calbha-beag/,301,FALSE,FALSE,FALSE,FALSE
https://www.findmyisland.com/profiles/wd-Q10967366.html,https://www.findmyisland.com/islands/scotland/calbha-mor/,301,FALSE,FALSE,FALSE,FALSE
https://www.findmyisland.com/?island=wd-Q10967366,https://www.findmyisland.com/islands/scotland/calbha-mor/,301,FALSE,FALSE,FALSE,FALSE
https://www.findmyisland.com/profiles/osm-way-1493746554.html,https://www.findmyisland.com/islands/wales/caldey-island/,301,FALSE,FALSE,FALSE,FALSE
https://www.findmyisland.com/?island=osm-way-1493746554,https://www.findmyisland.com/islands/wales/caldey-island/,301,FALSE,FALSE,FALSE,FALSE
https://www.findmyisland.com/profiles/osm-way-4569319.html,https://www.findmyisland.com/islands/scotland/calf-of-eday/,301,FALSE,FALSE,FALSE,FALSE
https://www.findmyisland.com/?island=osm-way-4569319,https://www.findmyisland.com/islands/scotland/calf-of-eday/,301,FALSE,FALSE,FALSE,FALSE
https://www.findmyisland.com/profiles/osm-way-4569431.html,https://www.findmyisland.com/islands/scotland/calf-of-flotta/,301,FALSE,FALSE,FALSE,FALSE
https://www.findmyisland.com/?island=osm-way-4569431,https://www.findmyisland.com/islands/scotland/calf-of-flotta/,301,FALSE,FALSE,FALSE,FALSE
https://www.findmyisland.com/profiles/osm-way-25987471.html,https://www.findmyisland.com/islands/crown-dependencies/calf-of-man/,301,FALSE,FALSE,FALSE,FALSE
https://www.findmyisland.com/?island=osm-way-25987471,https://www.findmyisland.com/islands/crown-dependencies/calf-of-man/,301,FALSE,FALSE,FALSE,FALSE
https://www.findmyisland.com/profiles/osm-way-4010480.html,https://www.findmyisland.com/islands/scotland/calvay/,301,FALSE,FALSE,FALSE,FALSE
https://www.findmyisland.com/?island=osm-way-4010480,https://www.findmyisland.com/islands/scotland/calvay/,301,FALSE,FALSE,FALSE,FALSE
https://www.findmyisland.com/profiles/osm-way-730876539.html,https://www.findmyisland.com/islands/scotland/calve-island/,301,FALSE,FALSE,FALSE,FALSE
https://www.findmyisland.com/?island=osm-way-730876539,https://www.findmyisland.com/islands/scotland/calve-island/,301,FALSE,FALSE,FALSE,FALSE
https://www.findmyisland.com/profiles/osm-way-1021762709.html,https://www.findmyisland.com/islands/scotland/campay/,301,FALSE,FALSE,FALSE,FALSE
https://www.findmyisland.com/?island=osm-way-1021762709,https://www.findmyisland.com/islands/scotland/campay/,301,FALSE,FALSE,FALSE,FALSE
https://www.findmyisland.com/profiles/osm-way-4004501.html,https://www.findmyisland.com/islands/scotland/canna/,301,FALSE,FALSE,FALSE,FALSE
https://www.findmyisland.com/?island=osm-way-4004501,https://www.findmyisland.com/islands/scotland/canna/,301,FALSE,FALSE,FALSE,FALSE
https://www.findmyisland.com/profiles/wd-Q5032790.html,https://www.findmyisland.com/islands/england/cannon-rock/,301,FALSE,FALSE,FALSE,FALSE
https://www.findmyisland.com/?island=wd-Q5032790,https://www.findmyisland.com/islands/england/cannon-rock/,301,FALSE,FALSE,FALSE,FALSE
https://www.findmyisland.com/profiles/osm-relation-17135726.html,https://www.findmyisland.com/islands/ireland/canon-island/,301,FALSE,FALSE,FALSE,FALSE
https://www.findmyisland.com/?island=osm-relation-17135726,https://www.findmyisland.com/islands/ireland/canon-island/,301,FALSE,FALSE,FALSE,FALSE
https://www.findmyisland.com/profiles/osm-way-1493515027.html,https://www.findmyisland.com/islands/england/canvey-island/,301,FALSE,FALSE,FALSE,FALSE
https://www.findmyisland.com/?island=osm-way-1493515027,https://www.findmyisland.com/islands/england/canvey-island/,301,FALSE,FALSE,FALSE,FALSE
https://www.findmyisland.com/profiles/osm-way-1022925969.html,https://www.findmyisland.com/islands/ireland/capaillin/,301,FALSE,FALSE,FALSE,FALSE
https://www.findmyisland.com/?island=osm-way-1022925969,https://www.findmyisland.com/islands/ireland/capaillin/,301,FALSE,FALSE,FALSE,FALSE
https://www.findmyisland.com/profiles/osm-relation-8495304.html,https://www.findmyisland.com/islands/ireland/cape-clear-island/,301,FALSE,FALSE,FALSE,FALSE
https://www.findmyisland.com/?island=osm-relation-8495304,https://www.findmyisland.com/islands/ireland/cape-clear-island/,301,FALSE,FALSE,FALSE,FALSE
https://www.findmyisland.com/profiles/osm-way-4555456.html,https://www.findmyisland.com/islands/ireland/capel-island/,301,FALSE,FALSE,FALSE,FALSE
https://www.findmyisland.com/?island=osm-way-4555456,https://www.findmyisland.com/islands/ireland/capel-island/,301,FALSE,FALSE,FALSE,FALSE
https://www.findmyisland.com/profiles/osm-way-4006880.html,https://www.findmyisland.com/islands/scotland/cara/,301,FALSE,FALSE,FALSE,FALSE
https://www.findmyisland.com/?island=osm-way-4006880,https://www.findmyisland.com/islands/scotland/cara/,301,FALSE,FALSE,FALSE,FALSE
https://www.findmyisland.com/profiles/osm-way-119928347.html,https://www.findmyisland.com/islands/ireland/carberry-island/,301,FALSE,FALSE,FALSE,FALSE
https://www.findmyisland.com/?island=osm-way-119928347,https://www.findmyisland.com/islands/ireland/carberry-island/,301,FALSE,FALSE,FALSE,FALSE
https://www.findmyisland.com/profiles/osm-way-1493651984.html,https://www.findmyisland.com/islands/wales/cardigan-island/,301,FALSE,FALSE,FALSE,FALSE
https://www.findmyisland.com/?island=osm-way-1493651984,https://www.findmyisland.com/islands/wales/cardigan-island/,301,FALSE,FALSE,FALSE,FALSE
https://www.findmyisland.com/profiles/osm-relation-12605305.html,https://www.findmyisland.com/islands/scotland/carna/,301,FALSE,FALSE,FALSE,FALSE
https://www.findmyisland.com/?island=osm-relation-12605305,https://www.findmyisland.com/islands/scotland/carna/,301,FALSE,FALSE,FALSE,FALSE
https://www.findmyisland.com/profiles/osm-way-954567113.html,https://www.findmyisland.com/islands/ireland/carraig-a-chlair/,301,FALSE,FALSE,FALSE,FALSE
https://www.findmyisland.com/?island=osm-way-954567113,https://www.findmyisland.com/islands/ireland/carraig-a-chlair/,301,FALSE,FALSE,FALSE,FALSE
https://www.findmyisland.com/profiles/osm-way-1003145809.html,https://www.findmyisland.com/islands/ireland/carraig-a-ghallain/,301,FALSE,FALSE,FALSE,FALSE
https://www.findmyisland.com/?island=osm-way-1003145809,https://www.findmyisland.com/islands/ireland/carraig-a-ghallain/,301,FALSE,FALSE,FALSE,FALSE
https://www.findmyisland.com/profiles/osm-way-617148673.html,https://www.findmyisland.com/islands/ireland/carraig-a-rais/,301,FALSE,FALSE,FALSE,FALSE
https://www.findmyisland.com/?island=osm-way-617148673,https://www.findmyisland.com/islands/ireland/carraig-a-rais/,301,FALSE,FALSE,FALSE,FALSE
https://www.findmyisland.com/profiles/osm-way-1000895066.html,https://www.findmyisland.com/islands/ireland/carraig-muslai/,301,FALSE,FALSE,FALSE,FALSE
https://www.findmyisland.com/?island=osm-way-1000895066,https://www.findmyisland.com/islands/ireland/carraig-muslai/,301,FALSE,FALSE,FALSE,FALSE
https://www.findmyisland.com/profiles/osm-way-983806002.html,https://www.findmyisland.com/islands/ireland/carraig-suiteain/,301,FALSE,FALSE,FALSE,FALSE
https://www.findmyisland.com/?island=osm-way-983806002,https://www.findmyisland.com/islands/ireland/carraig-suiteain/,301,FALSE,FALSE,FALSE,FALSE
https://www.findmyisland.com/profiles/osm-way-1000836532.html,https://www.findmyisland.com/islands/ireland/carraigin-bheal-na-tra/,301,FALSE,FALSE,FALSE,FALSE
https://www.findmyisland.com/?island=osm-way-1000836532,https://www.findmyisland.com/islands/ireland/carraigin-bheal-na-tra/,301,FALSE,FALSE,FALSE,FALSE
https://www.findmyisland.com/profiles/osm-way-252748036.html,https://www.findmyisland.com/islands/wales/carreg-onnen/,301,FALSE,FALSE,FALSE,FALSE
https://www.findmyisland.com/?island=osm-way-252748036,https://www.findmyisland.com/islands/wales/carreg-onnen/,301,FALSE,FALSE,FALSE,FALSE
https://www.findmyisland.com/profiles/osm-relation-3009829.html,https://www.findmyisland.com/islands/wales/carreg-rhoson/,301,FALSE,FALSE,FALSE,FALSE
https://www.findmyisland.com/?island=osm-relation-3009829,https://www.findmyisland.com/islands/wales/carreg-rhoson/,301,FALSE,FALSE,FALSE,FALSE
https://www.findmyisland.com/profiles/osm-way-1039329216.html,https://www.findmyisland.com/islands/wales/carreg-yr-halen/,301,FALSE,FALSE,FALSE,FALSE
https://www.findmyisland.com/?island=osm-way-1039329216,https://www.findmyisland.com/islands/wales/carreg-yr-halen/,301,FALSE,FALSE,FALSE,FALSE
https://www.findmyisland.com/profiles/osm-relation-12412680.html,https://www.findmyisland.com/islands/ireland/carrig-island/,301,FALSE,FALSE,FALSE,FALSE
https://www.findmyisland.com/?island=osm-relation-12412680,https://www.findmyisland.com/islands/ireland/carrig-island/,301,FALSE,FALSE,FALSE,FALSE
https://www.findmyisland.com/profiles/osm-way-1008091013.html,https://www.findmyisland.com/islands/ireland/carrigin-thoir/,301,FALSE,FALSE,FALSE,FALSE
https://www.findmyisland.com/?island=osm-way-1008091013,https://www.findmyisland.com/islands/ireland/carrigin-thoir/,301,FALSE,FALSE,FALSE,FALSE
https://www.findmyisland.com/profiles/crannog-wp-carse-loch.html,https://www.findmyisland.com/islands/scotland/crannog-wp-carse-loch/,301,FALSE,FALSE,FALSE,FALSE
https://www.findmyisland.com/?island=crannog-wp-carse-loch,https://www.findmyisland.com/islands/scotland/crannog-wp-carse-loch/,301,FALSE,FALSE,FALSE,FALSE
https://www.findmyisland.com/profiles/osm-way-335324937.html,https://www.findmyisland.com/islands/wales/caseg-maltraeth/,301,FALSE,FALSE,FALSE,FALSE
https://www.findmyisland.com/?island=osm-way-335324937,https://www.findmyisland.com/islands/wales/caseg-maltraeth/,301,FALSE,FALSE,FALSE,FALSE
https://www.findmyisland.com/profiles/osm-way-236770964.html,https://www.findmyisland.com/islands/england/castle-bryher/,301,FALSE,FALSE,FALSE,FALSE
https://www.findmyisland.com/?island=osm-way-236770964,https://www.findmyisland.com/islands/england/castle-bryher/,301,FALSE,FALSE,FALSE,FALSE
https://www.findmyisland.com/profiles/osm-way-586806382.html,https://www.findmyisland.com/islands/england/castle-hill/,301,FALSE,FALSE,FALSE,FALSE
https://www.findmyisland.com/?island=osm-way-586806382,https://www.findmyisland.com/islands/england/castle-hill/,301,FALSE,FALSE,FALSE,FALSE
https://www.findmyisland.com/profiles/osm-way-4496239.html,https://www.findmyisland.com/islands/scotland/castle-island-osm-way-4496239/,301,FALSE,FALSE,FALSE,FALSE
https://www.findmyisland.com/?island=osm-way-4496239,https://www.findmyisland.com/islands/scotland/castle-island-osm-way-4496239/,301,FALSE,FALSE,FALSE,FALSE
https://www.findmyisland.com/profiles/osm-way-4558920.html,https://www.findmyisland.com/islands/northern-ireland/castle-island-osm-way-4558920/,301,FALSE,FALSE,FALSE,FALSE
https://www.findmyisland.com/?island=osm-way-4558920,https://www.findmyisland.com/islands/northern-ireland/castle-island-osm-way-4558920/,301,FALSE,FALSE,FALSE,FALSE
https://www.findmyisland.com/profiles/osm-way-188960567.html,https://www.findmyisland.com/islands/ireland/castle-island-ballynahinch-lake/,301,FALSE,FALSE,FALSE,FALSE
https://www.findmyisland.com/?island=osm-way-188960567,https://www.findmyisland.com/islands/ireland/castle-island-ballynahinch-lake/,301,FALSE,FALSE,FALSE,FALSE
https://www.findmyisland.com/profiles/wd-Q137756430.html,https://www.findmyisland.com/islands/scotland/castle-island-wd-q137756430/,301,FALSE,FALSE,FALSE,FALSE
https://www.findmyisland.com/?island=wd-Q137756430,https://www.findmyisland.com/islands/scotland/castle-island-wd-q137756430/,301,FALSE,FALSE,FALSE,FALSE
https://www.findmyisland.com/profiles/csv-geocoded-Q217058.html,https://www.findmyisland.com/islands/scotland/castle-stalker/,301,FALSE,FALSE,FALSE,FALSE
https://www.findmyisland.com/?island=csv-geocoded-Q217058,https://www.findmyisland.com/islands/scotland/castle-stalker/,301,FALSE,FALSE,FALSE,FALSE
https://www.findmyisland.com/profiles/osm-way-1149758598.html,https://www.findmyisland.com/islands/scotland/cava/,301,FALSE,FALSE,FALSE,FALSE
https://www.findmyisland.com/?island=osm-way-1149758598,https://www.findmyisland.com/islands/scotland/cava/,301,FALSE,FALSE,FALSE,FALSE
https://www.findmyisland.com/profiles/osm-way-4011031.html,https://www.findmyisland.com/islands/scotland/ceann-ear/,301,FALSE,FALSE,FALSE,FALSE
https://www.findmyisland.com/?island=osm-way-4011031,https://www.findmyisland.com/islands/scotland/ceann-ear/,301,FALSE,FALSE,FALSE,FALSE
https://www.findmyisland.com/profiles/osm-way-4011010.html,https://www.findmyisland.com/islands/scotland/ceann-iar/,301,FALSE,FALSE,FALSE,FALSE
https://www.findmyisland.com/?island=osm-way-4011010,https://www.findmyisland.com/islands/scotland/ceann-iar/,301,FALSE,FALSE,FALSE,FALSE
https://www.findmyisland.com/profiles/osm-way-445335038.html,https://www.findmyisland.com/islands/scotland/ceardach/,301,FALSE,FALSE,FALSE,FALSE
https://www.findmyisland.com/?island=osm-way-445335038,https://www.findmyisland.com/islands/scotland/ceardach/,301,FALSE,FALSE,FALSE,FALSE
https://www.findmyisland.com/profiles/osm-way-144177641.html,https://www.findmyisland.com/islands/england/channelsea-island/,301,FALSE,FALSE,FALSE,FALSE
https://www.findmyisland.com/?island=osm-way-144177641,https://www.findmyisland.com/islands/england/channelsea-island/,301,FALSE,FALSE,FALSE,FALSE
https://www.findmyisland.com/profiles/osm-way-3099261.html,https://www.findmyisland.com/islands/england/chapel-island/,301,FALSE,FALSE,FALSE,FALSE
https://www.findmyisland.com/?island=osm-way-3099261,https://www.findmyisland.com/islands/england/chapel-island/,301,FALSE,FALSE,FALSE,FALSE
https://www.findmyisland.com/profiles/osm-way-206524224.html,https://www.findmyisland.com/islands/scotland/cherry-island/,301,FALSE,FALSE,FALSE,FALSE
https://www.findmyisland.com/?island=osm-way-206524224,https://www.findmyisland.com/islands/scotland/cherry-island/,301,FALSE,FALSE,FALSE,FALSE
https://www.findmyisland.com/profiles/wd-Q1070604.html,https://www.findmyisland.com/islands/england/chesil-beach/,301,FALSE,FALSE,FALSE,FALSE
https://www.findmyisland.com/?island=wd-Q1070604,https://www.findmyisland.com/islands/england/chesil-beach/,301,FALSE,FALSE,FALSE,FALSE
https://www.findmyisland.com/profiles/osm-way-169885379.html,https://www.findmyisland.com/islands/scotland/cheynies/,301,FALSE,FALSE,FALSE,FALSE
https://www.findmyisland.com/?island=osm-way-169885379,https://www.findmyisland.com/islands/scotland/cheynies/,301,FALSE,FALSE,FALSE,FALSE
https://www.findmyisland.com/profiles/osm-way-144846041.html,https://www.findmyisland.com/islands/crown-dependencies/chicken-rock/,301,FALSE,FALSE,FALSE,FALSE
https://www.findmyisland.com/?island=osm-way-144846041,https://www.findmyisland.com/islands/crown-dependencies/chicken-rock/,301,FALSE,FALSE,FALSE,FALSE
https://www.findmyisland.com/profiles/thames-chiswick.html,https://www.findmyisland.com/islands/england/thames-chiswick/,301,FALSE,FALSE,FALSE,FALSE
https://www.findmyisland.com/?island=thames-chiswick,https://www.findmyisland.com/islands/england/thames-chiswick/,301,FALSE,FALSE,FALSE,FALSE
https://www.findmyisland.com/profiles/wd-Q1074858.html,https://www.findmyisland.com/islands/england/chiswick-eyot/,301,FALSE,FALSE,FALSE,FALSE
https://www.findmyisland.com/?island=wd-Q1074858,https://www.findmyisland.com/islands/england/chiswick-eyot/,301,FALSE,FALSE,FALSE,FALSE
https://www.findmyisland.com/profiles/osm-way-2987757.html,https://www.findmyisland.com/islands/wales/church-island/,301,FALSE,FALSE,FALSE,FALSE
https://www.findmyisland.com/?island=osm-way-2987757,https://www.findmyisland.com/islands/wales/church-island/,301,FALSE,FALSE,FALSE,FALSE
https://www.findmyisland.com/profiles/osm-way-4560824.html,https://www.findmyisland.com/islands/ireland/church-island-lough-gill/,301,FALSE,FALSE,FALSE,FALSE
https://www.findmyisland.com/?island=osm-way-4560824,https://www.findmyisland.com/islands/ireland/church-island-lough-gill/,301,FALSE,FALSE,FALSE,FALSE
https://www.findmyisland.com/profiles/osm-way-148502587.html,https://www.findmyisland.com/islands/england/church-island/,301,FALSE,FALSE,FALSE,FALSE
https://www.findmyisland.com/?island=osm-way-148502587,https://www.findmyisland.com/islands/england/church-island/,301,FALSE,FALSE,FALSE,FALSE
https://www.findmyisland.com/profiles/osm-way-185142167.html,https://www.findmyisland.com/islands/ireland/church-island-lough-currane/,301,FALSE,FALSE,FALSE,FALSE
https://www.findmyisland.com/?island=osm-way-185142167,https://www.findmyisland.com/islands/ireland/church-island-lough-currane/,301,FALSE,FALSE,FALSE,FALSE
https://www.findmyisland.com/profiles/osm-way-65010087.html,https://www.findmyisland.com/islands/england/cindery-island/,301,FALSE,FALSE,FALSE,FALSE
https://www.findmyisland.com/?island=osm-way-65010087,https://www.findmyisland.com/islands/england/cindery-island/,301,FALSE,FALSE,FALSE,FALSE
https://www.findmyisland.com/profiles/osm-way-4010491.html,https://www.findmyisland.com/islands/scotland/ciosmul/,301,FALSE,FALSE,FALSE,FALSE
https://www.findmyisland.com/?island=osm-way-4010491,https://www.findmyisland.com/islands/scotland/ciosmul/,301,FALSE,FALSE,FALSE,FALSE
https://www.findmyisland.com/profiles/osm-way-4821995.html,https://www.findmyisland.com/islands/scotland/clairinsh/,301,FALSE,FALSE,FALSE,FALSE
https://www.findmyisland.com/?island=osm-way-4821995,https://www.findmyisland.com/islands/scotland/clairinsh/,301,FALSE,FALSE,FALSE,FALSE
https://www.findmyisland.com/profiles/osm-relation-6188599.html,https://www.findmyisland.com/islands/ireland/clare-island/,301,FALSE,FALSE,FALSE,FALSE
https://www.findmyisland.com/?island=osm-relation-6188599,https://www.findmyisland.com/islands/ireland/clare-island/,301,FALSE,FALSE,FALSE,FALSE
https://www.findmyisland.com/profiles/wd-Q2978986.html,https://www.findmyisland.com/islands/scotland/clett-wd-q2978986/,301,FALSE,FALSE,FALSE,FALSE
https://www.findmyisland.com/?island=wd-Q2978986,https://www.findmyisland.com/islands/scotland/clett-wd-q2978986/,301,FALSE,FALSE,FALSE,FALSE
https://www.findmyisland.com/profiles/osm-way-4561927.html,https://www.findmyisland.com/islands/ireland/clynish/,301,FALSE,FALSE,FALSE,FALSE
https://www.findmyisland.com/?island=osm-way-4561927,https://www.findmyisland.com/islands/ireland/clynish/,301,FALSE,FALSE,FALSE,FALSE
https://www.findmyisland.com/profiles/wd-Q5138901.html,https://www.findmyisland.com/islands/england/cobholm-island/,301,FALSE,FALSE,FALSE,FALSE
https://www.findmyisland.com/?island=wd-Q5138901,https://www.findmyisland.com/islands/england/cobholm-island/,301,FALSE,FALSE,FALSE,FALSE
https://www.findmyisland.com/profiles/osm-relation-5420246.html,https://www.findmyisland.com/islands/scotland/coll/,301,FALSE,FALSE,FALSE,FALSE
https://www.findmyisland.com/?island=osm-relation-5420246,https://www.findmyisland.com/islands/scotland/coll/,301,FALSE,FALSE,FALSE,FALSE
https://www.findmyisland.com/profiles/osm-way-4561943.html,https://www.findmyisland.com/islands/ireland/collanmore/,301,FALSE,FALSE,FALSE,FALSE
https://www.findmyisland.com/?island=osm-way-4561943,https://www.findmyisland.com/islands/ireland/collanmore/,301,FALSE,FALSE,FALSE,FALSE
https://www.findmyisland.com/profiles/osm-relation-6045516.html,https://www.findmyisland.com/islands/scotland/colonsay/,301,FALSE,FALSE,FALSE,FALSE
https://www.findmyisland.com/?island=osm-relation-6045516,https://www.findmyisland.com/islands/scotland/colonsay/,301,FALSE,FALSE,FALSE,FALSE
https://www.findmyisland.com/profiles/osm-way-289639498.html,https://www.findmyisland.com/islands/scotland/colsay/,301,FALSE,FALSE,FALSE,FALSE
https://www.findmyisland.com/?island=osm-way-289639498,https://www.findmyisland.com/islands/scotland/colsay/,301,FALSE,FALSE,FALSE,FALSE
https://www.findmyisland.com/profiles/osm-way-23610837.html,https://www.findmyisland.com/islands/ireland/colt-island/,301,FALSE,FALSE,FALSE,FALSE
https://www.findmyisland.com/?island=osm-way-23610837,https://www.findmyisland.com/islands/ireland/colt-island/,301,FALSE,FALSE,FALSE,FALSE
https://www.findmyisland.com/profiles/osm-way-87357581.html,https://www.findmyisland.com/islands/ireland/coney-island-osm-way-87357581/,301,FALSE,FALSE,FALSE,FALSE
https://www.findmyisland.com/?island=osm-way-87357581,https://www.findmyisland.com/islands/ireland/coney-island-osm-way-87357581/,301,FALSE,FALSE,FALSE,FALSE
https://www.findmyisland.com/profiles/osm-way-4563590.html,https://www.findmyisland.com/islands/ireland/coney-island-osm-way-4563590/,301,FALSE,FALSE,FALSE,FALSE
https://www.findmyisland.com/?island=osm-way-4563590,https://www.findmyisland.com/islands/ireland/coney-island-osm-way-4563590/,301,FALSE,FALSE,FALSE,FALSE
https://www.findmyisland.com/profiles/osm-way-71932874.html,https://www.findmyisland.com/islands/northern-ireland/coney-island/,301,FALSE,FALSE,FALSE,FALSE
https://www.findmyisland.com/?island=osm-way-71932874,https://www.findmyisland.com/islands/northern-ireland/coney-island/,301,FALSE,FALSE,FALSE,FALSE
https://www.findmyisland.com/profiles/osm-way-30610269.html,https://www.findmyisland.com/islands/crown-dependencies/conister-rock/,301,FALSE,FALSE,FALSE,FALSE
https://www.findmyisland.com/?island=osm-way-30610269,https://www.findmyisland.com/islands/crown-dependencies/conister-rock/,301,FALSE,FALSE,FALSE,FALSE
https://www.findmyisland.com/profiles/wd-Q5165217.html,https://www.findmyisland.com/islands/scotland/contin-island/,301,FALSE,FALSE,FALSE,FALSE
https://www.findmyisland.com/?island=wd-Q5165217,https://www.findmyisland.com/islands/scotland/contin-island/,301,FALSE,FALSE,FALSE,FALSE
https://www.findmyisland.com/profiles/osm-way-4569437.html,https://www.findmyisland.com/islands/scotland/copinsay/,301,FALSE,FALSE,FALSE,FALSE
https://www.findmyisland.com/?island=osm-way-4569437,https://www.findmyisland.com/islands/scotland/copinsay/,301,FALSE,FALSE,FALSE,FALSE
https://www.findmyisland.com/profiles/wd-Q2755722.html,https://www.findmyisland.com/islands/scotland/coquet-island/,301,FALSE,FALSE,FALSE,FALSE
https://www.findmyisland.com/?island=wd-Q2755722,https://www.findmyisland.com/islands/scotland/coquet-island/,301,FALSE,FALSE,FALSE,FALSE
https://www.findmyisland.com/profiles/osm-way-529190905.html,https://www.findmyisland.com/islands/ireland/cormorant-rock/,301,FALSE,FALSE,FALSE,FALSE
https://www.findmyisland.com/?island=osm-way-529190905,https://www.findmyisland.com/islands/ireland/cormorant-rock/,301,FALSE,FALSE,FALSE,FALSE
https://www.findmyisland.com/profiles/osm-way-1306666573.html,https://www.findmyisland.com/islands/scotland/corn-holm/,301,FALSE,FALSE,FALSE,FALSE
https://www.findmyisland.com/?island=osm-way-1306666573,https://www.findmyisland.com/islands/scotland/corn-holm/,301,FALSE,FALSE,FALSE,FALSE
https://www.findmyisland.com/profiles/osm-way-183405659.html,https://www.findmyisland.com/islands/scotland/corn-holm-osm-way-183405659/,301,FALSE,FALSE,FALSE,FALSE
https://www.findmyisland.com/?island=osm-way-183405659,https://www.findmyisland.com/islands/scotland/corn-holm-osm-way-183405659/,301,FALSE,FALSE,FALSE,FALSE
https://www.findmyisland.com/profiles/osm-way-19852012.html,https://www.findmyisland.com/islands/england/corporation-island/,301,FALSE,FALSE,FALSE,FALSE
https://www.findmyisland.com/?island=osm-way-19852012,https://www.findmyisland.com/islands/england/corporation-island/,301,FALSE,FALSE,FALSE,FALSE
https://www.findmyisland.com/profiles/osm-way-3469293.html,https://www.findmyisland.com/islands/scotland/craigleith/,301,FALSE,FALSE,FALSE,FALSE
https://www.findmyisland.com/?island=osm-way-3469293,https://www.findmyisland.com/islands/scotland/craigleith/,301,FALSE,FALSE,FALSE,FALSE
https://www.findmyisland.com/profiles/osm-way-3468508.html,https://www.findmyisland.com/islands/scotland/craiglethy/,301,FALSE,FALSE,FALSE,FALSE
https://www.findmyisland.com/?island=osm-way-3468508,https://www.findmyisland.com/islands/scotland/craiglethy/,301,FALSE,FALSE,FALSE,FALSE
https://www.findmyisland.com/profiles/wd-Q5181724.html,https://www.findmyisland.com/islands/scotland/craigmaroinn/,301,FALSE,FALSE,FALSE,FALSE
https://www.findmyisland.com/?island=wd-Q5181724,https://www.findmyisland.com/islands/scotland/craigmaroinn/,301,FALSE,FALSE,FALSE,FALSE
https://www.findmyisland.com/profiles/osm-relation-1658182.html,https://www.findmyisland.com/islands/scotland/cramond-island/,301,FALSE,FALSE,FALSE,FALSE
https://www.findmyisland.com/?island=osm-relation-1658182,https://www.findmyisland.com/islands/scotland/cramond-island/,301,FALSE,FALSE,FALSE,FALSE
https://www.findmyisland.com/profiles/wd-Q15211942.html,https://www.findmyisland.com/islands/england/crane-park-island/,301,FALSE,FALSE,FALSE,FALSE
https://www.findmyisland.com/?island=wd-Q15211942,https://www.findmyisland.com/islands/england/crane-park-island/,301,FALSE,FALSE,FALSE,FALSE
https://www.findmyisland.com/profiles/osm-way-1098895570.html,https://www.findmyisland.com/islands/ireland/crannog/,301,FALSE,FALSE,FALSE,FALSE
https://www.findmyisland.com/?island=osm-way-1098895570,https://www.findmyisland.com/islands/ireland/crannog/,301,FALSE,FALSE,FALSE,FALSE
https://www.findmyisland.com/profiles/osm-way-403957903.html,https://www.findmyisland.com/islands/scotland/creag-island/,301,FALSE,FALSE,FALSE,FALSE
https://www.findmyisland.com/?island=osm-way-403957903,https://www.findmyisland.com/islands/scotland/creag-island/,301,FALSE,FALSE,FALSE,FALSE
https://www.findmyisland.com/profiles/osm-way-4821996.html,https://www.findmyisland.com/islands/scotland/creinch/,301,FALSE,FALSE,FALSE,FALSE
https://www.findmyisland.com/?island=osm-way-4821996,https://www.findmyisland.com/islands/scotland/creinch/,301,FALSE,FALSE,FALSE,FALSE
https://www.findmyisland.com/profiles/osm-way-2956899.html,https://www.findmyisland.com/islands/crown-dependencies/crevichon/,301,FALSE,FALSE,FALSE,FALSE
https://www.findmyisland.com/?island=osm-way-2956899,https://www.findmyisland.com/islands/crown-dependencies/crevichon/,301,FALSE,FALSE,FALSE,FALSE
https://www.findmyisland.com/profiles/wd-Q5184886.html,https://www.findmyisland.com/islands/england/cribbar/,301,FALSE,FALSE,FALSE,FALSE
https://www.findmyisland.com/?island=wd-Q5184886,https://www.findmyisland.com/islands/england/cribbar/,301,FALSE,FALSE,FALSE,FALSE
https://www.findmyisland.com/profiles/osm-way-4000577.html,https://www.findmyisland.com/islands/wales/cribinau/,301,FALSE,FALSE,FALSE,FALSE
https://www.findmyisland.com/?island=osm-way-4000577,https://www.findmyisland.com/islands/wales/cribinau/,301,FALSE,FALSE,FALSE,FALSE
https://www.findmyisland.com/profiles/wd-Q1140004.html,https://www.findmyisland.com/islands/england/crim-rocks/,301,FALSE,FALSE,FALSE,FALSE
https://www.findmyisland.com/?island=wd-Q1140004,https://www.findmyisland.com/islands/england/crim-rocks/,301,FALSE,FALSE,FALSE,FALSE
https://www.findmyisland.com/profiles/wd-Q5189122.html,https://www.findmyisland.com/islands/wales/crow-rock/,301,FALSE,FALSE,FALSE,FALSE
https://www.findmyisland.com/?island=wd-Q5189122,https://www.findmyisland.com/islands/wales/crow-rock/,301,FALSE,FALSE,FALSE,FALSE
https://www.findmyisland.com/profiles/csv-geocoded-Q783776.html,https://www.findmyisland.com/islands/scotland/crowlin-islands/,301,FALSE,FALSE,FALSE,FALSE
https://www.findmyisland.com/?island=csv-geocoded-Q783776,https://www.findmyisland.com/islands/scotland/crowlin-islands/,301,FALSE,FALSE,FALSE,FALSE
https://www.findmyisland.com/profiles/osm-way-4562322.html,https://www.findmyisland.com/islands/ireland/cruagh/,301,FALSE,FALSE,FALSE,FALSE
https://www.findmyisland.com/?island=osm-way-4562322,https://www.findmyisland.com/islands/ireland/cruagh/,301,FALSE,FALSE,FALSE,FALSE
https://www.findmyisland.com/profiles/osm-relation-9126999.html,https://www.findmyisland.com/islands/ireland/cruit-island/,301,FALSE,FALSE,FALSE,FALSE
https://www.findmyisland.com/?island=osm-relation-9126999,https://www.findmyisland.com/islands/ireland/cruit-island/,301,FALSE,FALSE,FALSE,FALSE
https://www.findmyisland.com/profiles/osm-way-1058300452.html,https://www.findmyisland.com/islands/england/cutlers-ait/,301,FALSE,FALSE,FALSE,FALSE
https://www.findmyisland.com/?island=osm-way-1058300452,https://www.findmyisland.com/islands/england/cutlers-ait/,301,FALSE,FALSE,FALSE,FALSE
https://www.findmyisland.com/profiles/osm-way-59314639.html,https://www.findmyisland.com/islands/scotland/carn-deas/,301,FALSE,FALSE,FALSE,FALSE
https://www.findmyisland.com/?island=osm-way-59314639,https://www.findmyisland.com/islands/scotland/carn-deas/,301,FALSE,FALSE,FALSE,FALSE
https://www.findmyisland.com/profiles/osm-way-59314506.html,https://www.findmyisland.com/islands/scotland/carn-iar/,301,FALSE,FALSE,FALSE,FALSE
https://www.findmyisland.com/?island=osm-way-59314506,https://www.findmyisland.com/islands/scotland/carn-iar/,301,FALSE,FALSE,FALSE,FALSE
https://www.findmyisland.com/profiles/osm-way-209876024.html,https://www.findmyisland.com/islands/scotland/carn-nan-sgeir/,301,FALSE,FALSE,FALSE,FALSE
https://www.findmyisland.com/?island=osm-way-209876024,https://www.findmyisland.com/islands/scotland/carn-nan-sgeir/,301,FALSE,FALSE,FALSE,FALSE
https://www.findmyisland.com/profiles/osm-way-148442095.html,https://www.findmyisland.com/islands/england/doyly-carte-island/,301,FALSE,FALSE,FALSE,FALSE
https://www.findmyisland.com/?island=osm-way-148442095,https://www.findmyisland.com/islands/england/doyly-carte-island/,301,FALSE,FALSE,FALSE,FALSE
https://www.findmyisland.com/profiles/osm-way-883875303.html,https://www.findmyisland.com/islands/england/daisy/,301,FALSE,FALSE,FALSE,FALSE
https://www.findmyisland.com/?island=osm-way-883875303,https://www.findmyisland.com/islands/england/daisy/,301,FALSE,FALSE,FALSE,FALSE
https://www.findmyisland.com/profiles/osm-way-4550061.html,https://www.findmyisland.com/islands/ireland/dalkey-island/,301,FALSE,FALSE,FALSE,FALSE
https://www.findmyisland.com/?island=osm-way-4550061,https://www.findmyisland.com/islands/ireland/dalkey-island/,301,FALSE,FALSE,FALSE,FALSE
https://www.findmyisland.com/profiles/osm-way-4831852.html,https://www.findmyisland.com/islands/scotland/damsay/,301,FALSE,FALSE,FALSE,FALSE
https://www.findmyisland.com/?island=osm-way-4831852,https://www.findmyisland.com/islands/scotland/damsay/,301,FALSE,FALSE,FALSE,FALSE
https://www.findmyisland.com/profiles/wd-Q632738.html,https://www.findmyisland.com/islands/scotland/darwin-mounds/,301,FALSE,FALSE,FALSE,FALSE
https://www.findmyisland.com/?island=wd-Q632738,https://www.findmyisland.com/islands/scotland/darwin-mounds/,301,FALSE,FALSE,FALSE,FALSE
https://www.findmyisland.com/profiles/thames-datchet.html,https://www.findmyisland.com/islands/england/thames-datchet/,301,FALSE,FALSE,FALSE,FALSE
https://www.findmyisland.com/?island=thames-datchet,https://www.findmyisland.com/islands/england/thames-datchet/,301,FALSE,FALSE,FALSE,FALSE
https://www.findmyisland.com/profiles/osm-relation-3009840.html,https://www.findmyisland.com/islands/wales/daufraich/,301,FALSE,FALSE,FALSE,FALSE
https://www.findmyisland.com/?island=osm-relation-3009840,https://www.findmyisland.com/islands/wales/daufraich/,301,FALSE,FALSE,FALSE,FALSE
https://www.findmyisland.com/profiles/osm-relation-10323151.html,https://www.findmyisland.com/islands/ireland/davaar-island/,301,FALSE,FALSE,FALSE,FALSE
https://www.findmyisland.com/?island=osm-relation-10323151,https://www.findmyisland.com/islands/ireland/davaar-island/,301,FALSE,FALSE,FALSE,FALSE
https://www.findmyisland.com/profiles/osm-way-4562121.html,https://www.findmyisland.com/islands/ireland/davillaun/,301,FALSE,FALSE,FALSE,FALSE
https://www.findmyisland.com/?island=osm-way-4562121,https://www.findmyisland.com/islands/ireland/davillaun/,301,FALSE,FALSE,FALSE,FALSE
https://www.findmyisland.com/profiles/osm-way-97548759.html,https://www.findmyisland.com/islands/england/de-bohun-island/,301,FALSE,FALSE,FALSE,FALSE
https://www.findmyisland.com/?island=osm-way-97548759,https://www.findmyisland.com/islands/england/de-bohun-island/,301,FALSE,FALSE,FALSE,FALSE
https://www.findmyisland.com/profiles/wd-Q38252228.html,https://www.findmyisland.com/islands/england/deadmans-island/,301,FALSE,FALSE,FALSE,FALSE
https://www.findmyisland.com/?island=wd-Q38252228,https://www.findmyisland.com/islands/england/deadmans-island/,301,FALSE,FALSE,FALSE,FALSE
https://www.findmyisland.com/profiles/osm-way-219575237.html,https://www.findmyisland.com/islands/ireland/deenish-island/,301,FALSE,FALSE,FALSE,FALSE
https://www.findmyisland.com/?island=osm-way-219575237,https://www.findmyisland.com/islands/ireland/deenish-island/,301,FALSE,FALSE,FALSE,FALSE
https://www.findmyisland.com/profiles/osm-way-4563587.html,https://www.findmyisland.com/islands/ireland/deer-island-osm-way-4563587/,301,FALSE,FALSE,FALSE,FALSE
https://www.findmyisland.com/?island=osm-way-4563587,https://www.findmyisland.com/islands/ireland/deer-island-osm-way-4563587/,301,FALSE,FALSE,FALSE,FALSE
https://www.findmyisland.com/profiles/osm-way-38867846.html,https://www.findmyisland.com/islands/wales/denny-island/,301,FALSE,FALSE,FALSE,FALSE
https://www.findmyisland.com/?island=osm-way-38867846,https://www.findmyisland.com/islands/wales/denny-island/,301,FALSE,FALSE,FALSE,FALSE
https://www.findmyisland.com/profiles/osm-relation-3622036.html,https://www.findmyisland.com/islands/ireland/dernish-island/,301,FALSE,FALSE,FALSE,FALSE
https://www.findmyisland.com/?island=osm-relation-3622036,https://www.findmyisland.com/islands/ireland/dernish-island/,301,FALSE,FALSE,FALSE,FALSE
https://www.findmyisland.com/profiles/wd-Q5263259.html,https://www.findmyisland.com/islands/northern-ireland/derrywarragh-island/,301,FALSE,FALSE,FALSE,FALSE
https://www.findmyisland.com/?island=wd-Q5263259,https://www.findmyisland.com/islands/northern-ireland/derrywarragh-island/,301,FALSE,FALSE,FALSE,FALSE
https://www.findmyisland.com/profiles/osm-way-148716616.html,https://www.findmyisland.com/islands/england/desborough-island/,301,FALSE,FALSE,FALSE,FALSE
https://www.findmyisland.com/?island=osm-way-148716616,https://www.findmyisland.com/islands/england/desborough-island/,301,FALSE,FALSE,FALSE,FALSE
https://www.findmyisland.com/profiles/osm-relation-3998376.html,https://www.findmyisland.com/islands/northern-ireland/devenish-island/,301,FALSE,FALSE,FALSE,FALSE
https://www.findmyisland.com/?island=osm-relation-3998376,https://www.findmyisland.com/islands/northern-ireland/devenish-island/,301,FALSE,FALSE,FALSE,FALSE
https://www.findmyisland.com/profiles/osm-way-247339794.html,https://www.findmyisland.com/islands/ireland/dinish/,301,FALSE,FALSE,FALSE,FALSE
https://www.findmyisland.com/?island=osm-way-247339794,https://www.findmyisland.com/islands/ireland/dinish/,301,FALSE,FALSE,FALSE,FALSE
https://www.findmyisland.com/profiles/wd-Q5297062.html,https://www.findmyisland.com/islands/england/doom-bar/,301,FALSE,FALSE,FALSE,FALSE
https://www.findmyisland.com/?island=wd-Q5297062,https://www.findmyisland.com/islands/england/doom-bar/,301,FALSE,FALSE,FALSE,FALSE
https://www.findmyisland.com/profiles/osm-way-182412663.html,https://www.findmyisland.com/islands/scotland/dore-holm/,301,FALSE,FALSE,FALSE,FALSE
https://www.findmyisland.com/?island=osm-way-182412663,https://www.findmyisland.com/islands/scotland/dore-holm/,301,FALSE,FALSE,FALSE,FALSE
https://www.findmyisland.com/profiles/osm-way-4561968.html,https://www.findmyisland.com/islands/ireland/dorinish-more/,301,FALSE,FALSE,FALSE,FALSE
https://www.findmyisland.com/?island=osm-way-4561968,https://www.findmyisland.com/islands/ireland/dorinish-more/,301,FALSE,FALSE,FALSE,FALSE
https://www.findmyisland.com/profiles/thames-dorney.html,https://www.findmyisland.com/islands/england/thames-dorney/,301,FALSE,FALSE,FALSE,FALSE
https://www.findmyisland.com/?island=thames-dorney,https://www.findmyisland.com/islands/england/thames-dorney/,301,FALSE,FALSE,FALSE,FALSE
https://www.findmyisland.com/profiles/osm-way-250415714.html,https://www.findmyisland.com/islands/england/dova-haw/,301,FALSE,FALSE,FALSE,FALSE
https://www.findmyisland.com/?island=osm-way-250415714,https://www.findmyisland.com/islands/england/dova-haw/,301,FALSE,FALSE,FALSE,FALSE
https://www.findmyisland.com/profiles/osm-way-141042966.html,https://www.findmyisland.com/islands/england/drakes-island/,301,FALSE,FALSE,FALSE,FALSE
https://www.findmyisland.com/?island=osm-way-141042966,https://www.findmyisland.com/islands/england/drakes-island/,301,FALSE,FALSE,FALSE,FALSE
https://www.findmyisland.com/profiles/osm-way-349646238.html,https://www.findmyisland.com/islands/ireland/drishane-island/,301,FALSE,FALSE,FALSE,FALSE
https://www.findmyisland.com/?island=osm-way-349646238,https://www.findmyisland.com/islands/ireland/drishane-island/,301,FALSE,FALSE,FALSE,FALSE
https://www.findmyisland.com/profiles/osm-way-123159433.html,https://www.findmyisland.com/islands/england/drove-island/,301,FALSE,FALSE,FALSE,FALSE
https://www.findmyisland.com/?island=osm-way-123159433,https://www.findmyisland.com/islands/england/drove-island/,301,FALSE,FALSE,FALSE,FALSE
https://www.findmyisland.com/profiles/osm-way-3494566.html,https://www.findmyisland.com/islands/scotland/dry-island/,301,FALSE,FALSE,FALSE,FALSE
https://www.findmyisland.com/?island=osm-way-3494566,https://www.findmyisland.com/islands/scotland/dry-island/,301,FALSE,FALSE,FALSE,FALSE
https://www.findmyisland.com/profiles/osm-way-1218622509.html,https://www.findmyisland.com/islands/scotland/dubh-artach/,301,FALSE,FALSE,FALSE,FALSE
https://www.findmyisland.com/?island=osm-way-1218622509,https://www.findmyisland.com/islands/scotland/dubh-artach/,301,FALSE,FALSE,FALSE,FALSE
https://www.findmyisland.com/profiles/osm-relation-12882420.html,https://www.findmyisland.com/islands/scotland/dunglass-island/,301,FALSE,FALSE,FALSE,FALSE
https://www.findmyisland.com/?island=osm-relation-12882420,https://www.findmyisland.com/islands/scotland/dunglass-island/,301,FALSE,FALSE,FALSE,FALSE
https://www.findmyisland.com/profiles/osm-relation-8609288.html,https://www.findmyisland.com/islands/ireland/dursey-island/,301,FALSE,FALSE,FALSE,FALSE
https://www.findmyisland.com/?island=osm-relation-8609288,https://www.findmyisland.com/islands/ireland/dursey-island/,301,FALSE,FALSE,FALSE,FALSE
https://www.findmyisland.com/profiles/osm-way-4009573.html,https://www.findmyisland.com/islands/scotland/dutchmans-cap/,301,FALSE,FALSE,FALSE,FALSE
https://www.findmyisland.com/?island=osm-way-4009573,https://www.findmyisland.com/islands/scotland/dutchmans-cap/,301,FALSE,FALSE,FALSE,FALSE
https://www.findmyisland.com/profiles/osm-way-93351277.html,https://www.findmyisland.com/islands/ireland/duvillaun-beg/,301,FALSE,FALSE,FALSE,FALSE
https://www.findmyisland.com/?island=osm-way-93351277,https://www.findmyisland.com/islands/ireland/duvillaun-beg/,301,FALSE,FALSE,FALSE,FALSE
https://www.findmyisland.com/profiles/osm-way-93351281.html,https://www.findmyisland.com/islands/ireland/duvillaun-more/,301,FALSE,FALSE,FALSE,FALSE
https://www.findmyisland.com/?island=osm-way-93351281,https://www.findmyisland.com/islands/ireland/duvillaun-more/,301,FALSE,FALSE,FALSE,FALSE
https://www.findmyisland.com/profiles/osm-way-1112518082.html,https://www.findmyisland.com/islands/ireland/dysart-island/,301,FALSE,FALSE,FALSE,FALSE
https://www.findmyisland.com/?island=osm-way-1112518082,https://www.findmyisland.com/islands/ireland/dysart-island/,301,FALSE,FALSE,FALSE,FALSE
https://www.findmyisland.com/profiles/osm-way-28218749.html,https://www.findmyisland.com/islands/scotland/dun/,301,FALSE,FALSE,FALSE,FALSE
https://www.findmyisland.com/?island=osm-way-28218749,https://www.findmyisland.com/islands/scotland/dun/,301,FALSE,FALSE,FALSE,FALSE
https://www.findmyisland.com/profiles/osm-way-1387337757.html,https://www.findmyisland.com/islands/scotland/dun-anlaimh/,301,FALSE,FALSE,FALSE,FALSE
https://www.findmyisland.com/?island=osm-way-1387337757,https://www.findmyisland.com/islands/scotland/dun-anlaimh/,301,FALSE,FALSE,FALSE,FALSE
https://www.findmyisland.com/profiles/osm-way-4008633.html,https://www.findmyisland.com/islands/scotland/dun-chonnuill/,301,FALSE,FALSE,FALSE,FALSE
https://www.findmyisland.com/?island=osm-way-4008633,https://www.findmyisland.com/islands/scotland/dun-chonnuill/,301,FALSE,FALSE,FALSE,FALSE
https://www.findmyisland.com/profiles/osm-way-4560724.html,https://www.findmyisland.com/islands/ireland/eagle-island-osm-way-4560724/,301,FALSE,FALSE,FALSE,FALSE
https://www.findmyisland.com/?island=osm-way-4560724,https://www.findmyisland.com/islands/ireland/eagle-island-osm-way-4560724/,301,FALSE,FALSE,FALSE,FALSE
https://www.findmyisland.com/profiles/osm-relation-8815463.html,https://www.findmyisland.com/islands/scotland/easdale/,301,FALSE,FALSE,FALSE,FALSE
https://www.findmyisland.com/?island=osm-relation-8815463,https://www.findmyisland.com/islands/scotland/easdale/,301,FALSE,FALSE,FALSE,FALSE
https://www.findmyisland.com/profiles/osm-relation-8752131.html,https://www.findmyisland.com/islands/scotland/east-burra/,301,FALSE,FALSE,FALSE,FALSE
https://www.findmyisland.com/?island=osm-relation-8752131,https://www.findmyisland.com/islands/scotland/east-burra/,301,FALSE,FALSE,FALSE,FALSE
https://www.findmyisland.com/profiles/osm-way-381672992.html,https://www.findmyisland.com/islands/scotland/east-linga/,301,FALSE,FALSE,FALSE,FALSE
https://www.findmyisland.com/?island=osm-way-381672992,https://www.findmyisland.com/islands/scotland/east-linga/,301,FALSE,FALSE,FALSE,FALSE
https://www.findmyisland.com/profiles/osm-way-1090248397.html,https://www.findmyisland.com/islands/northern-ireland/east-maiden/,301,FALSE,FALSE,FALSE,FALSE
https://www.findmyisland.com/?island=osm-way-1090248397,https://www.findmyisland.com/islands/northern-ireland/east-maiden/,301,FALSE,FALSE,FALSE,FALSE
https://www.findmyisland.com/profiles/wd-Q3397169.html,https://www.findmyisland.com/islands/wales/east-mouse/,301,FALSE,FALSE,FALSE,FALSE
https://www.findmyisland.com/?island=wd-Q3397169,https://www.findmyisland.com/islands/wales/east-mouse/,301,FALSE,FALSE,FALSE,FALSE
https://www.findmyisland.com/profiles/osm-relation-12597197.html,https://www.findmyisland.com/islands/scotland/eday/,301,FALSE,FALSE,FALSE,FALSE
https://www.findmyisland.com/?island=osm-relation-12597197,https://www.findmyisland.com/islands/scotland/eday/,301,FALSE,FALSE,FALSE,FALSE
https://www.findmyisland.com/profiles/csv-geocoded-Q546122.html,https://www.findmyisland.com/islands/england/eddystone-lighthouse/,301,FALSE,FALSE,FALSE,FALSE
https://www.findmyisland.com/?island=csv-geocoded-Q546122,https://www.findmyisland.com/islands/england/eddystone-lighthouse/,301,FALSE,FALSE,FALSE,FALSE
https://www.findmyisland.com/profiles/osm-way-68763044.html,https://www.findmyisland.com/islands/england/eddystone-rocks/,301,FALSE,FALSE,FALSE,FALSE
https://www.findmyisland.com/?island=osm-way-68763044,https://www.findmyisland.com/islands/england/eddystone-rocks/,301,FALSE,FALSE,FALSE,FALSE
https://www.findmyisland.com/profiles/eel-pie-island.html,https://www.findmyisland.com/islands/england/eel-pie-island/,301,FALSE,FALSE,FALSE,FALSE
https://www.findmyisland.com/?island=eel-pie-island,https://www.findmyisland.com/islands/england/eel-pie-island/,301,FALSE,FALSE,FALSE,FALSE
https://www.findmyisland.com/profiles/osm-way-4569184.html,https://www.findmyisland.com/islands/scotland/egilsay/,301,FALSE,FALSE,FALSE,FALSE
https://www.findmyisland.com/?island=osm-way-4569184,https://www.findmyisland.com/islands/scotland/egilsay/,301,FALSE,FALSE,FALSE,FALSE
https://www.findmyisland.com/profiles/osm-relation-1663615.html,https://www.findmyisland.com/islands/scotland/eigg/,301,FALSE,FALSE,FALSE,FALSE
https://www.findmyisland.com/?island=osm-relation-1663615,https://www.findmyisland.com/islands/scotland/eigg/,301,FALSE,FALSE,FALSE,FALSE
https://www.findmyisland.com/profiles/osm-relation-17643822.html,https://www.findmyisland.com/islands/ireland/eighter-island/,301,FALSE,FALSE,FALSE,FALSE
https://www.findmyisland.com/?island=osm-relation-17643822,https://www.findmyisland.com/islands/ireland/eighter-island/,301,FALSE,FALSE,FALSE,FALSE
https://www.findmyisland.com/profiles/osm-way-201143858.html,https://www.findmyisland.com/islands/scotland/eileach-an-naoimh/,301,FALSE,FALSE,FALSE,FALSE
https://www.findmyisland.com/?island=osm-way-201143858,https://www.findmyisland.com/islands/scotland/eileach-an-naoimh/,301,FALSE,FALSE,FALSE,FALSE
https://www.findmyisland.com/profiles/osm-way-59314610.html,https://www.findmyisland.com/islands/scotland/eilean-a-bhuic-osm-way-59314610/,301,FALSE,FALSE,FALSE,FALSE
https://www.findmyisland.com/?island=osm-way-59314610,https://www.findmyisland.com/islands/scotland/eilean-a-bhuic-osm-way-59314610/,301,FALSE,FALSE,FALSE,FALSE
https://www.findmyisland.com/profiles/osm-way-59314342.html,https://www.findmyisland.com/islands/scotland/eilean-a-char/,301,FALSE,FALSE,FALSE,FALSE
https://www.findmyisland.com/?island=osm-way-59314342,https://www.findmyisland.com/islands/scotland/eilean-a-char/,301,FALSE,FALSE,FALSE,FALSE
https://www.findmyisland.com/profiles/osm-way-4011083.html,https://www.findmyisland.com/islands/scotland/eilean-a-ghiorr/,301,FALSE,FALSE,FALSE,FALSE
https://www.findmyisland.com/?island=osm-way-4011083,https://www.findmyisland.com/islands/scotland/eilean-a-ghiorr/,301,FALSE,FALSE,FALSE,FALSE
https://www.findmyisland.com/profiles/eilean-aigas-w59034285.html,https://www.findmyisland.com/islands/scotland/eilean-aigas-w59034285/,301,FALSE,FALSE,FALSE,FALSE
https://www.findmyisland.com/?island=eilean-aigas-w59034285,https://www.findmyisland.com/islands/scotland/eilean-aigas-w59034285/,301,FALSE,FALSE,FALSE,FALSE
https://www.findmyisland.com/profiles/wd-Q71257951.html,https://www.findmyisland.com/islands/scotland/eilean-an-duin-wd-q71257951/,301,FALSE,FALSE,FALSE,FALSE
https://www.findmyisland.com/?island=wd-Q71257951,https://www.findmyisland.com/islands/scotland/eilean-an-duin-wd-q71257951/,301,FALSE,FALSE,FALSE,FALSE
https://www.findmyisland.com/profiles/osm-way-692076970.html,https://www.findmyisland.com/islands/scotland/eilean-an-fheidh-osm-way-692076970/,301,FALSE,FALSE,FALSE,FALSE
https://www.findmyisland.com/?island=osm-way-692076970,https://www.findmyisland.com/islands/scotland/eilean-an-fheidh-osm-way-692076970/,301,FALSE,FALSE,FALSE,FALSE
https://www.findmyisland.com/profiles/osm-way-48853621.html,https://www.findmyisland.com/islands/scotland/eilean-an-roin-mor/,301,FALSE,FALSE,FALSE,FALSE
https://www.findmyisland.com/?island=osm-way-48853621,https://www.findmyisland.com/islands/scotland/eilean-an-roin-mor/,301,FALSE,FALSE,FALSE,FALSE
https://www.findmyisland.com/profiles/osm-relation-4537320.html,https://www.findmyisland.com/islands/scotland/eilean-an-taighe/,301,FALSE,FALSE,FALSE,FALSE
https://www.findmyisland.com/?island=osm-relation-4537320,https://www.findmyisland.com/islands/scotland/eilean-an-taighe/,301,FALSE,FALSE,FALSE,FALSE
https://www.findmyisland.com/profiles/osm-node-6899231575.html,https://www.findmyisland.com/islands/scotland/eilean-beag/,301,FALSE,FALSE,FALSE,FALSE
https://www.findmyisland.com/?island=osm-node-6899231575,https://www.findmyisland.com/islands/scotland/eilean-beag/,301,FALSE,FALSE,FALSE,FALSE
https://www.findmyisland.com/profiles/osm-way-205497205.html,https://www.findmyisland.com/islands/scotland/eilean-bagh-mhic-rois/,301,FALSE,FALSE,FALSE,FALSE
https://www.findmyisland.com/?island=osm-way-205497205,https://www.findmyisland.com/islands/scotland/eilean-bagh-mhic-rois/,301,FALSE,FALSE,FALSE,FALSE
https://www.findmyisland.com/profiles/osm-relation-7185419.html,https://www.findmyisland.com/islands/scotland/eilean-ban/,301,FALSE,FALSE,FALSE,FALSE
https://www.findmyisland.com/?island=osm-relation-7185419,https://www.findmyisland.com/islands/scotland/eilean-ban/,301,FALSE,FALSE,FALSE,FALSE
https://www.findmyisland.com/profiles/osm-node-13116895886.html,https://www.findmyisland.com/islands/scotland/eilean-ceann-na-creige/,301,FALSE,FALSE,FALSE,FALSE
https://www.findmyisland.com/?island=osm-node-13116895886,https://www.findmyisland.com/islands/scotland/eilean-ceann-na-creige/,301,FALSE,FALSE,FALSE,FALSE
https://www.findmyisland.com/profiles/osm-way-4005117.html,https://www.findmyisland.com/islands/scotland/eilean-chaluim-chille/,301,FALSE,FALSE,FALSE,FALSE
https://www.findmyisland.com/?island=osm-way-4005117,https://www.findmyisland.com/islands/scotland/eilean-chaluim-chille/,301,FALSE,FALSE,FALSE,FALSE
https://www.findmyisland.com/profiles/osm-way-417183431.html,https://www.findmyisland.com/islands/scotland/eilean-chathastail/,301,FALSE,FALSE,FALSE,FALSE
https://www.findmyisland.com/?island=osm-way-417183431,https://www.findmyisland.com/islands/scotland/eilean-chathastail/,301,FALSE,FALSE,FALSE,FALSE
https://www.findmyisland.com/profiles/osm-way-3617038.html,https://www.findmyisland.com/islands/scotland/eilean-choraidh/,301,FALSE,FALSE,FALSE,FALSE
https://www.findmyisland.com/?island=osm-way-3617038,https://www.findmyisland.com/islands/scotland/eilean-choraidh/,301,FALSE,FALSE,FALSE,FALSE
https://www.findmyisland.com/profiles/osm-way-446495637.html,https://www.findmyisland.com/islands/scotland/eilean-daraich/,301,FALSE,FALSE,FALSE,FALSE
https://www.findmyisland.com/?island=osm-way-446495637,https://www.findmyisland.com/islands/scotland/eilean-daraich/,301,FALSE,FALSE,FALSE,FALSE
https://www.findmyisland.com/profiles/osm-way-3493185.html,https://www.findmyisland.com/islands/scotland/eilean-dearg/,301,FALSE,FALSE,FALSE,FALSE
https://www.findmyisland.com/?island=osm-way-3493185,https://www.findmyisland.com/islands/scotland/eilean-dearg/,301,FALSE,FALSE,FALSE,FALSE
https://www.findmyisland.com/profiles/osm-way-4003260.html,https://www.findmyisland.com/islands/scotland/eilean-dhearg/,301,FALSE,FALSE,FALSE,FALSE
https://www.findmyisland.com/?island=osm-way-4003260,https://www.findmyisland.com/islands/scotland/eilean-dhearg/,301,FALSE,FALSE,FALSE,FALSE
https://www.findmyisland.com/profiles/osm-way-201511514.html,https://www.findmyisland.com/islands/scotland/eilean-donan/,301,FALSE,FALSE,FALSE,FALSE
https://www.findmyisland.com/?island=osm-way-201511514,https://www.findmyisland.com/islands/scotland/eilean-donan/,301,FALSE,FALSE,FALSE,FALSE
https://www.findmyisland.com/profiles/osm-way-4003262.html,https://www.findmyisland.com/islands/scotland/eilean-dubh-osm-way-4003262/,301,FALSE,FALSE,FALSE,FALSE
https://www.findmyisland.com/?island=osm-way-4003262,https://www.findmyisland.com/islands/scotland/eilean-dubh-osm-way-4003262/,301,FALSE,FALSE,FALSE,FALSE
https://www.findmyisland.com/profiles/osm-way-59314631.html,https://www.findmyisland.com/islands/scotland/eilean-dubh-osm-way-59314631/,301,FALSE,FALSE,FALSE,FALSE
https://www.findmyisland.com/?island=osm-way-59314631,https://www.findmyisland.com/islands/scotland/eilean-dubh-osm-way-59314631/,301,FALSE,FALSE,FALSE,FALSE
https://www.findmyisland.com/profiles/osm-way-201107652.html,https://www.findmyisland.com/islands/scotland/eilean-dubh-mor/,301,FALSE,FALSE,FALSE,FALSE
https://www.findmyisland.com/?island=osm-way-201107652,https://www.findmyisland.com/islands/scotland/eilean-dubh-mor/,301,FALSE,FALSE,FALSE,FALSE
https://www.findmyisland.com/profiles/osm-relation-12597571.html,https://www.findmyisland.com/islands/scotland/eilean-da-mheinn/,301,FALSE,FALSE,FALSE,FALSE
https://www.findmyisland.com/?island=osm-relation-12597571,https://www.findmyisland.com/islands/scotland/eilean-da-mheinn/,301,FALSE,FALSE,FALSE,FALSE
https://www.findmyisland.com/profiles/osm-way-59314679.html,https://www.findmyisland.com/islands/scotland/eilean-fada-mor/,301,FALSE,FALSE,FALSE,FALSE
https://www.findmyisland.com/?island=osm-way-59314679,https://www.findmyisland.com/islands/scotland/eilean-fada-mor/,301,FALSE,FALSE,FALSE,FALSE
https://www.findmyisland.com/profiles/osm-relation-13987269.html,https://www.findmyisland.com/islands/scotland/eilean-fladday/,301,FALSE,FALSE,FALSE,FALSE
https://www.findmyisland.com/?island=osm-relation-13987269,https://www.findmyisland.com/islands/scotland/eilean-fladday/,301,FALSE,FALSE,FALSE,FALSE
https://www.findmyisland.com/profiles/eilean-glas-scalpay.html,https://www.findmyisland.com/islands/scotland/eilean-glas-scalpay/,301,FALSE,FALSE,FALSE,FALSE
https://www.findmyisland.com/?island=eilean-glas-scalpay,https://www.findmyisland.com/islands/scotland/eilean-glas-scalpay/,301,FALSE,FALSE,FALSE,FALSE
https://www.findmyisland.com/profiles/osm-way-3614853.html,https://www.findmyisland.com/islands/scotland/eilean-hoan/,301,FALSE,FALSE,FALSE,FALSE
https://www.findmyisland.com/?island=osm-way-3614853,https://www.findmyisland.com/islands/scotland/eilean-hoan/,301,FALSE,FALSE,FALSE,FALSE
https://www.findmyisland.com/profiles/osm-way-3494565.html,https://www.findmyisland.com/islands/scotland/eilean-horrisdale/,301,FALSE,FALSE,FALSE,FALSE
https://www.findmyisland.com/?island=osm-way-3494565,https://www.findmyisland.com/islands/scotland/eilean-horrisdale/,301,FALSE,FALSE,FALSE,FALSE
https://www.findmyisland.com/profiles/osm-way-4010134.html,https://www.findmyisland.com/islands/scotland/eilean-ighe/,301,FALSE,FALSE,FALSE,FALSE
https://www.findmyisland.com/?island=osm-way-4010134,https://www.findmyisland.com/islands/scotland/eilean-ighe/,301,FALSE,FALSE,FALSE,FALSE
https://www.findmyisland.com/profiles/osm-way-4012883.html,https://www.findmyisland.com/islands/scotland/eilean-kearstay/,301,FALSE,FALSE,FALSE,FALSE
https://www.findmyisland.com/?island=osm-way-4012883,https://www.findmyisland.com/islands/scotland/eilean-kearstay/,301,FALSE,FALSE,FALSE,FALSE
https://www.findmyisland.com/profiles/osm-way-4643472.html,https://www.findmyisland.com/islands/scotland/eilean-leathann-osm-way-4643472/,301,FALSE,FALSE,FALSE,FALSE
https://www.findmyisland.com/?island=osm-way-4643472,https://www.findmyisland.com/islands/scotland/eilean-leathann-osm-way-4643472/,301,FALSE,FALSE,FALSE,FALSE
https://www.findmyisland.com/profiles/osm-way-4012744.html,https://www.findmyisland.com/islands/scotland/eilean-liubhaird/,301,FALSE,FALSE,FALSE,FALSE
https://www.findmyisland.com/?island=osm-way-4012744,https://www.findmyisland.com/islands/scotland/eilean-liubhaird/,301,FALSE,FALSE,FALSE,FALSE
https://www.findmyisland.com/profiles/osm-way-4007220.html,https://www.findmyisland.com/islands/scotland/eilean-loain/,301,FALSE,FALSE,FALSE,FALSE
https://www.findmyisland.com/?island=osm-way-4007220,https://www.findmyisland.com/islands/scotland/eilean-loain/,301,FALSE,FALSE,FALSE,FALSE
https://www.findmyisland.com/profiles/osm-relation-903616.html,https://www.findmyisland.com/islands/scotland/eilean-meadhonach/,301,FALSE,FALSE,FALSE,FALSE
https://www.findmyisland.com/?island=osm-relation-903616,https://www.findmyisland.com/islands/scotland/eilean-meadhonach/,301,FALSE,FALSE,FALSE,FALSE
https://www.findmyisland.com/profiles/osm-way-233105297.html,https://www.findmyisland.com/islands/scotland/eilean-mhealasta/,301,FALSE,FALSE,FALSE,FALSE
https://www.findmyisland.com/?island=osm-way-233105297,https://www.findmyisland.com/islands/scotland/eilean-mhealasta/,301,FALSE,FALSE,FALSE,FALSE
https://www.findmyisland.com/profiles/osm-way-200758469.html,https://www.findmyisland.com/islands/scotland/eilean-mhic-chrion/,301,FALSE,FALSE,FALSE,FALSE
https://www.findmyisland.com/?island=osm-way-200758469,https://www.findmyisland.com/islands/scotland/eilean-mhic-chrion/,301,FALSE,FALSE,FALSE,FALSE
https://www.findmyisland.com/profiles/osm-way-4004007.html,https://www.findmyisland.com/islands/scotland/eilean-mhic-coinnich/,301,FALSE,FALSE,FALSE,FALSE
https://www.findmyisland.com/?island=osm-way-4004007,https://www.findmyisland.com/islands/scotland/eilean-mhic-coinnich/,301,FALSE,FALSE,FALSE,FALSE
https://www.findmyisland.com/profiles/osm-way-241013190.html,https://www.findmyisland.com/islands/scotland/eilean-mhuire/,301,FALSE,FALSE,FALSE,FALSE
https://www.findmyisland.com/?island=osm-way-241013190,https://www.findmyisland.com/islands/scotland/eilean-mhuire/,301,FALSE,FALSE,FALSE,FALSE
https://www.findmyisland.com/profiles/osm-way-4005106.html,https://www.findmyisland.com/islands/scotland/eilean-mor-osm-way-4005106/,301,FALSE,FALSE,FALSE,FALSE
https://www.findmyisland.com/?island=osm-way-4005106,https://www.findmyisland.com/islands/scotland/eilean-mor-osm-way-4005106/,301,FALSE,FALSE,FALSE,FALSE
https://www.findmyisland.com/profiles/osm-way-3619206.html,https://www.findmyisland.com/islands/scotland/eilean-mullagrach/,301,FALSE,FALSE,FALSE,FALSE
https://www.findmyisland.com/?island=osm-way-3619206,https://www.findmyisland.com/islands/scotland/eilean-mullagrach/,301,FALSE,FALSE,FALSE,FALSE
https://www.findmyisland.com/profiles/osm-way-4009226.html,https://www.findmyisland.com/islands/scotland/eilean-munde/,301,FALSE,FALSE,FALSE,FALSE
https://www.findmyisland.com/?island=osm-way-4009226,https://www.findmyisland.com/islands/scotland/eilean-munde/,301,FALSE,FALSE,FALSE,FALSE
https://www.findmyisland.com/profiles/osm-way-205073233.html,https://www.findmyisland.com/islands/scotland/eilean-musdile/,301,FALSE,FALSE,FALSE,FALSE
https://www.findmyisland.com/?island=osm-way-205073233,https://www.findmyisland.com/islands/scotland/eilean-musdile/,301,FALSE,FALSE,FALSE,FALSE
https://www.findmyisland.com/profiles/osm-relation-903617.html,https://www.findmyisland.com/islands/scotland/eilean-mor-osm-relation-903617/,301,FALSE,FALSE,FALSE,FALSE
https://www.findmyisland.com/?island=osm-relation-903617,https://www.findmyisland.com/islands/scotland/eilean-mor-osm-relation-903617/,301,FALSE,FALSE,FALSE,FALSE
https://www.findmyisland.com/profiles/osm-way-25382223.html,https://www.findmyisland.com/islands/scotland/eilean-mor-osm-way-25382223/,301,FALSE,FALSE,FALSE,FALSE
https://www.findmyisland.com/?island=osm-way-25382223,https://www.findmyisland.com/islands/scotland/eilean-mor-osm-way-25382223/,301,FALSE,FALSE,FALSE,FALSE
https://www.findmyisland.com/profiles/osm-way-932869382.html,https://www.findmyisland.com/islands/scotland/eilean-mor-osm-way-932869382/,301,FALSE,FALSE,FALSE,FALSE
https://www.findmyisland.com/?island=osm-way-932869382,https://www.findmyisland.com/islands/scotland/eilean-mor-osm-way-932869382/,301,FALSE,FALSE,FALSE,FALSE
https://www.findmyisland.com/profiles/wd-Q5349310.html,https://www.findmyisland.com/islands/scotland/eilean-mor-wd-q5349310/,301,FALSE,FALSE,FALSE,FALSE
https://www.findmyisland.com/?island=wd-Q5349310,https://www.findmyisland.com/islands/scotland/eilean-mor-wd-q5349310/,301,FALSE,FALSE,FALSE,FALSE
https://www.findmyisland.com/profiles/osm-way-8132076.html,https://www.findmyisland.com/islands/scotland/eilean-na-cille-osm-way-8132076/,301,FALSE,FALSE,FALSE,FALSE
https://www.findmyisland.com/?island=osm-way-8132076,https://www.findmyisland.com/islands/scotland/eilean-na-cille-osm-way-8132076/,301,FALSE,FALSE,FALSE,FALSE
https://www.findmyisland.com/profiles/osm-way-446495636.html,https://www.findmyisland.com/islands/scotland/eilean-na-h-aon-chraoibhe/,301,FALSE,FALSE,FALSE,FALSE
https://www.findmyisland.com/?island=osm-way-446495636,https://www.findmyisland.com/islands/scotland/eilean-na-h-aon-chraoibhe/,301,FALSE,FALSE,FALSE,FALSE
https://www.findmyisland.com/profiles/osm-way-209470263.html,https://www.findmyisland.com/islands/scotland/eilean-nam-faoileag-loch-rannoch/,301,FALSE,FALSE,FALSE,FALSE
https://www.findmyisland.com/?island=osm-way-209470263,https://www.findmyisland.com/islands/scotland/eilean-nam-faoileag-loch-rannoch/,301,FALSE,FALSE,FALSE,FALSE
https://www.findmyisland.com/profiles/osm-way-115639382.html,https://www.findmyisland.com/islands/scotland/eilean-nan-deargannan/,301,FALSE,FALSE,FALSE,FALSE
https://www.findmyisland.com/?island=osm-way-115639382,https://www.findmyisland.com/islands/scotland/eilean-nan-deargannan/,301,FALSE,FALSE,FALSE,FALSE
https://www.findmyisland.com/profiles/osm-way-48994467.html,https://www.findmyisland.com/islands/scotland/eilean-nan-gillean/,301,FALSE,FALSE,FALSE,FALSE
https://www.findmyisland.com/?island=osm-way-48994467,https://www.findmyisland.com/islands/scotland/eilean-nan-gillean/,301,FALSE,FALSE,FALSE,FALSE
https://www.findmyisland.com/profiles/osm-way-3615265.html,https://www.findmyisland.com/islands/scotland/eilean-nan-ron-osm-way-3615265/,301,FALSE,FALSE,FALSE,FALSE
https://www.findmyisland.com/?island=osm-way-3615265,https://www.findmyisland.com/islands/scotland/eilean-nan-ron-osm-way-3615265/,301,FALSE,FALSE,FALSE,FALSE
https://www.findmyisland.com/profiles/osm-way-44945730.html,https://www.findmyisland.com/islands/scotland/eilean-ornsay/,301,FALSE,FALSE,FALSE,FALSE
https://www.findmyisland.com/?island=osm-way-44945730,https://www.findmyisland.com/islands/scotland/eilean-ornsay/,301,FALSE,FALSE,FALSE,FALSE
https://www.findmyisland.com/profiles/osm-way-200745352.html,https://www.findmyisland.com/islands/scotland/eilean-righ/,301,FALSE,FALSE,FALSE,FALSE
https://www.findmyisland.com/?island=osm-way-200745352,https://www.findmyisland.com/islands/scotland/eilean-righ/,301,FALSE,FALSE,FALSE,FALSE
https://www.findmyisland.com/profiles/osm-way-73068943.html,https://www.findmyisland.com/islands/scotland/eilean-ruairidh-mor/,301,FALSE,FALSE,FALSE,FALSE
https://www.findmyisland.com/?island=osm-way-73068943,https://www.findmyisland.com/islands/scotland/eilean-ruairidh-mor/,301,FALSE,FALSE,FALSE,FALSE
https://www.findmyisland.com/profiles/osm-relation-9395600.html,https://www.findmyisland.com/islands/scotland/eilean-shona/,301,FALSE,FALSE,FALSE,FALSE
https://www.findmyisland.com/?island=osm-relation-9395600,https://www.findmyisland.com/islands/scotland/eilean-shona/,301,FALSE,FALSE,FALSE,FALSE
https://www.findmyisland.com/profiles/osm-relation-20370669.html,https://www.findmyisland.com/islands/scotland/eilean-subhainn/,301,FALSE,FALSE,FALSE,FALSE
https://www.findmyisland.com/?island=osm-relation-20370669,https://www.findmyisland.com/islands/scotland/eilean-subhainn/,301,FALSE,FALSE,FALSE,FALSE
https://www.findmyisland.com/profiles/osm-relation-13736431.html,https://www.findmyisland.com/islands/scotland/eilean-tigh/,301,FALSE,FALSE,FALSE,FALSE
https://www.findmyisland.com/?island=osm-relation-13736431,https://www.findmyisland.com/islands/scotland/eilean-tigh/,301,FALSE,FALSE,FALSE,FALSE
https://www.findmyisland.com/profiles/osm-way-4004961.html,https://www.findmyisland.com/islands/scotland/eilean-trodday/,301,FALSE,FALSE,FALSE,FALSE
https://www.findmyisland.com/?island=osm-way-4004961,https://www.findmyisland.com/islands/scotland/eilean-trodday/,301,FALSE,FALSE,FALSE,FALSE
https://www.findmyisland.com/profiles/wd-Q16896623.html,https://www.findmyisland.com/islands/scotland/eilean-a-beithich/,301,FALSE,FALSE,FALSE,FALSE
https://www.findmyisland.com/?island=wd-Q16896623,https://www.findmyisland.com/islands/scotland/eilean-a-beithich/,301,FALSE,FALSE,FALSE,FALSE
https://www.findmyisland.com/profiles/wd-Q5349316.html,https://www.findmyisland.com/islands/scotland/eileanan-chearabhaigh/,301,FALSE,FALSE,FALSE,FALSE
https://www.findmyisland.com/?island=wd-Q5349316,https://www.findmyisland.com/islands/scotland/eileanan-chearabhaigh/,301,FALSE,FALSE,FALSE,FALSE
https://www.findmyisland.com/profiles/osm-way-1387598959.html,https://www.findmyisland.com/islands/scotland/eileann-domhnuill-a-spionnaidh/,301,FALSE,FALSE,FALSE,FALSE
https://www.findmyisland.com/?island=osm-way-1387598959,https://www.findmyisland.com/islands/scotland/eileann-domhnuill-a-spionnaidh/,301,FALSE,FALSE,FALSE,FALSE
https://www.findmyisland.com/profiles/osm-way-45834130.html,https://www.findmyisland.com/islands/scotland/ellanderroch/,301,FALSE,FALSE,FALSE,FALSE
https://www.findmyisland.com/?island=osm-way-45834130,https://www.findmyisland.com/islands/scotland/ellanderroch/,301,FALSE,FALSE,FALSE,FALSE
https://www.findmyisland.com/profiles/osm-way-4012450.html,https://www.findmyisland.com/islands/scotland/ensay/,301,FALSE,FALSE,FALSE,FALSE
https://www.findmyisland.com/?island=osm-way-4012450,https://www.findmyisland.com/islands/scotland/ensay/,301,FALSE,FALSE,FALSE,FALSE
https://www.findmyisland.com/profiles/osm-way-4009637.html,https://www.findmyisland.com/islands/scotland/eorsa/,301,FALSE,FALSE,FALSE,FALSE
https://www.findmyisland.com/?island=osm-way-4009637,https://www.findmyisland.com/islands/scotland/eorsa/,301,FALSE,FALSE,FALSE,FALSE
https://www.findmyisland.com/profiles/osm-relation-2264544.html,https://www.findmyisland.com/islands/scotland/eriska/,301,FALSE,FALSE,FALSE,FALSE
https://www.findmyisland.com/?island=osm-relation-2264544,https://www.findmyisland.com/islands/scotland/eriska/,301,FALSE,FALSE,FALSE,FALSE
https://www.findmyisland.com/profiles/osm-relation-15708714.html,https://www.findmyisland.com/islands/scotland/eriskay/,301,FALSE,FALSE,FALSE,FALSE
https://www.findmyisland.com/?island=osm-relation-15708714,https://www.findmyisland.com/islands/scotland/eriskay/,301,FALSE,FALSE,FALSE,FALSE
https://www.findmyisland.com/profiles/osm-relation-9620215.html,https://www.findmyisland.com/islands/scotland/erraid/,301,FALSE,FALSE,FALSE,FALSE
https://www.findmyisland.com/?island=osm-relation-9620215,https://www.findmyisland.com/islands/scotland/erraid/,301,FALSE,FALSE,FALSE,FALSE
https://www.findmyisland.com/profiles/wd-Q3062756.html,https://www.findmyisland.com/islands/scotland/eyebroughy/,301,FALSE,FALSE,FALSE,FALSE
https://www.findmyisland.com/?island=wd-Q3062756,https://www.findmyisland.com/islands/scotland/eyebroughy/,301,FALSE,FALSE,FALSE,FALSE
https://www.findmyisland.com/profiles/osm-way-4569233.html,https://www.findmyisland.com/islands/scotland/eynhallow/,301,FALSE,FALSE,FALSE,FALSE
https://www.findmyisland.com/?island=osm-way-4569233,https://www.findmyisland.com/islands/scotland/eynhallow/,301,FALSE,FALSE,FALSE,FALSE
https://www.findmyisland.com/profiles/fair-isle.html,https://www.findmyisland.com/islands/scotland/fair-isle/,301,FALSE,FALSE,FALSE,FALSE
https://www.findmyisland.com/?island=fair-isle,https://www.findmyisland.com/islands/scotland/fair-isle/,301,FALSE,FALSE,FALSE,FALSE
https://www.findmyisland.com/profiles/osm-way-1149758596.html,https://www.findmyisland.com/islands/scotland/fara/,301,FALSE,FALSE,FALSE,FALSE
https://www.findmyisland.com/?island=osm-way-1149758596,https://www.findmyisland.com/islands/scotland/fara/,301,FALSE,FALSE,FALSE,FALSE
https://www.findmyisland.com/profiles/osm-way-4569388.html,https://www.findmyisland.com/islands/scotland/faray/,301,FALSE,FALSE,FALSE,FALSE
https://www.findmyisland.com/?island=osm-way-4569388,https://www.findmyisland.com/islands/scotland/faray/,301,FALSE,FALSE,FALSE,FALSE
https://www.findmyisland.com/profiles/wd-Q373978.html,https://www.findmyisland.com/islands/ireland/fastnet-rock/,301,FALSE,FALSE,FALSE,FALSE
https://www.findmyisland.com/?island=wd-Q373978,https://www.findmyisland.com/islands/ireland/fastnet-rock/,301,FALSE,FALSE,FALSE,FALSE
https://www.findmyisland.com/profiles/wd-Q138780724.html,https://www.findmyisland.com/islands/england/fearns-island/,301,FALSE,FALSE,FALSE,FALSE
https://www.findmyisland.com/?island=wd-Q138780724,https://www.findmyisland.com/islands/england/fearns-island/,301,FALSE,FALSE,FALSE,FALSE
https://www.findmyisland.com/profiles/osm-relation-17664212.html,https://www.findmyisland.com/islands/ireland/feenish/,301,FALSE,FALSE,FALSE,FALSE
https://www.findmyisland.com/?island=osm-relation-17664212,https://www.findmyisland.com/islands/ireland/feenish/,301,FALSE,FALSE,FALSE,FALSE
https://www.findmyisland.com/profiles/wd-Q3378796.html,https://www.findmyisland.com/islands/ireland/fenit-island/,301,FALSE,FALSE,FALSE,FALSE
https://www.findmyisland.com/?island=wd-Q3378796,https://www.findmyisland.com/islands/ireland/fenit-island/,301,FALSE,FALSE,FALSE,FALSE
https://www.findmyisland.com/profiles/osm-way-59993348.html,https://www.findmyisland.com/islands/england/ferry-eyot/,301,FALSE,FALSE,FALSE,FALSE
https://www.findmyisland.com/?island=osm-way-59993348,https://www.findmyisland.com/islands/england/ferry-eyot/,301,FALSE,FALSE,FALSE,FALSE
https://www.findmyisland.com/profiles/osm-relation-6045499.html,https://www.findmyisland.com/islands/scotland/fetlar/,301,FALSE,FALSE,FALSE,FALSE
https://www.findmyisland.com/?island=osm-relation-6045499,https://www.findmyisland.com/islands/scotland/fetlar/,301,FALSE,FALSE,FALSE,FALSE
https://www.findmyisland.com/profiles/osm-relation-15708721.html,https://www.findmyisland.com/islands/scotland/fiaraidh/,301,FALSE,FALSE,FALSE,FALSE
https://www.findmyisland.com/?island=osm-relation-15708721,https://www.findmyisland.com/islands/scotland/fiaraidh/,301,FALSE,FALSE,FALSE,FALSE
https://www.findmyisland.com/profiles/osm-relation-13834801.html,https://www.findmyisland.com/islands/england/fiddlers-elbow/,301,FALSE,FALSE,FALSE,FALSE
https://www.findmyisland.com/?island=osm-relation-13834801,https://www.findmyisland.com/islands/england/fiddlers-elbow/,301,FALSE,FALSE,FALSE,FALSE
https://www.findmyisland.com/profiles/osm-relation-19403807.html,https://www.findmyisland.com/islands/england/fiddlers-island/,301,FALSE,FALSE,FALSE,FALSE
https://www.findmyisland.com/?island=osm-relation-19403807,https://www.findmyisland.com/islands/england/fiddlers-island/,301,FALSE,FALSE,FALSE,FALSE
https://www.findmyisland.com/profiles/osm-way-27378075.html,https://www.findmyisland.com/islands/ireland/fiddown-island/,301,FALSE,FALSE,FALSE,FALSE
https://www.findmyisland.com/?island=osm-way-27378075,https://www.findmyisland.com/islands/ireland/fiddown-island/,301,FALSE,FALSE,FALSE,FALSE
https://www.findmyisland.com/profiles/osm-relation-8322850.html,https://www.findmyisland.com/islands/scotland/fidra/,301,FALSE,FALSE,FALSE,FALSE
https://www.findmyisland.com/?island=osm-relation-8322850,https://www.findmyisland.com/islands/scotland/fidra/,301,FALSE,FALSE,FALSE,FALSE
https://www.findmyisland.com/profiles/osm-way-23678804.html,https://www.findmyisland.com/islands/england/firework-ait/,301,FALSE,FALSE,FALSE,FALSE
https://www.findmyisland.com/?island=osm-way-23678804,https://www.findmyisland.com/islands/england/firework-ait/,301,FALSE,FALSE,FALSE,FALSE
https://www.findmyisland.com/profiles/osm-way-885654979.html,https://www.findmyisland.com/islands/scotland/fish-holm/,301,FALSE,FALSE,FALSE,FALSE
https://www.findmyisland.com/?island=osm-way-885654979,https://www.findmyisland.com/islands/scotland/fish-holm/,301,FALSE,FALSE,FALSE,FALSE
https://www.findmyisland.com/profiles/wd-Q25634959.html,https://www.findmyisland.com/islands/scotland/fitty-hill/,301,FALSE,FALSE,FALSE,FALSE
https://www.findmyisland.com/?island=wd-Q25634959,https://www.findmyisland.com/islands/scotland/fitty-hill/,301,FALSE,FALSE,FALSE,FALSE
https://www.findmyisland.com/profiles/osm-way-4009563.html,https://www.findmyisland.com/islands/scotland/fladda-osm-way-4009563/,301,FALSE,FALSE,FALSE,FALSE
https://www.findmyisland.com/?island=osm-way-4009563,https://www.findmyisland.com/islands/scotland/fladda-osm-way-4009563/,301,FALSE,FALSE,FALSE,FALSE
https://www.findmyisland.com/profiles/osm-relation-15792941.html,https://www.findmyisland.com/islands/scotland/fladda/,301,FALSE,FALSE,FALSE,FALSE
https://www.findmyisland.com/?island=osm-relation-15792941,https://www.findmyisland.com/islands/scotland/fladda/,301,FALSE,FALSE,FALSE,FALSE
https://www.findmyisland.com/profiles/osm-way-60319849.html,https://www.findmyisland.com/islands/scotland/fladda-chuain/,301,FALSE,FALSE,FALSE,FALSE
https://www.findmyisland.com/?island=osm-way-60319849,https://www.findmyisland.com/islands/scotland/fladda-chuain/,301,FALSE,FALSE,FALSE,FALSE
https://www.findmyisland.com/profiles/flannan-isles-eilean-mor-6-others.html,https://www.findmyisland.com/islands/scotland/flannan-isles-eilean-mor-6-others/,301,FALSE,FALSE,FALSE,FALSE
https://www.findmyisland.com/?island=flannan-isles-eilean-mor-6-others,https://www.findmyisland.com/islands/scotland/flannan-isles-eilean-mor-6-others/,301,FALSE,FALSE,FALSE,FALSE
https://www.findmyisland.com/profiles/osm-way-126546636.html,https://www.findmyisland.com/islands/wales/flat-holm/,301,FALSE,FALSE,FALSE,FALSE
https://www.findmyisland.com/?island=osm-way-126546636,https://www.findmyisland.com/islands/wales/flat-holm/,301,FALSE,FALSE,FALSE,FALSE
https://www.findmyisland.com/profiles/wd-Q3777204.html,https://www.findmyisland.com/islands/scotland/flodaigh/,301,FALSE,FALSE,FALSE,FALSE
https://www.findmyisland.com/?island=wd-Q3777204,https://www.findmyisland.com/islands/scotland/flodaigh/,301,FALSE,FALSE,FALSE,FALSE
https://www.findmyisland.com/profiles/osm-way-47903159.html,https://www.findmyisland.com/islands/scotland/floday/,301,FALSE,FALSE,FALSE,FALSE
https://www.findmyisland.com/?island=osm-way-47903159,https://www.findmyisland.com/islands/scotland/floday/,301,FALSE,FALSE,FALSE,FALSE
https://www.findmyisland.com/profiles/osm-relation-9225240.html,https://www.findmyisland.com/islands/scotland/flodda/,301,FALSE,FALSE,FALSE,FALSE
https://www.findmyisland.com/?island=osm-relation-9225240,https://www.findmyisland.com/islands/scotland/flodda/,301,FALSE,FALSE,FALSE,FALSE
https://www.findmyisland.com/profiles/osm-relation-15708715.html,https://www.findmyisland.com/islands/scotland/flodday/,301,FALSE,FALSE,FALSE,FALSE
https://www.findmyisland.com/?island=osm-relation-15708715,https://www.findmyisland.com/islands/scotland/flodday/,301,FALSE,FALSE,FALSE,FALSE
https://www.findmyisland.com/profiles/osm-way-711461959.html,https://www.findmyisland.com/islands/scotland/flodday-osm-way-711461959/,301,FALSE,FALSE,FALSE,FALSE
https://www.findmyisland.com/?island=osm-way-711461959,https://www.findmyisland.com/islands/scotland/flodday-osm-way-711461959/,301,FALSE,FALSE,FALSE,FALSE
https://www.findmyisland.com/profiles/wd-Q19585637.html,https://www.findmyisland.com/islands/scotland/flodday-wd-q19585637/,301,FALSE,FALSE,FALSE,FALSE
https://www.findmyisland.com/?island=wd-Q19585637,https://www.findmyisland.com/islands/scotland/flodday-wd-q19585637/,301,FALSE,FALSE,FALSE,FALSE
https://www.findmyisland.com/profiles/osm-relation-16542349.html,https://www.findmyisland.com/islands/scotland/floddaymore/,301,FALSE,FALSE,FALSE,FALSE
https://www.findmyisland.com/?island=osm-relation-16542349,https://www.findmyisland.com/islands/scotland/floddaymore/,301,FALSE,FALSE,FALSE,FALSE
https://www.findmyisland.com/profiles/osm-relation-15671047.html,https://www.findmyisland.com/islands/scotland/flotta/,301,FALSE,FALSE,FALSE,FALSE
https://www.findmyisland.com/?island=osm-relation-15671047,https://www.findmyisland.com/islands/scotland/flotta/,301,FALSE,FALSE,FALSE,FALSE
https://www.findmyisland.com/profiles/osm-way-163637375.html,https://www.findmyisland.com/islands/scotland/flotta-osm-way-163637375/,301,FALSE,FALSE,FALSE,FALSE
https://www.findmyisland.com/?island=osm-way-163637375,https://www.findmyisland.com/islands/scotland/flotta-osm-way-163637375/,301,FALSE,FALSE,FALSE,FALSE
https://www.findmyisland.com/profiles/wd-Q26715737.html,https://www.findmyisland.com/islands/ireland/foaty-island/,301,FALSE,FALSE,FALSE,FALSE
https://www.findmyisland.com/?island=wd-Q26715737,https://www.findmyisland.com/islands/ireland/foaty-island/,301,FALSE,FALSE,FALSE,FALSE
https://www.findmyisland.com/profiles/wd-Q24646073.html,https://www.findmyisland.com/islands/scotland/fogla-skerry/,301,FALSE,FALSE,FALSE,FALSE
https://www.findmyisland.com/?island=wd-Q24646073,https://www.findmyisland.com/islands/scotland/fogla-skerry/,301,FALSE,FALSE,FALSE,FALSE
https://www.findmyisland.com/profiles/osm-way-1319182370.html,https://www.findmyisland.com/islands/england/formosa-island/,301,FALSE,FALSE,FALSE,FALSE
https://www.findmyisland.com/?island=osm-way-1319182370,https://www.findmyisland.com/islands/england/formosa-island/,301,FALSE,FALSE,FALSE,FALSE
https://www.findmyisland.com/profiles/osm-way-172479890.html,https://www.findmyisland.com/islands/scotland/forvik/,301,FALSE,FALSE,FALSE,FALSE
https://www.findmyisland.com/?island=osm-way-172479890,https://www.findmyisland.com/islands/scotland/forvik/,301,FALSE,FALSE,FALSE,FALSE
https://www.findmyisland.com/profiles/osm-relation-8249591.html,https://www.findmyisland.com/islands/scotland/foula/,301,FALSE,FALSE,FALSE,FALSE
https://www.findmyisland.com/?island=osm-relation-8249591,https://www.findmyisland.com/islands/scotland/foula/,301,FALSE,FALSE,FALSE,FALSE
https://www.findmyisland.com/profiles/osm-way-1493514553.html,https://www.findmyisland.com/islands/england/foulness-island/,301,FALSE,FALSE,FALSE,FALSE
https://www.findmyisland.com/?island=osm-way-1493514553,https://www.findmyisland.com/islands/england/foulness-island/,301,FALSE,FALSE,FALSE,FALSE
https://www.findmyisland.com/profiles/osm-node-48394268.html,https://www.findmyisland.com/islands/england/foulney-island/,301,FALSE,FALSE,FALSE,FALSE
https://www.findmyisland.com/?island=osm-node-48394268,https://www.findmyisland.com/islands/england/foulney-island/,301,FALSE,FALSE,FALSE,FALSE
https://www.findmyisland.com/profiles/osm-way-353629800.html,https://www.findmyisland.com/islands/ireland/fowl-island/,301,FALSE,FALSE,FALSE,FALSE
https://www.findmyisland.com/?island=osm-way-353629800,https://www.findmyisland.com/islands/ireland/fowl-island/,301,FALSE,FALSE,FALSE,FALSE
https://www.findmyisland.com/profiles/osm-way-591499609.html,https://www.findmyisland.com/islands/england/fowley-island/,301,FALSE,FALSE,FALSE,FALSE
https://www.findmyisland.com/?island=osm-way-591499609,https://www.findmyisland.com/islands/england/fowley-island/,301,FALSE,FALSE,FALSE,FALSE
https://www.findmyisland.com/profiles/osm-way-4563739.html,https://www.findmyisland.com/islands/ireland/foynes-island/,301,FALSE,FALSE,FALSE,FALSE
https://www.findmyisland.com/?island=osm-way-4563739,https://www.findmyisland.com/islands/ireland/foynes-island/,301,FALSE,FALSE,FALSE,FALSE
https://www.findmyisland.com/profiles/osm-way-115224852.html,https://www.findmyisland.com/islands/scotland/fraoch-eilean/,301,FALSE,FALSE,FALSE,FALSE
https://www.findmyisland.com/?island=osm-way-115224852,https://www.findmyisland.com/islands/scotland/fraoch-eilean/,301,FALSE,FALSE,FALSE,FALSE
https://www.findmyisland.com/profiles/osm-way-202177043.html,https://www.findmyisland.com/islands/scotland/fraoch-eilean-loch-awe/,301,FALSE,FALSE,FALSE,FALSE
https://www.findmyisland.com/?island=osm-way-202177043,https://www.findmyisland.com/islands/scotland/fraoch-eilean-loch-awe/,301,FALSE,FALSE,FALSE,FALSE
https://www.findmyisland.com/profiles/osm-way-4562742.html,https://www.findmyisland.com/islands/ireland/freaghillaun/,301,FALSE,FALSE,FALSE,FALSE
https://www.findmyisland.com/?island=osm-way-4562742,https://www.findmyisland.com/islands/ireland/freaghillaun/,301,FALSE,FALSE,FALSE,FALSE
https://www.findmyisland.com/profiles/osm-way-4562285.html,https://www.findmyisland.com/islands/ireland/friar-island/,301,FALSE,FALSE,FALSE,FALSE
https://www.findmyisland.com/?island=osm-way-4562285,https://www.findmyisland.com/islands/ireland/friar-island/,301,FALSE,FALSE,FALSE,FALSE
https://www.findmyisland.com/profiles/osm-way-23205665.html,https://www.findmyisland.com/islands/england/friday-island-osm-way-23205665/,301,FALSE,FALSE,FALSE,FALSE
https://www.findmyisland.com/?island=osm-way-23205665,https://www.findmyisland.com/islands/england/friday-island-osm-way-23205665/,301,FALSE,FALSE,FALSE,FALSE
https://www.findmyisland.com/profiles/wd-Q5505193.html,https://www.findmyisland.com/islands/england/frog-island-river-thames/,301,FALSE,FALSE,FALSE,FALSE
https://www.findmyisland.com/?island=wd-Q5505193,https://www.findmyisland.com/islands/england/frog-island-river-thames/,301,FALSE,FALSE,FALSE,FALSE
https://www.findmyisland.com/profiles/osm-way-32254150.html,https://www.findmyisland.com/islands/england/frog-mill-ait/,301,FALSE,FALSE,FALSE,FALSE
https://www.findmyisland.com/?island=osm-way-32254150,https://www.findmyisland.com/islands/england/frog-mill-ait/,301,FALSE,FALSE,FALSE,FALSE
https://www.findmyisland.com/profiles/osm-way-32723094.html,https://www.findmyisland.com/islands/england/frys-island/,301,FALSE,FALSE,FALSE,FALSE
https://www.findmyisland.com/?island=osm-way-32723094,https://www.findmyisland.com/islands/england/frys-island/,301,FALSE,FALSE,FALSE,FALSE
https://www.findmyisland.com/profiles/osm-relation-15708718.html,https://www.findmyisland.com/islands/scotland/fuday/,301,FALSE,FALSE,FALSE,FALSE
https://www.findmyisland.com/?island=osm-relation-15708718,https://www.findmyisland.com/islands/scotland/fuday/,301,FALSE,FALSE,FALSE,FALSE
https://www.findmyisland.com/profiles/osm-way-715175196.html,https://www.findmyisland.com/islands/scotland/fuiay/,301,FALSE,FALSE,FALSE,FALSE
https://www.findmyisland.com/?island=osm-way-715175196,https://www.findmyisland.com/islands/scotland/fuiay/,301,FALSE,FALSE,FALSE,FALSE
https://www.findmyisland.com/profiles/osm-way-247339795.html,https://www.findmyisland.com/islands/ireland/furnace/,301,FALSE,FALSE,FALSE,FALSE
https://www.findmyisland.com/?island=osm-way-247339795,https://www.findmyisland.com/islands/ireland/furnace/,301,FALSE,FALSE,FALSE,FALSE
https://www.findmyisland.com/profiles/osm-way-2941740.html,https://www.findmyisland.com/islands/england/furzey-island/,301,FALSE,FALSE,FALSE,FALSE
https://www.findmyisland.com/?island=osm-way-2941740,https://www.findmyisland.com/islands/england/furzey-island/,301,FALSE,FALSE,FALSE,FALSE
https://www.findmyisland.com/profiles/osm-way-248703441.html,https://www.findmyisland.com/islands/ireland/finis/,301,FALSE,FALSE,FALSE,FALSE
https://www.findmyisland.com/?island=osm-way-248703441,https://www.findmyisland.com/islands/ireland/finis/,301,FALSE,FALSE,FALSE,FALSE
https://www.findmyisland.com/profiles/osm-way-4561252.html,https://www.findmyisland.com/islands/ireland/gaghta-island/,301,FALSE,FALSE,FALSE,FALSE
https://www.findmyisland.com/?island=osm-way-4561252,https://www.findmyisland.com/islands/ireland/gaghta-island/,301,FALSE,FALSE,FALSE,FALSE
https://www.findmyisland.com/profiles/osm-relation-12597309.html,https://www.findmyisland.com/islands/scotland/gairsay/,301,FALSE,FALSE,FALSE,FALSE
https://www.findmyisland.com/?island=osm-relation-12597309,https://www.findmyisland.com/islands/scotland/gairsay/,301,FALSE,FALSE,FALSE,FALSE
https://www.findmyisland.com/profiles/osm-way-4008637.html,https://www.findmyisland.com/islands/scotland/garbh-eileach/,301,FALSE,FALSE,FALSE,FALSE
https://www.findmyisland.com/?island=osm-way-4008637,https://www.findmyisland.com/islands/scotland/garbh-eileach/,301,FALSE,FALSE,FALSE,FALSE
https://www.findmyisland.com/profiles/osm-relation-3252017.html,https://www.findmyisland.com/islands/scotland/garbh-eilean/,301,FALSE,FALSE,FALSE,FALSE
https://www.findmyisland.com/?island=osm-relation-3252017,https://www.findmyisland.com/islands/scotland/garbh-eilean/,301,FALSE,FALSE,FALSE,FALSE
https://www.findmyisland.com/profiles/osm-way-73070408.html,https://www.findmyisland.com/islands/scotland/garbh-eilean-loch-maree/,301,FALSE,FALSE,FALSE,FALSE
https://www.findmyisland.com/?island=osm-way-73070408,https://www.findmyisland.com/islands/scotland/garbh-eilean-loch-maree/,301,FALSE,FALSE,FALSE,FALSE
https://www.findmyisland.com/profiles/osm-relation-1571438.html,https://www.findmyisland.com/islands/scotland/garbh-sgeir/,301,FALSE,FALSE,FALSE,FALSE
https://www.findmyisland.com/?island=osm-relation-1571438,https://www.findmyisland.com/islands/scotland/garbh-sgeir/,301,FALSE,FALSE,FALSE,FALSE
https://www.findmyisland.com/profiles/osm-node-384972465.html,https://www.findmyisland.com/islands/ireland/garnish-island/,301,FALSE,FALSE,FALSE,FALSE
https://www.findmyisland.com/?island=osm-node-384972465,https://www.findmyisland.com/islands/ireland/garnish-island/,301,FALSE,FALSE,FALSE,FALSE
https://www.findmyisland.com/profiles/osm-way-157810927.html,https://www.findmyisland.com/islands/england/garricks-ait/,301,FALSE,FALSE,FALSE,FALSE
https://www.findmyisland.com/?island=osm-way-157810927,https://www.findmyisland.com/islands/england/garricks-ait/,301,FALSE,FALSE,FALSE,FALSE
https://www.findmyisland.com/profiles/osm-relation-14940681.html,https://www.findmyisland.com/islands/scotland/gasker/,301,FALSE,FALSE,FALSE,FALSE
https://www.findmyisland.com/?island=osm-relation-14940681,https://www.findmyisland.com/islands/scotland/gasker/,301,FALSE,FALSE,FALSE,FALSE
https://www.findmyisland.com/profiles/osm-way-1493746527.html,https://www.findmyisland.com/islands/wales/gateholm/,301,FALSE,FALSE,FALSE,FALSE
https://www.findmyisland.com/?island=osm-way-1493746527,https://www.findmyisland.com/islands/wales/gateholm/,301,FALSE,FALSE,FALSE,FALSE
https://www.findmyisland.com/profiles/wd-Q5535288.html,https://www.findmyisland.com/islands/ireland/geokaun/,301,FALSE,FALSE,FALSE,FALSE
https://www.findmyisland.com/?island=wd-Q5535288,https://www.findmyisland.com/islands/ireland/geokaun/,301,FALSE,FALSE,FALSE,FALSE
https://www.findmyisland.com/profiles/osm-way-903949865.html,https://www.findmyisland.com/islands/ireland/gibraltar/,301,FALSE,FALSE,FALSE,FALSE
https://www.findmyisland.com/?island=osm-way-903949865,https://www.findmyisland.com/islands/ireland/gibraltar/,301,FALSE,FALSE,FALSE,FALSE
https://www.findmyisland.com/profiles/osm-relation-8281371.html,https://www.findmyisland.com/islands/england/gibraltar-islands/,301,FALSE,FALSE,FALSE,FALSE
https://www.findmyisland.com/?island=osm-relation-8281371,https://www.findmyisland.com/islands/england/gibraltar-islands/,301,FALSE,FALSE,FALSE,FALSE
https://www.findmyisland.com/profiles/osm-way-201094666.html,https://www.findmyisland.com/islands/scotland/gigalum/,301,FALSE,FALSE,FALSE,FALSE
https://www.findmyisland.com/?island=osm-way-201094666,https://www.findmyisland.com/islands/scotland/gigalum/,301,FALSE,FALSE,FALSE,FALSE
https://www.findmyisland.com/profiles/osm-way-3351494.html,https://www.findmyisland.com/islands/england/giggers-island/,301,FALSE,FALSE,FALSE,FALSE
https://www.findmyisland.com/?island=osm-way-3351494,https://www.findmyisland.com/islands/england/giggers-island/,301,FALSE,FALSE,FALSE,FALSE
https://www.findmyisland.com/profiles/osm-relation-6949620.html,https://www.findmyisland.com/islands/scotland/gigha/,301,FALSE,FALSE,FALSE,FALSE
https://www.findmyisland.com/?island=osm-relation-6949620,https://www.findmyisland.com/islands/scotland/gigha/,301,FALSE,FALSE,FALSE,FALSE
https://www.findmyisland.com/profiles/osm-way-4011674.html,https://www.findmyisland.com/islands/scotland/gighay/,301,FALSE,FALSE,FALSE,FALSE
https://www.findmyisland.com/?island=osm-way-4011674,https://www.findmyisland.com/islands/scotland/gighay/,301,FALSE,FALSE,FALSE,FALSE
https://www.findmyisland.com/profiles/osm-way-59314439.html,https://www.findmyisland.com/islands/scotland/glas-leac-beag/,301,FALSE,FALSE,FALSE,FALSE
https://www.findmyisland.com/?island=osm-way-59314439,https://www.findmyisland.com/islands/scotland/glas-leac-beag/,301,FALSE,FALSE,FALSE,FALSE
https://www.findmyisland.com/profiles/osm-way-59314678.html,https://www.findmyisland.com/islands/scotland/glas-leac-mor/,301,FALSE,FALSE,FALSE,FALSE
https://www.findmyisland.com/?island=osm-way-59314678,https://www.findmyisland.com/islands/scotland/glas-leac-mor/,301,FALSE,FALSE,FALSE,FALSE
https://www.findmyisland.com/profiles/osm-way-4558730.html,https://www.findmyisland.com/islands/northern-ireland/glashedy-island/,301,FALSE,FALSE,FALSE,FALSE
https://www.findmyisland.com/?island=osm-way-4558730,https://www.findmyisland.com/islands/northern-ireland/glashedy-island/,301,FALSE,FALSE,FALSE,FALSE
https://www.findmyisland.com/profiles/osm-relation-3148463.html,https://www.findmyisland.com/islands/scotland/glims-holm/,301,FALSE,FALSE,FALSE,FALSE
https://www.findmyisland.com/?island=osm-relation-3148463,https://www.findmyisland.com/islands/scotland/glims-holm/,301,FALSE,FALSE,FALSE,FALSE
https://www.findmyisland.com/profiles/wd-Q3109265.html,https://www.findmyisland.com/islands/scotland/gloup-holm/,301,FALSE,FALSE,FALSE,FALSE
https://www.findmyisland.com/?island=wd-Q3109265,https://www.findmyisland.com/islands/scotland/gloup-holm/,301,FALSE,FALSE,FALSE,FALSE
https://www.findmyisland.com/profiles/osm-way-9709174.html,https://www.findmyisland.com/islands/england/glovers-island/,301,FALSE,FALSE,FALSE,FALSE
https://www.findmyisland.com/?island=osm-way-9709174,https://www.findmyisland.com/islands/england/glovers-island/,301,FALSE,FALSE,FALSE,FALSE
https://www.findmyisland.com/profiles/osm-way-4006840.html,https://www.findmyisland.com/islands/northern-ireland/glunimore-island/,301,FALSE,FALSE,FALSE,FALSE
https://www.findmyisland.com/?island=osm-way-4006840,https://www.findmyisland.com/islands/northern-ireland/glunimore-island/,301,FALSE,FALSE,FALSE,FALSE
https://www.findmyisland.com/profiles/wd-Q16893777.html,https://www.findmyisland.com/islands/ireland/goat-island-ardmore/,301,FALSE,FALSE,FALSE,FALSE
https://www.findmyisland.com/?island=wd-Q16893777,https://www.findmyisland.com/islands/ireland/goat-island-ardmore/,301,FALSE,FALSE,FALSE,FALSE
https://www.findmyisland.com/profiles/osm-relation-9126998.html,https://www.findmyisland.com/islands/ireland/gola/,301,FALSE,FALSE,FALSE,FALSE
https://www.findmyisland.com/?island=osm-relation-9126998,https://www.findmyisland.com/islands/ireland/gola/,301,FALSE,FALSE,FALSE,FALSE
https://www.findmyisland.com/profiles/osm-relation-8245962.html,https://www.findmyisland.com/islands/scotland/gometra/,301,FALSE,FALSE,FALSE,FALSE
https://www.findmyisland.com/?island=osm-relation-8245962,https://www.findmyisland.com/islands/scotland/gometra/,301,FALSE,FALSE,FALSE,FALSE
https://www.findmyisland.com/profiles/osm-way-314858442.html,https://www.findmyisland.com/islands/ireland/goose-island-lough-leane/,301,FALSE,FALSE,FALSE,FALSE
https://www.findmyisland.com/?island=osm-way-314858442,https://www.findmyisland.com/islands/ireland/goose-island-lough-leane/,301,FALSE,FALSE,FALSE,FALSE
https://www.findmyisland.com/profiles/wd-Q65295445.html,https://www.findmyisland.com/islands/wales/gored-beuno/,301,FALSE,FALSE,FALSE,FALSE
https://www.findmyisland.com/?island=wd-Q65295445,https://www.findmyisland.com/islands/wales/gored-beuno/,301,FALSE,FALSE,FALSE,FALSE
https://www.findmyisland.com/profiles/osm-way-4557217.html,https://www.findmyisland.com/islands/northern-ireland/gores-island/,301,FALSE,FALSE,FALSE,FALSE
https://www.findmyisland.com/?island=osm-way-4557217,https://www.findmyisland.com/islands/northern-ireland/gores-island/,301,FALSE,FALSE,FALSE,FALSE
https://www.findmyisland.com/profiles/osm-relation-3184540.html,https://www.findmyisland.com/islands/england/gorregan/,301,FALSE,FALSE,FALSE,FALSE
https://www.findmyisland.com/?island=osm-relation-3184540,https://www.findmyisland.com/islands/england/gorregan/,301,FALSE,FALSE,FALSE,FALSE
https://www.findmyisland.com/profiles/osm-relation-4029093.html,https://www.findmyisland.com/islands/ireland/gorumna-island/,301,FALSE,FALSE,FALSE,FALSE
https://www.findmyisland.com/?island=osm-relation-4029093,https://www.findmyisland.com/islands/ireland/gorumna-island/,301,FALSE,FALSE,FALSE,FALSE
https://www.findmyisland.com/profiles/osm-way-1149754247.html,https://www.findmyisland.com/islands/scotland/graemsay/,301,FALSE,FALSE,FALSE,FALSE
https://www.findmyisland.com/?island=osm-way-1149754247,https://www.findmyisland.com/islands/scotland/graemsay/,301,FALSE,FALSE,FALSE,FALSE
https://www.findmyisland.com/profiles/osm-way-157812279.html,https://www.findmyisland.com/islands/england/grand-junction-isle/,301,FALSE,FALSE,FALSE,FALSE
https://www.findmyisland.com/?island=osm-way-157812279,https://www.findmyisland.com/islands/england/grand-junction-isle/,301,FALSE,FALSE,FALSE,FALSE
https://www.findmyisland.com/profiles/grannie-stane.html,https://www.findmyisland.com/islands/scotland/grannie-stane/,301,FALSE,FALSE,FALSE,FALSE
https://www.findmyisland.com/?island=grannie-stane,https://www.findmyisland.com/islands/scotland/grannie-stane/,301,FALSE,FALSE,FALSE,FALSE
https://www.findmyisland.com/profiles/grass-eyot-w23682157.html,https://www.findmyisland.com/islands/england/grass-eyot-w23682157/,301,FALSE,FALSE,FALSE,FALSE
https://www.findmyisland.com/?island=grass-eyot-w23682157,https://www.findmyisland.com/islands/england/grass-eyot-w23682157/,301,FALSE,FALSE,FALSE,FALSE
https://www.findmyisland.com/profiles/osm-way-27013704.html,https://www.findmyisland.com/islands/ireland/grassholm/,301,FALSE,FALSE,FALSE,FALSE
https://www.findmyisland.com/?island=osm-way-27013704,https://www.findmyisland.com/islands/ireland/grassholm/,301,FALSE,FALSE,FALSE,FALSE
https://www.findmyisland.com/profiles/osm-relation-6046451.html,https://www.findmyisland.com/islands/scotland/great-bernera/,301,FALSE,FALSE,FALSE,FALSE
https://www.findmyisland.com/?island=osm-relation-6046451,https://www.findmyisland.com/islands/scotland/great-bernera/,301,FALSE,FALSE,FALSE,FALSE
https://www.findmyisland.com/profiles/osm-relation-6038068.html,https://www.findmyisland.com/islands/england/great-britain/,301,FALSE,FALSE,FALSE,FALSE
https://www.findmyisland.com/?island=osm-relation-6038068,https://www.findmyisland.com/islands/england/great-britain/,301,FALSE,FALSE,FALSE,FALSE
https://www.findmyisland.com/profiles/osm-way-236950454.html,https://www.findmyisland.com/islands/england/great-cheese-rock/,301,FALSE,FALSE,FALSE,FALSE
https://www.findmyisland.com/?island=osm-way-236950454,https://www.findmyisland.com/islands/england/great-cheese-rock/,301,FALSE,FALSE,FALSE,FALSE
https://www.findmyisland.com/profiles/osm-way-109858891.html,https://www.findmyisland.com/islands/england/great-cob-island/,301,FALSE,FALSE,FALSE,FALSE
https://www.findmyisland.com/?island=osm-way-109858891,https://www.findmyisland.com/islands/england/great-cob-island/,301,FALSE,FALSE,FALSE,FALSE
https://www.findmyisland.com/profiles/osm-relation-12598015.html,https://www.findmyisland.com/islands/scotland/great-cumbrae/,301,FALSE,FALSE,FALSE,FALSE
https://www.findmyisland.com/?island=osm-relation-12598015,https://www.findmyisland.com/islands/scotland/great-cumbrae/,301,FALSE,FALSE,FALSE,FALSE
https://www.findmyisland.com/profiles/osm-way-236857275.html,https://www.findmyisland.com/islands/england/great-ganilly/,301,FALSE,FALSE,FALSE,FALSE
https://www.findmyisland.com/?island=osm-way-236857275,https://www.findmyisland.com/islands/england/great-ganilly/,301,FALSE,FALSE,FALSE,FALSE
https://www.findmyisland.com/profiles/osm-way-236857279.html,https://www.findmyisland.com/islands/england/great-innisvouls/,301,FALSE,FALSE,FALSE,FALSE
https://www.findmyisland.com/?island=osm-way-236857279,https://www.findmyisland.com/islands/england/great-innisvouls/,301,FALSE,FALSE,FALSE,FALSE
https://www.findmyisland.com/profiles/osm-relation-8158173.html,https://www.findmyisland.com/islands/ireland/great-island/,301,FALSE,FALSE,FALSE,FALSE
https://www.findmyisland.com/?island=osm-relation-8158173,https://www.findmyisland.com/islands/ireland/great-island/,301,FALSE,FALSE,FALSE,FALSE
https://www.findmyisland.com/profiles/osm-way-128077107.html,https://www.findmyisland.com/islands/ireland/great-saltee/,301,FALSE,FALSE,FALSE,FALSE
https://www.findmyisland.com/?island=osm-way-128077107,https://www.findmyisland.com/islands/ireland/great-saltee/,301,FALSE,FALSE,FALSE,FALSE
https://www.findmyisland.com/profiles/osm-way-169885384.html,https://www.findmyisland.com/islands/scotland/green-holm/,301,FALSE,FALSE,FALSE,FALSE
https://www.findmyisland.com/?island=osm-way-169885384,https://www.findmyisland.com/islands/scotland/green-holm/,301,FALSE,FALSE,FALSE,FALSE
https://www.findmyisland.com/profiles/osm-way-2941748.html,https://www.findmyisland.com/islands/england/green-island-osm-way-2941748/,301,FALSE,FALSE,FALSE,FALSE
https://www.findmyisland.com/?island=osm-way-2941748,https://www.findmyisland.com/islands/england/green-island-osm-way-2941748/,301,FALSE,FALSE,FALSE,FALSE
https://www.findmyisland.com/profiles/osm-way-163637367.html,https://www.findmyisland.com/islands/scotland/greena/,301,FALSE,FALSE,FALSE,FALSE
https://www.findmyisland.com/?island=osm-way-163637367,https://www.findmyisland.com/islands/scotland/greena/,301,FALSE,FALSE,FALSE,FALSE
https://www.findmyisland.com/profiles/wd-Q2725983.html,https://www.findmyisland.com/islands/england/greenham/,301,FALSE,FALSE,FALSE,FALSE
https://www.findmyisland.com/?island=wd-Q2725983,https://www.findmyisland.com/islands/england/greenham/,301,FALSE,FALSE,FALSE,FALSE
https://www.findmyisland.com/profiles/csv-geocoded-Q1375188.html,https://www.findmyisland.com/islands/england/greenisland/,301,FALSE,FALSE,FALSE,FALSE
https://www.findmyisland.com/?island=csv-geocoded-Q1375188,https://www.findmyisland.com/islands/england/greenisland/,301,FALSE,FALSE,FALSE,FALSE
https://www.findmyisland.com/profiles/osm-way-381672993.html,https://www.findmyisland.com/islands/scotland/grif-skerry/,301,FALSE,FALSE,FALSE,FALSE
https://www.findmyisland.com/?island=osm-way-381672993,https://www.findmyisland.com/islands/scotland/grif-skerry/,301,FALSE,FALSE,FALSE,FALSE
https://www.findmyisland.com/profiles/osm-relation-12323925.html,https://www.findmyisland.com/islands/scotland/grimsay/,301,FALSE,FALSE,FALSE,FALSE
https://www.findmyisland.com/?island=osm-relation-12323925,https://www.findmyisland.com/islands/scotland/grimsay/,301,FALSE,FALSE,FALSE,FALSE
https://www.findmyisland.com/profiles/osm-relation-9498290.html,https://www.findmyisland.com/islands/scotland/grimsay-outer-hebrides/,301,FALSE,FALSE,FALSE,FALSE
https://www.findmyisland.com/?island=osm-relation-9498290,https://www.findmyisland.com/islands/scotland/grimsay-outer-hebrides/,301,FALSE,FALSE,FALSE,FALSE
https://www.findmyisland.com/profiles/osm-relation-2324897.html,https://www.findmyisland.com/islands/scotland/gruinard-island/,301,FALSE,FALSE,FALSE,FALSE
https://www.findmyisland.com/?island=osm-relation-2324897,https://www.findmyisland.com/islands/scotland/gruinard-island/,301,FALSE,FALSE,FALSE,FALSE
https://www.findmyisland.com/profiles/osm-relation-12037404.html,https://www.findmyisland.com/islands/scotland/grunay/,301,FALSE,FALSE,FALSE,FALSE
https://www.findmyisland.com/?island=osm-relation-12037404,https://www.findmyisland.com/islands/scotland/grunay/,301,FALSE,FALSE,FALSE,FALSE
https://www.findmyisland.com/profiles/osm-way-41105692.html,https://www.findmyisland.com/islands/scotland/gruney/,301,FALSE,FALSE,FALSE,FALSE
https://www.findmyisland.com/?island=osm-way-41105692,https://www.findmyisland.com/islands/scotland/gruney/,301,FALSE,FALSE,FALSE,FALSE
https://www.findmyisland.com/profiles/osm-way-23679633.html,https://www.findmyisland.com/islands/england/guards-club-eyot/,301,FALSE,FALSE,FALSE,FALSE
https://www.findmyisland.com/?island=osm-way-23679633,https://www.findmyisland.com/islands/england/guards-club-eyot/,301,FALSE,FALSE,FALSE,FALSE
https://www.findmyisland.com/profiles/guernsey.html,https://www.findmyisland.com/islands/crown-dependencies/guernsey/,301,FALSE,FALSE,FALSE,FALSE
https://www.findmyisland.com/?island=guernsey,https://www.findmyisland.com/islands/crown-dependencies/guernsey/,301,FALSE,FALSE,FALSE,FALSE
https://www.findmyisland.com/profiles/osm-way-237654372.html,https://www.findmyisland.com/islands/england/gugh/,301,FALSE,FALSE,FALSE,FALSE
https://www.findmyisland.com/?island=osm-way-237654372,https://www.findmyisland.com/islands/england/gugh/,301,FALSE,FALSE,FALSE,FALSE
https://www.findmyisland.com/profiles/osm-way-1169080898.html,https://www.findmyisland.com/islands/scotland/guillamon-island/,301,FALSE,FALSE,FALSE,FALSE
https://www.findmyisland.com/?island=osm-way-1169080898,https://www.findmyisland.com/islands/scotland/guillamon-island/,301,FALSE,FALSE,FALSE,FALSE
https://www.findmyisland.com/profiles/osm-relation-14347946.html,https://www.findmyisland.com/islands/england/gull-island/,301,FALSE,FALSE,FALSE,FALSE
https://www.findmyisland.com/?island=osm-relation-14347946,https://www.findmyisland.com/islands/england/gull-island/,301,FALSE,FALSE,FALSE,FALSE
https://www.findmyisland.com/profiles/wd-Q109924239.html,https://www.findmyisland.com/islands/england/gunfleet-sands/,301,FALSE,FALSE,FALSE,FALSE
https://www.findmyisland.com/?island=wd-Q109924239,https://www.findmyisland.com/islands/england/gunfleet-sands/,301,FALSE,FALSE,FALSE,FALSE
https://www.findmyisland.com/profiles/osm-way-144467600.html,https://www.findmyisland.com/islands/scotland/gunna/,301,FALSE,FALSE,FALSE,FALSE
https://www.findmyisland.com/?island=osm-way-144467600,https://www.findmyisland.com/islands/scotland/gunna/,301,FALSE,FALSE,FALSE,FALSE
https://www.findmyisland.com/profiles/osm-way-236815082.html,https://www.findmyisland.com/islands/england/gweal/,301,FALSE,FALSE,FALSE,FALSE
https://www.findmyisland.com/?island=osm-way-236815082,https://www.findmyisland.com/islands/england/gweal/,301,FALSE,FALSE,FALSE,FALSE
https://www.findmyisland.com/profiles/osm-way-4010551.html,https://www.findmyisland.com/islands/scotland/gaisgeir/,301,FALSE,FALSE,FALSE,FALSE
https://www.findmyisland.com/?island=osm-way-4010551,https://www.findmyisland.com/islands/scotland/gaisgeir/,301,FALSE,FALSE,FALSE,FALSE
https://www.findmyisland.com/profiles/osm-way-8603718.html,https://www.findmyisland.com/islands/scotland/haaf-gruney/,301,FALSE,FALSE,FALSE,FALSE
https://www.findmyisland.com/?island=osm-way-8603718,https://www.findmyisland.com/islands/scotland/haaf-gruney/,301,FALSE,FALSE,FALSE,FALSE
https://www.findmyisland.com/profiles/wd-Q5639646.html,https://www.findmyisland.com/islands/england/haisborough-sands/,301,FALSE,FALSE,FALSE,FALSE
https://www.findmyisland.com/?island=wd-Q5639646,https://www.findmyisland.com/islands/england/haisborough-sands/,301,FALSE,FALSE,FALSE,FALSE
https://www.findmyisland.com/profiles/osm-way-55539046.html,https://www.findmyisland.com/islands/england/hallsmead-ait/,301,FALSE,FALSE,FALSE,FALSE
https://www.findmyisland.com/?island=osm-way-55539046,https://www.findmyisland.com/islands/england/hallsmead-ait/,301,FALSE,FALSE,FALSE,FALSE
https://www.findmyisland.com/profiles/osm-way-1344897514.html,https://www.findmyisland.com/islands/england/ham-island/,301,FALSE,FALSE,FALSE,FALSE
https://www.findmyisland.com/?island=osm-way-1344897514,https://www.findmyisland.com/islands/england/ham-island/,301,FALSE,FALSE,FALSE,FALSE
https://www.findmyisland.com/profiles/osm-way-148442096.html,https://www.findmyisland.com/islands/england/hamhaugh-island/,301,FALSE,FALSE,FALSE,FALSE
https://www.findmyisland.com/?island=osm-way-148442096,https://www.findmyisland.com/islands/england/hamhaugh-island/,301,FALSE,FALSE,FALSE,FALSE
https://www.findmyisland.com/profiles/thames-hampton-london.html,https://www.findmyisland.com/islands/england/thames-hampton-london/,301,FALSE,FALSE,FALSE,FALSE
https://www.findmyisland.com/?island=thames-hampton-london,https://www.findmyisland.com/islands/england/thames-hampton-london/,301,FALSE,FALSE,FALSE,FALSE
https://www.findmyisland.com/profiles/wd-Q5647107.html,https://www.findmyisland.com/islands/england/hand-deeps/,301,FALSE,FALSE,FALSE,FALSE
https://www.findmyisland.com/?island=wd-Q5647107,https://www.findmyisland.com/islands/england/hand-deeps/,301,FALSE,FALSE,FALSE,FALSE
https://www.findmyisland.com/profiles/osm-way-417926365.html,https://www.findmyisland.com/islands/scotland/handa-island/,301,FALSE,FALSE,FALSE,FALSE
https://www.findmyisland.com/?island=osm-way-417926365,https://www.findmyisland.com/islands/scotland/handa-island/,301,FALSE,FALSE,FALSE,FALSE
https://www.findmyisland.com/profiles/osm-way-59991671.html,https://www.findmyisland.com/islands/england/handbuck-eyot/,301,FALSE,FALSE,FALSE,FALSE
https://www.findmyisland.com/?island=osm-way-59991671,https://www.findmyisland.com/islands/england/handbuck-eyot/,301,FALSE,FALSE,FALSE,FALSE
https://www.findmyisland.com/profiles/csv-geocoded-Q3127495.html,https://www.findmyisland.com/islands/scotland/harlosh/,301,FALSE,FALSE,FALSE,FALSE
https://www.findmyisland.com/?island=csv-geocoded-Q3127495,https://www.findmyisland.com/islands/scotland/harlosh/,301,FALSE,FALSE,FALSE,FALSE
https://www.findmyisland.com/profiles/osm-way-4005122.html,https://www.findmyisland.com/islands/scotland/harlosh-island/,301,FALSE,FALSE,FALSE,FALSE
https://www.findmyisland.com/?island=osm-way-4005122,https://www.findmyisland.com/islands/scotland/harlosh-island/,301,FALSE,FALSE,FALSE,FALSE
https://www.findmyisland.com/profiles/osm-relation-9603390.html,https://www.findmyisland.com/islands/scotland/harris/,301,FALSE,FALSE,FALSE,FALSE
https://www.findmyisland.com/?island=osm-relation-9603390,https://www.findmyisland.com/islands/scotland/harris/,301,FALSE,FALSE,FALSE,FALSE
https://www.findmyisland.com/profiles/osm-way-8590712.html,https://www.findmyisland.com/islands/scotland/hascosay/,301,FALSE,FALSE,FALSE,FALSE
https://www.findmyisland.com/?island=osm-way-8590712,https://www.findmyisland.com/islands/scotland/hascosay/,301,FALSE,FALSE,FALSE,FALSE
https://www.findmyisland.com/profiles/csv-geocoded-Q100975338.html,https://www.findmyisland.com/islands/scotland/haskeir-eagach/,301,FALSE,FALSE,FALSE,FALSE
https://www.findmyisland.com/?island=csv-geocoded-Q100975338,https://www.findmyisland.com/islands/scotland/haskeir-eagach/,301,FALSE,FALSE,FALSE,FALSE
https://www.findmyisland.com/profiles/osm-way-4010388.html,https://www.findmyisland.com/islands/scotland/haskeir-island/,301,FALSE,FALSE,FALSE,FALSE
https://www.findmyisland.com/?island=osm-way-4010388,https://www.findmyisland.com/islands/scotland/haskeir-island/,301,FALSE,FALSE,FALSE,FALSE
https://www.findmyisland.com/profiles/osm-way-4555538.html,https://www.findmyisland.com/islands/ireland/haulbowline/,301,FALSE,FALSE,FALSE,FALSE
https://www.findmyisland.com/?island=osm-way-4555538,https://www.findmyisland.com/islands/ireland/haulbowline/,301,FALSE,FALSE,FALSE,FALSE
https://www.findmyisland.com/profiles/osm-node-27580280.html,https://www.findmyisland.com/islands/england/havengore-island/,301,FALSE,FALSE,FALSE,FALSE
https://www.findmyisland.com/?island=osm-node-27580280,https://www.findmyisland.com/islands/england/havengore-island/,301,FALSE,FALSE,FALSE,FALSE
https://www.findmyisland.com/profiles/osm-way-1043462669.html,https://www.findmyisland.com/islands/england/havergate-island-nature-reserve/,301,FALSE,FALSE,FALSE,FALSE
https://www.findmyisland.com/?island=osm-way-1043462669,https://www.findmyisland.com/islands/england/havergate-island-nature-reserve/,301,FALSE,FALSE,FALSE,FALSE
https://www.findmyisland.com/profiles/osm-relation-3970260.html,https://www.findmyisland.com/islands/england/hayling-island/,301,FALSE,FALSE,FALSE,FALSE
https://www.findmyisland.com/?island=osm-relation-3970260,https://www.findmyisland.com/islands/england/hayling-island/,301,FALSE,FALSE,FALSE,FALSE
https://www.findmyisland.com/profiles/wd-Q5689613.html,https://www.findmyisland.com/islands/england/headin-haw/,301,FALSE,FALSE,FALSE,FALSE
https://www.findmyisland.com/?island=wd-Q5689613,https://www.findmyisland.com/islands/england/headin-haw/,301,FALSE,FALSE,FALSE,FALSE
https://www.findmyisland.com/profiles/osm-way-48099638.html,https://www.findmyisland.com/islands/england/headpile-eyot/,301,FALSE,FALSE,FALSE,FALSE
https://www.findmyisland.com/?island=osm-way-48099638,https://www.findmyisland.com/islands/england/headpile-eyot/,301,FALSE,FALSE,FALSE,FALSE
https://www.findmyisland.com/profiles/wd-Q20622863.html,https://www.findmyisland.com/islands/ireland/heath-island-achill-sound-clew-bay-area/,301,FALSE,FALSE,FALSE,FALSE
https://www.findmyisland.com/?island=wd-Q20622863,https://www.findmyisland.com/islands/ireland/heath-island-achill-sound-clew-bay-area/,301,FALSE,FALSE,FALSE,FALSE
https://www.findmyisland.com/profiles/osm-way-190629034.html,https://www.findmyisland.com/islands/ireland/heir-island/,301,FALSE,FALSE,FALSE,FALSE
https://www.findmyisland.com/?island=osm-way-190629034,https://www.findmyisland.com/islands/ireland/heir-island/,301,FALSE,FALSE,FALSE,FALSE
https://www.findmyisland.com/profiles/osm-way-4569263.html,https://www.findmyisland.com/islands/scotland/helliar-holm/,301,FALSE,FALSE,FALSE,FALSE
https://www.findmyisland.com/?island=osm-way-4569263,https://www.findmyisland.com/islands/scotland/helliar-holm/,301,FALSE,FALSE,FALSE,FALSE
https://www.findmyisland.com/profiles/osm-relation-15708717.html,https://www.findmyisland.com/islands/scotland/hellisay/,301,FALSE,FALSE,FALSE,FALSE
https://www.findmyisland.com/?island=osm-relation-15708717,https://www.findmyisland.com/islands/scotland/hellisay/,301,FALSE,FALSE,FALSE,FALSE
https://www.findmyisland.com/profiles/osm-way-1456755571.html,https://www.findmyisland.com/islands/ireland/hellsgate-island/,301,FALSE,FALSE,FALSE,FALSE
https://www.findmyisland.com/?island=osm-way-1456755571,https://www.findmyisland.com/islands/ireland/hellsgate-island/,301,FALSE,FALSE,FALSE,FALSE
https://www.findmyisland.com/profiles/thames-henley-on-thames.html,https://www.findmyisland.com/islands/england/thames-henley-on-thames/,301,FALSE,FALSE,FALSE,FALSE
https://www.findmyisland.com/?island=thames-henley-on-thames,https://www.findmyisland.com/islands/england/thames-henley-on-thames/,301,FALSE,FALSE,FALSE,FALSE
https://www.findmyisland.com/profiles/osm-way-2956897.html,https://www.findmyisland.com/islands/crown-dependencies/herm/,301,FALSE,FALSE,FALSE,FALSE
https://www.findmyisland.com/?island=osm-way-2956897,https://www.findmyisland.com/islands/crown-dependencies/herm/,301,FALSE,FALSE,FALSE,FALSE
https://www.findmyisland.com/profiles/osm-way-1225410691.html,https://www.findmyisland.com/islands/scotland/hermetray/,301,FALSE,FALSE,FALSE,FALSE
https://www.findmyisland.com/?island=osm-way-1225410691,https://www.findmyisland.com/islands/scotland/hermetray/,301,FALSE,FALSE,FALSE,FALSE
https://www.findmyisland.com/profiles/osm-way-97537721.html,https://www.findmyisland.com/islands/england/heron-island-osm-way-97537721/,301,FALSE,FALSE,FALSE,FALSE
https://www.findmyisland.com/?island=osm-way-97537721,https://www.findmyisland.com/islands/england/heron-island-osm-way-97537721/,301,FALSE,FALSE,FALSE,FALSE
https://www.findmyisland.com/profiles/osm-way-3098808.html,https://www.findmyisland.com/islands/scotland/hestan-island/,301,FALSE,FALSE,FALSE,FALSE
https://www.findmyisland.com/?island=osm-way-3098808,https://www.findmyisland.com/islands/scotland/hestan-island/,301,FALSE,FALSE,FALSE,FALSE
https://www.findmyisland.com/profiles/osm-way-4562311.html,https://www.findmyisland.com/islands/ireland/high-island-osm-way-4562311/,301,FALSE,FALSE,FALSE,FALSE
https://www.findmyisland.com/?island=osm-way-4562311,https://www.findmyisland.com/islands/ireland/high-island-osm-way-4562311/,301,FALSE,FALSE,FALSE,FALSE
https://www.findmyisland.com/profiles/osm-way-250292715.html,https://www.findmyisland.com/islands/wales/hilbre-island/,301,FALSE,FALSE,FALSE,FALSE
https://www.findmyisland.com/?island=osm-way-250292715,https://www.findmyisland.com/islands/wales/hilbre-island/,301,FALSE,FALSE,FALSE,FALSE
https://www.findmyisland.com/profiles/osm-way-41105627.html,https://www.findmyisland.com/islands/scotland/hildasay/,301,FALSE,FALSE,FALSE,FALSE
https://www.findmyisland.com/?island=osm-way-41105627,https://www.findmyisland.com/islands/scotland/hildasay/,301,FALSE,FALSE,FALSE,FALSE
https://www.findmyisland.com/profiles/osm-relation-8305331.html,https://www.findmyisland.com/islands/scotland/hirta/,301,FALSE,FALSE,FALSE,FALSE
https://www.findmyisland.com/?island=osm-relation-8305331,https://www.findmyisland.com/islands/scotland/hirta/,301,FALSE,FALSE,FALSE,FALSE
https://www.findmyisland.com/profiles/osm-way-148502588.html,https://www.findmyisland.com/islands/england/hollyhock-island/,301,FALSE,FALSE,FALSE,FALSE
https://www.findmyisland.com/?island=osm-way-148502588,https://www.findmyisland.com/islands/england/hollyhock-island/,301,FALSE,FALSE,FALSE,FALSE
https://www.findmyisland.com/profiles/holm-island-w148502589.html,https://www.findmyisland.com/islands/england/holm-island-w148502589/,301,FALSE,FALSE,FALSE,FALSE
https://www.findmyisland.com/?island=holm-island-w148502589,https://www.findmyisland.com/islands/england/holm-island-w148502589/,301,FALSE,FALSE,FALSE,FALSE
https://www.findmyisland.com/profiles/osm-way-4569320.html,https://www.findmyisland.com/islands/scotland/holm-of-boray/,301,FALSE,FALSE,FALSE,FALSE
https://www.findmyisland.com/?island=osm-way-4569320,https://www.findmyisland.com/islands/scotland/holm-of-boray/,301,FALSE,FALSE,FALSE,FALSE
https://www.findmyisland.com/profiles/osm-way-4569203.html,https://www.findmyisland.com/islands/scotland/holm-of-faray/,301,FALSE,FALSE,FALSE,FALSE
https://www.findmyisland.com/?island=osm-way-4569203,https://www.findmyisland.com/islands/scotland/holm-of-faray/,301,FALSE,FALSE,FALSE,FALSE
https://www.findmyisland.com/profiles/osm-way-701398670.html,https://www.findmyisland.com/islands/scotland/holm-of-grimbister/,301,FALSE,FALSE,FALSE,FALSE
https://www.findmyisland.com/?island=osm-way-701398670,https://www.findmyisland.com/islands/scotland/holm-of-grimbister/,301,FALSE,FALSE,FALSE,FALSE
https://www.findmyisland.com/profiles/osm-way-4569222.html,https://www.findmyisland.com/islands/scotland/holm-of-houton/,301,FALSE,FALSE,FALSE,FALSE
https://www.findmyisland.com/?island=osm-way-4569222,https://www.findmyisland.com/islands/scotland/holm-of-houton/,301,FALSE,FALSE,FALSE,FALSE
https://www.findmyisland.com/profiles/osm-way-1154777965.html,https://www.findmyisland.com/islands/scotland/holm-of-huip/,301,FALSE,FALSE,FALSE,FALSE
https://www.findmyisland.com/?island=osm-way-1154777965,https://www.findmyisland.com/islands/scotland/holm-of-huip/,301,FALSE,FALSE,FALSE,FALSE
https://www.findmyisland.com/profiles/osm-way-41105660.html,https://www.findmyisland.com/islands/scotland/holm-of-melby/,301,FALSE,FALSE,FALSE,FALSE
https://www.findmyisland.com/?island=osm-way-41105660,https://www.findmyisland.com/islands/scotland/holm-of-melby/,301,FALSE,FALSE,FALSE,FALSE
https://www.findmyisland.com/profiles/osm-way-137576764.html,https://www.findmyisland.com/islands/scotland/holm-of-noss/,301,FALSE,FALSE,FALSE,FALSE
https://www.findmyisland.com/?island=osm-way-137576764,https://www.findmyisland.com/islands/scotland/holm-of-noss/,301,FALSE,FALSE,FALSE,FALSE
https://www.findmyisland.com/profiles/osm-way-4569453.html,https://www.findmyisland.com/islands/scotland/holm-of-papa/,301,FALSE,FALSE,FALSE,FALSE
https://www.findmyisland.com/?island=osm-way-4569453,https://www.findmyisland.com/islands/scotland/holm-of-papa/,301,FALSE,FALSE,FALSE,FALSE
https://www.findmyisland.com/profiles/osm-way-4569307.html,https://www.findmyisland.com/islands/scotland/holm-of-rendall/,301,FALSE,FALSE,FALSE,FALSE
https://www.findmyisland.com/?island=osm-way-4569307,https://www.findmyisland.com/islands/scotland/holm-of-rendall/,301,FALSE,FALSE,FALSE,FALSE
https://www.findmyisland.com/profiles/osm-way-4569475.html,https://www.findmyisland.com/islands/scotland/holm-of-scockness/,301,FALSE,FALSE,FALSE,FALSE
https://www.findmyisland.com/?island=osm-way-4569475,https://www.findmyisland.com/islands/scotland/holm-of-scockness/,301,FALSE,FALSE,FALSE,FALSE
https://www.findmyisland.com/profiles/osm-way-19142427.html,https://www.findmyisland.com/islands/scotland/holm-of-setter/,301,FALSE,FALSE,FALSE,FALSE
https://www.findmyisland.com/?island=osm-way-19142427,https://www.findmyisland.com/islands/scotland/holm-of-setter/,301,FALSE,FALSE,FALSE,FALSE
https://www.findmyisland.com/profiles/osm-relation-16641514.html,https://www.findmyisland.com/islands/scotland/holm-of-skaw/,301,FALSE,FALSE,FALSE,FALSE
https://www.findmyisland.com/?island=osm-relation-16641514,https://www.findmyisland.com/islands/scotland/holm-of-skaw/,301,FALSE,FALSE,FALSE,FALSE
https://www.findmyisland.com/profiles/osm-relation-6045346.html,https://www.findmyisland.com/islands/wales/holy-island/,301,FALSE,FALSE,FALSE,FALSE
https://www.findmyisland.com/?island=osm-relation-6045346,https://www.findmyisland.com/islands/wales/holy-island/,301,FALSE,FALSE,FALSE,FALSE
https://www.findmyisland.com/profiles/osm-way-4003348.html,https://www.findmyisland.com/islands/scotland/holy-island/,301,FALSE,FALSE,FALSE,FALSE
https://www.findmyisland.com/?island=osm-way-4003348,https://www.findmyisland.com/islands/scotland/holy-island/,301,FALSE,FALSE,FALSE,FALSE
https://www.findmyisland.com/profiles/osm-way-890119757.html,https://www.findmyisland.com/islands/scotland/hoo-stack/,301,FALSE,FALSE,FALSE,FALSE
https://www.findmyisland.com/?island=osm-way-890119757,https://www.findmyisland.com/islands/scotland/hoo-stack/,301,FALSE,FALSE,FALSE,FALSE
https://www.findmyisland.com/profiles/hook-island-w139412875.html,https://www.findmyisland.com/islands/england/hook-island-w139412875/,301,FALSE,FALSE,FALSE,FALSE
https://www.findmyisland.com/?island=hook-island-w139412875,https://www.findmyisland.com/islands/england/hook-island-w139412875/,301,FALSE,FALSE,FALSE,FALSE
https://www.findmyisland.com/profiles/osm-relation-4031216.html,https://www.findmyisland.com/islands/scotland/horse-island/,301,FALSE,FALSE,FALSE,FALSE
https://www.findmyisland.com/?island=osm-relation-4031216,https://www.findmyisland.com/islands/scotland/horse-island/,301,FALSE,FALSE,FALSE,FALSE
https://www.findmyisland.com/profiles/osm-way-44150654.html,https://www.findmyisland.com/islands/scotland/horse-island-osm-way-44150654/,301,FALSE,FALSE,FALSE,FALSE
https://www.findmyisland.com/?island=osm-way-44150654,https://www.findmyisland.com/islands/scotland/horse-island-osm-way-44150654/,301,FALSE,FALSE,FALSE,FALSE
https://www.findmyisland.com/profiles/osm-way-4554537.html,https://www.findmyisland.com/islands/ireland/horse-island-osm-way-4554537/,301,FALSE,FALSE,FALSE,FALSE
https://www.findmyisland.com/?island=osm-way-4554537,https://www.findmyisland.com/islands/ireland/horse-island-osm-way-4554537/,301,FALSE,FALSE,FALSE,FALSE
https://www.findmyisland.com/profiles/osm-way-4564263.html,https://www.findmyisland.com/islands/ireland/horse-island-osm-way-4564263/,301,FALSE,FALSE,FALSE,FALSE
https://www.findmyisland.com/?island=osm-way-4564263,https://www.findmyisland.com/islands/ireland/horse-island-osm-way-4564263/,301,FALSE,FALSE,FALSE,FALSE
https://www.findmyisland.com/profiles/osm-way-1210700843.html,https://www.findmyisland.com/islands/scotland/horse-isle/,301,FALSE,FALSE,FALSE,FALSE
https://www.findmyisland.com/?island=osm-way-1210700843,https://www.findmyisland.com/islands/scotland/horse-isle/,301,FALSE,FALSE,FALSE,FALSE
https://www.findmyisland.com/profiles/osm-way-4569301.html,https://www.findmyisland.com/islands/scotland/horse-of-copinsay/,301,FALSE,FALSE,FALSE,FALSE
https://www.findmyisland.com/?island=osm-way-4569301,https://www.findmyisland.com/islands/scotland/horse-of-copinsay/,301,FALSE,FALSE,FALSE,FALSE
https://www.findmyisland.com/profiles/wd-Q5905719.html,https://www.findmyisland.com/islands/england/horsea-island/,301,FALSE,FALSE,FALSE,FALSE
https://www.findmyisland.com/?island=wd-Q5905719,https://www.findmyisland.com/islands/england/horsea-island/,301,FALSE,FALSE,FALSE,FALSE
https://www.findmyisland.com/profiles/osm-relation-965365.html,https://www.findmyisland.com/islands/england/horsey-island-osm-relation-965365/,301,FALSE,FALSE,FALSE,FALSE
https://www.findmyisland.com/?island=osm-relation-965365,https://www.findmyisland.com/islands/england/horsey-island-osm-relation-965365/,301,FALSE,FALSE,FALSE,FALSE
https://www.findmyisland.com/profiles/osm-relation-13365942.html,https://www.findmyisland.com/islands/scotland/housay/,301,FALSE,FALSE,FALSE,FALSE
https://www.findmyisland.com/?island=osm-relation-13365942,https://www.findmyisland.com/islands/scotland/housay/,301,FALSE,FALSE,FALSE,FALSE
https://www.findmyisland.com/profiles/osm-relation-12597159.html,https://www.findmyisland.com/islands/scotland/hoy/,301,FALSE,FALSE,FALSE,FALSE
https://www.findmyisland.com/?island=osm-relation-12597159,https://www.findmyisland.com/islands/scotland/hoy/,301,FALSE,FALSE,FALSE,FALSE
https://www.findmyisland.com/profiles/osm-way-154940439.html,https://www.findmyisland.com/islands/scotland/hoy-osm-way-154940439/,301,FALSE,FALSE,FALSE,FALSE
https://www.findmyisland.com/?island=osm-way-154940439,https://www.findmyisland.com/islands/scotland/hoy-osm-way-154940439/,301,FALSE,FALSE,FALSE,FALSE
https://www.findmyisland.com/profiles/osm-relation-12597165.html,https://www.findmyisland.com/islands/scotland/hunda/,301,FALSE,FALSE,FALSE,FALSE
https://www.findmyisland.com/?island=osm-relation-12597165,https://www.findmyisland.com/islands/scotland/hunda/,301,FALSE,FALSE,FALSE,FALSE
https://www.findmyisland.com/profiles/osm-relation-12659287.html,https://www.findmyisland.com/islands/scotland/huney/,301,FALSE,FALSE,FALSE,FALSE
https://www.findmyisland.com/?island=osm-relation-12659287,https://www.findmyisland.com/islands/scotland/huney/,301,FALSE,FALSE,FALSE,FALSE
https://www.findmyisland.com/profiles/thames-hurley-berkshire.html,https://www.findmyisland.com/islands/england/thames-hurley-berkshire/,301,FALSE,FALSE,FALSE,FALSE
https://www.findmyisland.com/?island=thames-hurley-berkshire,https://www.findmyisland.com/islands/england/thames-hurley-berkshire/,301,FALSE,FALSE,FALSE,FALSE
https://www.findmyisland.com/profiles/osm-relation-1571442.html,https://www.findmyisland.com/islands/scotland/hyskeir/,301,FALSE,FALSE,FALSE,FALSE
https://www.findmyisland.com/?island=osm-relation-1571442,https://www.findmyisland.com/islands/scotland/hyskeir/,301,FALSE,FALSE,FALSE,FALSE
https://www.findmyisland.com/profiles/osm-way-381672991.html,https://www.findmyisland.com/islands/scotland/ibister-holm/,301,FALSE,FALSE,FALSE,FALSE
https://www.findmyisland.com/?island=osm-way-381672991,https://www.findmyisland.com/islands/scotland/ibister-holm/,301,FALSE,FALSE,FALSE,FALSE
https://www.findmyisland.com/profiles/wd-Q25380012.html,https://www.findmyisland.com/islands/england/iffley-meadows/,301,FALSE,FALSE,FALSE,FALSE
https://www.findmyisland.com/?island=wd-Q25380012,https://www.findmyisland.com/islands/england/iffley-meadows/,301,FALSE,FALSE,FALSE,FALSE
https://www.findmyisland.com/profiles/osm-way-191310149.html,https://www.findmyisland.com/islands/ireland/illanmaster/,301,FALSE,FALSE,FALSE,FALSE
https://www.findmyisland.com/?island=osm-way-191310149,https://www.findmyisland.com/islands/ireland/illanmaster/,301,FALSE,FALSE,FALSE,FALSE
https://www.findmyisland.com/profiles/osm-relation-4077820.html,https://www.findmyisland.com/islands/ireland/illaunaneel/,301,FALSE,FALSE,FALSE,FALSE
https://www.findmyisland.com/?island=osm-relation-4077820,https://www.findmyisland.com/islands/ireland/illaunaneel/,301,FALSE,FALSE,FALSE,FALSE
https://www.findmyisland.com/profiles/osm-way-4563007.html,https://www.findmyisland.com/islands/ireland/illauneeragh/,301,FALSE,FALSE,FALSE,FALSE
https://www.findmyisland.com/?island=osm-way-4563007,https://www.findmyisland.com/islands/ireland/illauneeragh/,301,FALSE,FALSE,FALSE,FALSE
https://www.findmyisland.com/profiles/osm-way-363827192.html,https://www.findmyisland.com/islands/ireland/illaunmore-osm-way-363827192/,301,FALSE,FALSE,FALSE,FALSE
https://www.findmyisland.com/?island=osm-way-363827192,https://www.findmyisland.com/islands/ireland/illaunmore-osm-way-363827192/,301,FALSE,FALSE,FALSE,FALSE
https://www.findmyisland.com/profiles/wd-Q112131366.html,https://www.findmyisland.com/islands/ireland/illaunobrick/,301,FALSE,FALSE,FALSE,FALSE
https://www.findmyisland.com/?island=wd-Q112131366,https://www.findmyisland.com/islands/ireland/illaunobrick/,301,FALSE,FALSE,FALSE,FALSE
https://www.findmyisland.com/profiles/osm-way-236770966.html,https://www.findmyisland.com/islands/england/illiswilgig/,301,FALSE,FALSE,FALSE,FALSE
https://www.findmyisland.com/?island=osm-way-236770966,https://www.findmyisland.com/islands/england/illiswilgig/,301,FALSE,FALSE,FALSE,FALSE
https://www.findmyisland.com/profiles/osm-relation-5497270.html,https://www.findmyisland.com/islands/northern-ireland/inch/,301,FALSE,FALSE,FALSE,FALSE
https://www.findmyisland.com/?island=osm-relation-5497270,https://www.findmyisland.com/islands/northern-ireland/inch/,301,FALSE,FALSE,FALSE,FALSE
https://www.findmyisland.com/profiles/osm-way-4009664.html,https://www.findmyisland.com/islands/scotland/inch-kenneth/,301,FALSE,FALSE,FALSE,FALSE
https://www.findmyisland.com/?island=osm-way-4009664,https://www.findmyisland.com/islands/scotland/inch-kenneth/,301,FALSE,FALSE,FALSE,FALSE
https://www.findmyisland.com/profiles/osm-way-8134809.html,https://www.findmyisland.com/islands/scotland/inch-talla/,301,FALSE,FALSE,FALSE,FALSE
https://www.findmyisland.com/?island=osm-way-8134809,https://www.findmyisland.com/islands/scotland/inch-talla/,301,FALSE,FALSE,FALSE,FALSE
https://www.findmyisland.com/profiles/osm-way-4562904.html,https://www.findmyisland.com/islands/ireland/inchaghaun/,301,FALSE,FALSE,FALSE,FALSE
https://www.findmyisland.com/?island=osm-way-4562904,https://www.findmyisland.com/islands/ireland/inchaghaun/,301,FALSE,FALSE,FALSE,FALSE
https://www.findmyisland.com/profiles/osm-way-261128117.html,https://www.findmyisland.com/islands/ireland/inchagoill/,301,FALSE,FALSE,FALSE,FALSE
https://www.findmyisland.com/?island=osm-way-261128117,https://www.findmyisland.com/islands/ireland/inchagoill/,301,FALSE,FALSE,FALSE,FALSE
https://www.findmyisland.com/profiles/osm-relation-15061321.html,https://www.findmyisland.com/islands/ireland/inchbofin/,301,FALSE,FALSE,FALSE,FALSE
https://www.findmyisland.com/?island=osm-relation-15061321,https://www.findmyisland.com/islands/ireland/inchbofin/,301,FALSE,FALSE,FALSE,FALSE
https://www.findmyisland.com/profiles/osm-way-172578596.html,https://www.findmyisland.com/islands/scotland/inchbuie/,301,FALSE,FALSE,FALSE,FALSE
https://www.findmyisland.com/?island=osm-way-172578596,https://www.findmyisland.com/islands/scotland/inchbuie/,301,FALSE,FALSE,FALSE,FALSE
https://www.findmyisland.com/profiles/inchcailloch.html,https://www.findmyisland.com/islands/scotland/inchcailloch/,301,FALSE,FALSE,FALSE,FALSE
https://www.findmyisland.com/?island=inchcailloch,https://www.findmyisland.com/islands/scotland/inchcailloch/,301,FALSE,FALSE,FALSE,FALSE
https://www.findmyisland.com/profiles/wd-Q4116061.html,https://www.findmyisland.com/islands/scotland/inchcape/,301,FALSE,FALSE,FALSE,FALSE
https://www.findmyisland.com/?island=wd-Q4116061,https://www.findmyisland.com/islands/scotland/inchcape/,301,FALSE,FALSE,FALSE,FALSE
https://www.findmyisland.com/profiles/osm-way-66158461.html,https://www.findmyisland.com/islands/ireland/inchcleraun/,301,FALSE,FALSE,FALSE,FALSE
https://www.findmyisland.com/?island=osm-way-66158461,https://www.findmyisland.com/islands/ireland/inchcleraun/,301,FALSE,FALSE,FALSE,FALSE
https://www.findmyisland.com/profiles/osm-way-3467775.html,https://www.findmyisland.com/islands/scotland/inchcolm/,301,FALSE,FALSE,FALSE,FALSE
https://www.findmyisland.com/?island=osm-way-3467775,https://www.findmyisland.com/islands/scotland/inchcolm/,301,FALSE,FALSE,FALSE,FALSE
https://www.findmyisland.com/profiles/osm-way-4821984.html,https://www.findmyisland.com/islands/scotland/inchconnachan/,301,FALSE,FALSE,FALSE,FALSE
https://www.findmyisland.com/?island=osm-way-4821984,https://www.findmyisland.com/islands/scotland/inchconnachan/,301,FALSE,FALSE,FALSE,FALSE
https://www.findmyisland.com/profiles/osm-way-4821990.html,https://www.findmyisland.com/islands/scotland/inchcruin/,301,FALSE,FALSE,FALSE,FALSE
https://www.findmyisland.com/?island=osm-way-4821990,https://www.findmyisland.com/islands/scotland/inchcruin/,301,FALSE,FALSE,FALSE,FALSE
https://www.findmyisland.com/profiles/osm-way-4821991.html,https://www.findmyisland.com/islands/scotland/inchfad/,301,FALSE,FALSE,FALSE,FALSE
https://www.findmyisland.com/?island=osm-way-4821991,https://www.findmyisland.com/islands/scotland/inchfad/,301,FALSE,FALSE,FALSE,FALSE
https://www.findmyisland.com/profiles/osm-way-115414983.html,https://www.findmyisland.com/islands/scotland/inchgalbraith/,301,FALSE,FALSE,FALSE,FALSE
https://www.findmyisland.com/?island=osm-way-115414983,https://www.findmyisland.com/islands/scotland/inchgalbraith/,301,FALSE,FALSE,FALSE,FALSE
https://www.findmyisland.com/profiles/osm-way-319902276.html,https://www.findmyisland.com/islands/scotland/inchgarvie/,301,FALSE,FALSE,FALSE,FALSE
https://www.findmyisland.com/?island=osm-way-319902276,https://www.findmyisland.com/islands/scotland/inchgarvie/,301,FALSE,FALSE,FALSE,FALSE
https://www.findmyisland.com/profiles/osm-way-3467771.html,https://www.findmyisland.com/islands/scotland/inchkeith/,301,FALSE,FALSE,FALSE,FALSE
https://www.findmyisland.com/?island=osm-way-3467771,https://www.findmyisland.com/islands/scotland/inchkeith/,301,FALSE,FALSE,FALSE,FALSE
https://www.findmyisland.com/profiles/osm-way-4821988.html,https://www.findmyisland.com/islands/scotland/inchlonaig/,301,FALSE,FALSE,FALSE,FALSE
https://www.findmyisland.com/?island=osm-way-4821988,https://www.findmyisland.com/islands/scotland/inchlonaig/,301,FALSE,FALSE,FALSE,FALSE
https://www.findmyisland.com/profiles/osm-way-8134808.html,https://www.findmyisland.com/islands/scotland/inchmahome/,301,FALSE,FALSE,FALSE,FALSE
https://www.findmyisland.com/?island=osm-way-8134808,https://www.findmyisland.com/islands/scotland/inchmahome/,301,FALSE,FALSE,FALSE,FALSE
https://www.findmyisland.com/profiles/osm-way-4002996.html,https://www.findmyisland.com/islands/scotland/inchmarnock/,301,FALSE,FALSE,FALSE,FALSE
https://www.findmyisland.com/?island=osm-way-4002996,https://www.findmyisland.com/islands/scotland/inchmarnock/,301,FALSE,FALSE,FALSE,FALSE
https://www.findmyisland.com/profiles/osm-way-3468125.html,https://www.findmyisland.com/islands/scotland/inchmickery/,301,FALSE,FALSE,FALSE,FALSE
https://www.findmyisland.com/?island=osm-way-3468125,https://www.findmyisland.com/islands/scotland/inchmickery/,301,FALSE,FALSE,FALSE,FALSE
https://www.findmyisland.com/profiles/osm-way-4821986.html,https://www.findmyisland.com/islands/scotland/inchmoan/,301,FALSE,FALSE,FALSE,FALSE
https://www.findmyisland.com/?island=osm-way-4821986,https://www.findmyisland.com/islands/scotland/inchmoan/,301,FALSE,FALSE,FALSE,FALSE
https://www.findmyisland.com/profiles/osm-relation-4219937.html,https://www.findmyisland.com/islands/ireland/inchmore/,301,FALSE,FALSE,FALSE,FALSE
https://www.findmyisland.com/?island=osm-relation-4219937,https://www.findmyisland.com/islands/ireland/inchmore/,301,FALSE,FALSE,FALSE,FALSE
https://www.findmyisland.com/profiles/osm-way-4821985.html,https://www.findmyisland.com/islands/scotland/inchmurrin/,301,FALSE,FALSE,FALSE,FALSE
https://www.findmyisland.com/?island=osm-way-4821985,https://www.findmyisland.com/islands/scotland/inchmurrin/,301,FALSE,FALSE,FALSE,FALSE
https://www.findmyisland.com/profiles/osm-way-4821987.html,https://www.findmyisland.com/islands/scotland/inchtavannach/,301,FALSE,FALSE,FALSE,FALSE
https://www.findmyisland.com/?island=osm-way-4821987,https://www.findmyisland.com/islands/scotland/inchtavannach/,301,FALSE,FALSE,FALSE,FALSE
https://www.findmyisland.com/profiles/wd-Q3776775.html,https://www.findmyisland.com/islands/ireland/inchydoney/,301,FALSE,FALSE,FALSE,FALSE
https://www.findmyisland.com/?island=wd-Q3776775,https://www.findmyisland.com/islands/ireland/inchydoney/,301,FALSE,FALSE,FALSE,FALSE
https://www.findmyisland.com/profiles/osm-way-4562744.html,https://www.findmyisland.com/islands/ireland/inis-aillte/,301,FALSE,FALSE,FALSE,FALSE
https://www.findmyisland.com/?island=osm-way-4562744,https://www.findmyisland.com/islands/ireland/inis-aillte/,301,FALSE,FALSE,FALSE,FALSE
https://www.findmyisland.com/profiles/osm-way-252328463.html,https://www.findmyisland.com/islands/ireland/inis-bearachain/,301,FALSE,FALSE,FALSE,FALSE
https://www.findmyisland.com/?island=osm-way-252328463,https://www.findmyisland.com/islands/ireland/inis-bearachain/,301,FALSE,FALSE,FALSE,FALSE
https://www.findmyisland.com/profiles/osm-relation-9117800.html,https://www.findmyisland.com/islands/ireland/inis-gluaire/,301,FALSE,FALSE,FALSE,FALSE
https://www.findmyisland.com/?island=osm-relation-9117800,https://www.findmyisland.com/islands/ireland/inis-gluaire/,301,FALSE,FALSE,FALSE,FALSE
https://www.findmyisland.com/profiles/osm-way-4559234.html,https://www.findmyisland.com/islands/ireland/inis-meain/,301,FALSE,FALSE,FALSE,FALSE
https://www.findmyisland.com/?island=osm-way-4559234,https://www.findmyisland.com/islands/ireland/inis-meain/,301,FALSE,FALSE,FALSE,FALSE
https://www.findmyisland.com/profiles/osm-way-247487489.html,https://www.findmyisland.com/islands/ireland/inis-mhic-cionaithe/,301,FALSE,FALSE,FALSE,FALSE
https://www.findmyisland.com/?island=osm-way-247487489,https://www.findmyisland.com/islands/ireland/inis-mhic-cionaithe/,301,FALSE,FALSE,FALSE,FALSE
https://www.findmyisland.com/profiles/osm-relation-2580366.html,https://www.findmyisland.com/islands/ireland/inis-treabhair/,301,FALSE,FALSE,FALSE,FALSE
https://www.findmyisland.com/?island=osm-relation-2580366,https://www.findmyisland.com/islands/ireland/inis-treabhair/,301,FALSE,FALSE,FALSE,FALSE
https://www.findmyisland.com/profiles/osm-relation-3516651.html,https://www.findmyisland.com/islands/northern-ireland/inish-rath/,301,FALSE,FALSE,FALSE,FALSE
https://www.findmyisland.com/?island=osm-relation-3516651,https://www.findmyisland.com/islands/northern-ireland/inish-rath/,301,FALSE,FALSE,FALSE,FALSE
https://www.findmyisland.com/profiles/wd-Q6034042.html,https://www.findmyisland.com/islands/ireland/inish-turk-beg/,301,FALSE,FALSE,FALSE,FALSE
https://www.findmyisland.com/?island=wd-Q6034042,https://www.findmyisland.com/islands/ireland/inish-turk-beg/,301,FALSE,FALSE,FALSE,FALSE
https://www.findmyisland.com/profiles/osm-way-202179152.html,https://www.findmyisland.com/islands/scotland/inishail/,301,FALSE,FALSE,FALSE,FALSE
https://www.findmyisland.com/?island=osm-way-202179152,https://www.findmyisland.com/islands/scotland/inishail/,301,FALSE,FALSE,FALSE,FALSE
https://www.findmyisland.com/profiles/osm-way-4559561.html,https://www.findmyisland.com/islands/ireland/inishal/,301,FALSE,FALSE,FALSE,FALSE
https://www.findmyisland.com/?island=osm-way-4559561,https://www.findmyisland.com/islands/ireland/inishal/,301,FALSE,FALSE,FALSE,FALSE
https://www.findmyisland.com/profiles/osm-way-93203509.html,https://www.findmyisland.com/islands/ireland/inishbiggle/,301,FALSE,FALSE,FALSE,FALSE
https://www.findmyisland.com/?island=osm-way-93203509,https://www.findmyisland.com/islands/ireland/inishbiggle/,301,FALSE,FALSE,FALSE,FALSE
https://www.findmyisland.com/profiles/osm-relation-8158207.html,https://www.findmyisland.com/islands/ireland/inishbofin/,301,FALSE,FALSE,FALSE,FALSE
https://www.findmyisland.com/?island=osm-relation-8158207,https://www.findmyisland.com/islands/ireland/inishbofin/,301,FALSE,FALSE,FALSE,FALSE
https://www.findmyisland.com/profiles/osm-way-4558430.html,https://www.findmyisland.com/islands/northern-ireland/inishbofin/,301,FALSE,FALSE,FALSE,FALSE
https://www.findmyisland.com/?island=osm-way-4558430,https://www.findmyisland.com/islands/northern-ireland/inishbofin/,301,FALSE,FALSE,FALSE,FALSE
https://www.findmyisland.com/profiles/osm-way-34752926.html,https://www.findmyisland.com/islands/ireland/inishcaltra-or-holy-island/,301,FALSE,FALSE,FALSE,FALSE
https://www.findmyisland.com/?island=osm-way-34752926,https://www.findmyisland.com/islands/ireland/inishcaltra-or-holy-island/,301,FALSE,FALSE,FALSE,FALSE
https://www.findmyisland.com/profiles/osm-relation-17643821.html,https://www.findmyisland.com/islands/ireland/inishcoo/,301,FALSE,FALSE,FALSE,FALSE
https://www.findmyisland.com/?island=osm-relation-17643821,https://www.findmyisland.com/islands/ireland/inishcoo/,301,FALSE,FALSE,FALSE,FALSE
https://www.findmyisland.com/profiles/osm-node-2325705744.html,https://www.findmyisland.com/islands/ireland/inishcorker/,301,FALSE,FALSE,FALSE,FALSE
https://www.findmyisland.com/?island=osm-node-2325705744,https://www.findmyisland.com/islands/ireland/inishcorker/,301,FALSE,FALSE,FALSE,FALSE
https://www.findmyisland.com/profiles/osm-way-4561903.html,https://www.findmyisland.com/islands/ireland/inishcottle/,301,FALSE,FALSE,FALSE,FALSE
https://www.findmyisland.com/?island=osm-way-4561903,https://www.findmyisland.com/islands/ireland/inishcottle/,301,FALSE,FALSE,FALSE,FALSE
https://www.findmyisland.com/profiles/osm-way-4562075.html,https://www.findmyisland.com/islands/ireland/inishdalla/,301,FALSE,FALSE,FALSE,FALSE
https://www.findmyisland.com/?island=osm-way-4562075,https://www.findmyisland.com/islands/ireland/inishdalla/,301,FALSE,FALSE,FALSE,FALSE
https://www.findmyisland.com/profiles/osm-relation-11619444.html,https://www.findmyisland.com/islands/northern-ireland/inishdooey/,301,FALSE,FALSE,FALSE,FALSE
https://www.findmyisland.com/?island=osm-relation-11619444,https://www.findmyisland.com/islands/northern-ireland/inishdooey/,301,FALSE,FALSE,FALSE,FALSE
https://www.findmyisland.com/profiles/osm-relation-3235264.html,https://www.findmyisland.com/islands/ireland/inisheer/,301,FALSE,FALSE,FALSE,FALSE
https://www.findmyisland.com/?island=osm-relation-3235264,https://www.findmyisland.com/islands/ireland/inisheer/,301,FALSE,FALSE,FALSE,FALSE
https://www.findmyisland.com/profiles/osm-way-219570979.html,https://www.findmyisland.com/islands/ireland/inishfarnard/,301,FALSE,FALSE,FALSE,FALSE
https://www.findmyisland.com/?island=osm-way-219570979,https://www.findmyisland.com/islands/ireland/inishfarnard/,301,FALSE,FALSE,FALSE,FALSE
https://www.findmyisland.com/profiles/osm-way-4562226.html,https://www.findmyisland.com/islands/ireland/inishgort-osm-way-4562226/,301,FALSE,FALSE,FALSE,FALSE
https://www.findmyisland.com/?island=osm-way-4562226,https://www.findmyisland.com/islands/ireland/inishgort-osm-way-4562226/,301,FALSE,FALSE,FALSE,FALSE
https://www.findmyisland.com/profiles/osm-way-4561126.html,https://www.findmyisland.com/islands/ireland/inishkea-north/,301,FALSE,FALSE,FALSE,FALSE
https://www.findmyisland.com/?island=osm-way-4561126,https://www.findmyisland.com/islands/ireland/inishkea-north/,301,FALSE,FALSE,FALSE,FALSE
https://www.findmyisland.com/profiles/osm-relation-10104183.html,https://www.findmyisland.com/islands/ireland/inishkea-south/,301,FALSE,FALSE,FALSE,FALSE
https://www.findmyisland.com/?island=osm-relation-10104183,https://www.findmyisland.com/islands/ireland/inishkea-south/,301,FALSE,FALSE,FALSE,FALSE
https://www.findmyisland.com/profiles/osm-way-4559719.html,https://www.findmyisland.com/islands/ireland/inishkeel/,301,FALSE,FALSE,FALSE,FALSE
https://www.findmyisland.com/?island=osm-way-4559719,https://www.findmyisland.com/islands/ireland/inishkeel/,301,FALSE,FALSE,FALSE,FALSE
https://www.findmyisland.com/profiles/osm-way-4561715.html,https://www.findmyisland.com/islands/ireland/inishkeel-osm-way-4561715/,301,FALSE,FALSE,FALSE,FALSE
https://www.findmyisland.com/?island=osm-way-4561715,https://www.findmyisland.com/islands/ireland/inishkeel-osm-way-4561715/,301,FALSE,FALSE,FALSE,FALSE
https://www.findmyisland.com/profiles/osm-relation-17135722.html,https://www.findmyisland.com/islands/ireland/inishloe/,301,FALSE,FALSE,FALSE,FALSE
https://www.findmyisland.com/?island=osm-relation-17135722,https://www.findmyisland.com/islands/ireland/inishloe/,301,FALSE,FALSE,FALSE,FALSE
https://www.findmyisland.com/profiles/osm-relation-3335585.html,https://www.findmyisland.com/islands/ireland/inishlyon/,301,FALSE,FALSE,FALSE,FALSE
https://www.findmyisland.com/?island=osm-relation-3335585,https://www.findmyisland.com/islands/ireland/inishlyon/,301,FALSE,FALSE,FALSE,FALSE
https://www.findmyisland.com/profiles/osm-way-4561954.html,https://www.findmyisland.com/islands/ireland/inishlyre/,301,FALSE,FALSE,FALSE,FALSE
https://www.findmyisland.com/?island=osm-way-4561954,https://www.findmyisland.com/islands/ireland/inishlyre/,301,FALSE,FALSE,FALSE,FALSE
https://www.findmyisland.com/profiles/osm-relation-8158177.html,https://www.findmyisland.com/islands/ireland/inishmaan/,301,FALSE,FALSE,FALSE,FALSE
https://www.findmyisland.com/?island=osm-relation-8158177,https://www.findmyisland.com/islands/ireland/inishmaan/,301,FALSE,FALSE,FALSE,FALSE
https://www.findmyisland.com/profiles/wd-Q22084019.html,https://www.findmyisland.com/islands/ireland/inishmacowney/,301,FALSE,FALSE,FALSE,FALSE
https://www.findmyisland.com/?island=wd-Q22084019,https://www.findmyisland.com/islands/ireland/inishmacowney/,301,FALSE,FALSE,FALSE,FALSE
https://www.findmyisland.com/profiles/osm-relation-6045552.html,https://www.findmyisland.com/islands/ireland/inishmore/,301,FALSE,FALSE,FALSE,FALSE
https://www.findmyisland.com/?island=osm-relation-6045552,https://www.findmyisland.com/islands/ireland/inishmore/,301,FALSE,FALSE,FALSE,FALSE
https://www.findmyisland.com/profiles/osm-relation-3012429.html,https://www.findmyisland.com/islands/ireland/inishmurray/,301,FALSE,FALSE,FALSE,FALSE
https://www.findmyisland.com/?island=osm-relation-3012429,https://www.findmyisland.com/islands/ireland/inishmurray/,301,FALSE,FALSE,FALSE,FALSE
https://www.findmyisland.com/profiles/osm-way-4562675.html,https://www.findmyisland.com/islands/ireland/inishnee/,301,FALSE,FALSE,FALSE,FALSE
https://www.findmyisland.com/?island=osm-way-4562675,https://www.findmyisland.com/islands/ireland/inishnee/,301,FALSE,FALSE,FALSE,FALSE
https://www.findmyisland.com/profiles/osm-way-4562196.html,https://www.findmyisland.com/islands/ireland/inishshark/,301,FALSE,FALSE,FALSE,FALSE
https://www.findmyisland.com/?island=osm-way-4562196,https://www.findmyisland.com/islands/ireland/inishshark/,301,FALSE,FALSE,FALSE,FALSE
https://www.findmyisland.com/profiles/osm-relation-9126996.html,https://www.findmyisland.com/islands/ireland/inishsirrer/,301,FALSE,FALSE,FALSE,FALSE
https://www.findmyisland.com/?island=osm-relation-9126996,https://www.findmyisland.com/islands/ireland/inishsirrer/,301,FALSE,FALSE,FALSE,FALSE
https://www.findmyisland.com/profiles/osm-relation-19666366.html,https://www.findmyisland.com/islands/ireland/inishtooskert/,301,FALSE,FALSE,FALSE,FALSE
https://www.findmyisland.com/?island=osm-relation-19666366,https://www.findmyisland.com/islands/ireland/inishtooskert/,301,FALSE,FALSE,FALSE,FALSE
https://www.findmyisland.com/profiles/osm-way-4558676.html,https://www.findmyisland.com/islands/ireland/inishtrahull/,301,FALSE,FALSE,FALSE,FALSE
https://www.findmyisland.com/?island=osm-way-4558676,https://www.findmyisland.com/islands/ireland/inishtrahull/,301,FALSE,FALSE,FALSE,FALSE
https://www.findmyisland.com/profiles/osm-relation-5763894.html,https://www.findmyisland.com/islands/ireland/inishturk/,301,FALSE,FALSE,FALSE,FALSE
https://www.findmyisland.com/?island=osm-relation-5763894,https://www.findmyisland.com/islands/ireland/inishturk/,301,FALSE,FALSE,FALSE,FALSE
https://www.findmyisland.com/profiles/osm-way-4561049.html,https://www.findmyisland.com/islands/ireland/iniskeeragh/,301,FALSE,FALSE,FALSE,FALSE
https://www.findmyisland.com/?island=osm-way-4561049,https://www.findmyisland.com/islands/ireland/iniskeeragh/,301,FALSE,FALSE,FALSE,FALSE
https://www.findmyisland.com/profiles/osm-way-1150257129.html,https://www.findmyisland.com/islands/scotland/inner-holm/,301,FALSE,FALSE,FALSE,FALSE
https://www.findmyisland.com/?island=osm-way-1150257129,https://www.findmyisland.com/islands/scotland/inner-holm/,301,FALSE,FALSE,FALSE,FALSE
https://www.findmyisland.com/profiles/osm-way-381672747.html,https://www.findmyisland.com/islands/scotland/inner-holm-of-skaw/,301,FALSE,FALSE,FALSE,FALSE
https://www.findmyisland.com/?island=osm-way-381672747,https://www.findmyisland.com/islands/scotland/inner-holm-of-skaw/,301,FALSE,FALSE,FALSE,FALSE
https://www.findmyisland.com/profiles/osm-way-202175057.html,https://www.findmyisland.com/islands/scotland/innis-chonain/,301,FALSE,FALSE,FALSE,FALSE
https://www.findmyisland.com/?island=osm-way-202175057,https://www.findmyisland.com/islands/scotland/innis-chonain/,301,FALSE,FALSE,FALSE,FALSE
https://www.findmyisland.com/profiles/osm-way-897672463.html,https://www.findmyisland.com/islands/scotland/innis-mhor/,301,FALSE,FALSE,FALSE,FALSE
https://www.findmyisland.com/?island=osm-way-897672463,https://www.findmyisland.com/islands/scotland/innis-mhor/,301,FALSE,FALSE,FALSE,FALSE
https://www.findmyisland.com/profiles/osm-way-205258734.html,https://www.findmyisland.com/islands/scotland/innischonnell/,301,FALSE,FALSE,FALSE,FALSE
https://www.findmyisland.com/?island=osm-way-205258734,https://www.findmyisland.com/islands/scotland/innischonnell/,301,FALSE,FALSE,FALSE,FALSE
https://www.findmyisland.com/profiles/osm-way-26526918.html,https://www.findmyisland.com/islands/ireland/innisfallen/,301,FALSE,FALSE,FALSE,FALSE
https://www.findmyisland.com/?island=osm-way-26526918,https://www.findmyisland.com/islands/ireland/innisfallen/,301,FALSE,FALSE,FALSE,FALSE
https://www.findmyisland.com/profiles/osm-relation-9126995.html,https://www.findmyisland.com/islands/ireland/innisfree-upper/,301,FALSE,FALSE,FALSE,FALSE
https://www.findmyisland.com/?island=osm-relation-9126995,https://www.findmyisland.com/islands/ireland/innisfree-upper/,301,FALSE,FALSE,FALSE,FALSE
https://www.findmyisland.com/profiles/osm-way-200912404.html,https://www.findmyisland.com/islands/scotland/insh-island/,301,FALSE,FALSE,FALSE,FALSE
https://www.findmyisland.com/?island=osm-way-200912404,https://www.findmyisland.com/islands/scotland/insh-island/,301,FALSE,FALSE,FALSE,FALSE
https://www.findmyisland.com/profiles/osm-way-56755215.html,https://www.findmyisland.com/islands/scotland/inveruglas-ise/,301,FALSE,FALSE,FALSE,FALSE
https://www.findmyisland.com/?island=osm-way-56755215,https://www.findmyisland.com/islands/scotland/inveruglas-ise/,301,FALSE,FALSE,FALSE,FALSE
https://www.findmyisland.com/profiles/iona.html,https://www.findmyisland.com/islands/scotland/iona/,301,FALSE,FALSE,FALSE,FALSE
https://www.findmyisland.com/?island=iona,https://www.findmyisland.com/islands/scotland/iona/,301,FALSE,FALSE,FALSE,FALSE
https://www.findmyisland.com/profiles/osm-relation-7681896.html,https://www.findmyisland.com/islands/ireland/ireland/,301,FALSE,FALSE,FALSE,FALSE
https://www.findmyisland.com/?island=osm-relation-7681896,https://www.findmyisland.com/islands/ireland/ireland/,301,FALSE,FALSE,FALSE,FALSE
https://www.findmyisland.com/profiles/osm-relation-4710770.html,https://www.findmyisland.com/islands/ireland/irelands-eye/,301,FALSE,FALSE,FALSE,FALSE
https://www.findmyisland.com/?island=osm-relation-4710770,https://www.findmyisland.com/islands/ireland/irelands-eye/,301,FALSE,FALSE,FALSE,FALSE
https://www.findmyisland.com/profiles/osm-way-4012238.html,https://www.findmyisland.com/islands/scotland/isay/,301,FALSE,FALSE,FALSE,FALSE
https://www.findmyisland.com/?island=osm-way-4012238,https://www.findmyisland.com/islands/scotland/isay/,301,FALSE,FALSE,FALSE,FALSE
https://www.findmyisland.com/profiles/osm-way-4005011.html,https://www.findmyisland.com/islands/scotland/isay-island/,301,FALSE,FALSE,FALSE,FALSE
https://www.findmyisland.com/?island=osm-way-4005011,https://www.findmyisland.com/islands/scotland/isay-island/,301,FALSE,FALSE,FALSE,FALSE
https://www.findmyisland.com/profiles/osm-way-4563292.html,https://www.findmyisland.com/islands/ireland/island-eddy/,301,FALSE,FALSE,FALSE,FALSE
https://www.findmyisland.com/?island=osm-way-4563292,https://www.findmyisland.com/islands/ireland/island-eddy/,301,FALSE,FALSE,FALSE,FALSE
https://www.findmyisland.com/profiles/osm-way-56755400.html,https://www.findmyisland.com/islands/scotland/island-i-vow/,301,FALSE,FALSE,FALSE,FALSE
https://www.findmyisland.com/?island=osm-way-56755400,https://www.findmyisland.com/islands/scotland/island-i-vow/,301,FALSE,FALSE,FALSE,FALSE
https://www.findmyisland.com/profiles/osm-way-200743040.html,https://www.findmyisland.com/islands/scotland/island-macaskin/,301,FALSE,FALSE,FALSE,FALSE
https://www.findmyisland.com/?island=osm-way-200743040,https://www.findmyisland.com/islands/scotland/island-macaskin/,301,FALSE,FALSE,FALSE,FALSE
https://www.findmyisland.com/profiles/osm-way-401548287.html,https://www.findmyisland.com/islands/scotland/island-of-danna/,301,FALSE,FALSE,FALSE,FALSE
https://www.findmyisland.com/?island=osm-way-401548287,https://www.findmyisland.com/islands/scotland/island-of-danna/,301,FALSE,FALSE,FALSE,FALSE
https://www.findmyisland.com/profiles/osm-way-4559046.html,https://www.findmyisland.com/islands/northern-ireland/island-roy/,301,FALSE,FALSE,FALSE,FALSE
https://www.findmyisland.com/?island=osm-way-4559046,https://www.findmyisland.com/islands/northern-ireland/island-roy/,301,FALSE,FALSE,FALSE,FALSE
https://www.findmyisland.com/profiles/islands-of-furness.html,https://www.findmyisland.com/islands/england/islands-of-furness/,301,FALSE,FALSE,FALSE,FALSE
https://www.findmyisland.com/?island=islands-of-furness,https://www.findmyisland.com/islands/england/islands-of-furness/,301,FALSE,FALSE,FALSE,FALSE
https://www.findmyisland.com/profiles/islay.html,https://www.findmyisland.com/islands/scotland/islay/,301,FALSE,FALSE,FALSE,FALSE
https://www.findmyisland.com/?island=islay,https://www.findmyisland.com/islands/scotland/islay/,301,FALSE,FALSE,FALSE,FALSE
https://www.findmyisland.com/profiles/osm-way-73073800.html,https://www.findmyisland.com/islands/scotland/isle-maree/,301,FALSE,FALSE,FALSE,FALSE
https://www.findmyisland.com/?island=osm-way-73073800,https://www.findmyisland.com/islands/scotland/isle-maree/,301,FALSE,FALSE,FALSE,FALSE
https://www.findmyisland.com/profiles/osm-relation-12304449.html,https://www.findmyisland.com/islands/scotland/isle-martin/,301,FALSE,FALSE,FALSE,FALSE
https://www.findmyisland.com/?island=osm-relation-12304449,https://www.findmyisland.com/islands/scotland/isle-martin/,301,FALSE,FALSE,FALSE,FALSE
https://www.findmyisland.com/profiles/arran.html,https://www.findmyisland.com/islands/scotland/arran/,301,FALSE,FALSE,FALSE,FALSE
https://www.findmyisland.com/?island=arran,https://www.findmyisland.com/islands/scotland/arran/,301,FALSE,FALSE,FALSE,FALSE
https://www.findmyisland.com/profiles/bute.html,https://www.findmyisland.com/islands/scotland/bute/,301,FALSE,FALSE,FALSE,FALSE
https://www.findmyisland.com/?island=bute,https://www.findmyisland.com/islands/scotland/bute/,301,FALSE,FALSE,FALSE,FALSE
https://www.findmyisland.com/profiles/isle-of-dogs.html,https://www.findmyisland.com/islands/england/isle-of-dogs/,301,FALSE,FALSE,FALSE,FALSE
https://www.findmyisland.com/?island=isle-of-dogs,https://www.findmyisland.com/islands/england/isle-of-dogs/,301,FALSE,FALSE,FALSE,FALSE
https://www.findmyisland.com/profiles/osm-way-3494385.html,https://www.findmyisland.com/islands/scotland/isle-of-ewe/,301,FALSE,FALSE,FALSE,FALSE
https://www.findmyisland.com/?island=osm-way-3494385,https://www.findmyisland.com/islands/scotland/isle-of-ewe/,301,FALSE,FALSE,FALSE,FALSE
https://www.findmyisland.com/profiles/isle-of-man.html,https://www.findmyisland.com/islands/crown-dependencies/isle-of-man/,301,FALSE,FALSE,FALSE,FALSE
https://www.findmyisland.com/?island=isle-of-man,https://www.findmyisland.com/islands/crown-dependencies/isle-of-man/,301,FALSE,FALSE,FALSE,FALSE
https://www.findmyisland.com/profiles/wd-Q27508141.html,https://www.findmyisland.com/islands/crown-dependencies/isle-of-man-isle-of-man/,301,FALSE,FALSE,FALSE,FALSE
https://www.findmyisland.com/?island=wd-Q27508141,https://www.findmyisland.com/islands/crown-dependencies/isle-of-man-isle-of-man/,301,FALSE,FALSE,FALSE,FALSE
https://www.findmyisland.com/profiles/osm-way-3469279.html,https://www.findmyisland.com/islands/scotland/isle-of-may/,301,FALSE,FALSE,FALSE,FALSE
https://www.findmyisland.com/?island=osm-way-3469279,https://www.findmyisland.com/islands/scotland/isle-of-may/,301,FALSE,FALSE,FALSE,FALSE
https://www.findmyisland.com/profiles/osm-relation-18138346.html,https://www.findmyisland.com/islands/northern-ireland/isle-of-muck/,301,FALSE,FALSE,FALSE,FALSE
https://www.findmyisland.com/?island=osm-relation-18138346,https://www.findmyisland.com/islands/northern-ireland/isle-of-muck/,301,FALSE,FALSE,FALSE,FALSE
https://www.findmyisland.com/profiles/mull.html,https://www.findmyisland.com/islands/scotland/mull/,301,FALSE,FALSE,FALSE,FALSE
https://www.findmyisland.com/?island=mull,https://www.findmyisland.com/islands/scotland/mull/,301,FALSE,FALSE,FALSE,FALSE
https://www.findmyisland.com/profiles/wd-Q265523.html,https://www.findmyisland.com/islands/england/isle-of-oxney/,301,FALSE,FALSE,FALSE,FALSE
https://www.findmyisland.com/?island=wd-Q265523,https://www.findmyisland.com/islands/england/isle-of-oxney/,301,FALSE,FALSE,FALSE,FALSE
https://www.findmyisland.com/profiles/osm-relation-3834460.html,https://www.findmyisland.com/islands/england/isle-of-portland/,301,FALSE,FALSE,FALSE,FALSE
https://www.findmyisland.com/?island=osm-relation-3834460,https://www.findmyisland.com/islands/england/isle-of-portland/,301,FALSE,FALSE,FALSE,FALSE
https://www.findmyisland.com/profiles/osm-relation-929839.html,https://www.findmyisland.com/islands/scotland/isle-of-rum/,301,FALSE,FALSE,FALSE,FALSE
https://www.findmyisland.com/?island=osm-relation-929839,https://www.findmyisland.com/islands/scotland/isle-of-rum/,301,FALSE,FALSE,FALSE,FALSE
https://www.findmyisland.com/profiles/osm-relation-2273838.html,https://www.findmyisland.com/islands/england/isle-of-sheppey/,301,FALSE,FALSE,FALSE,FALSE
https://www.findmyisland.com/?island=osm-relation-2273838,https://www.findmyisland.com/islands/england/isle-of-sheppey/,301,FALSE,FALSE,FALSE,FALSE
https://www.findmyisland.com/profiles/isle-of-skye.html,https://www.findmyisland.com/islands/scotland/isle-of-skye/,301,FALSE,FALSE,FALSE,FALSE
https://www.findmyisland.com/?island=isle-of-skye,https://www.findmyisland.com/islands/scotland/isle-of-skye/,301,FALSE,FALSE,FALSE,FALSE
https://www.findmyisland.com/profiles/wd-Q590422.html,https://www.findmyisland.com/islands/england/isle-of-thanet/,301,FALSE,FALSE,FALSE,FALSE
https://www.findmyisland.com/?island=wd-Q590422,https://www.findmyisland.com/islands/england/isle-of-thanet/,301,FALSE,FALSE,FALSE,FALSE
https://www.findmyisland.com/profiles/osm-relation-6046609.html,https://www.findmyisland.com/islands/england/isle-of-walney/,301,FALSE,FALSE,FALSE,FALSE
https://www.findmyisland.com/?island=osm-relation-6046609,https://www.findmyisland.com/islands/england/isle-of-walney/,301,FALSE,FALSE,FALSE,FALSE
https://www.findmyisland.com/profiles/wd-Q6084068.html,https://www.findmyisland.com/islands/scotland/isle-of-whithorn/,301,FALSE,FALSE,FALSE,FALSE
https://www.findmyisland.com/?island=wd-Q6084068,https://www.findmyisland.com/islands/scotland/isle-of-whithorn/,301,FALSE,FALSE,FALSE,FALSE
https://www.findmyisland.com/profiles/isle-of-wight.html,https://www.findmyisland.com/islands/england/isle-of-wight/,301,FALSE,FALSE,FALSE,FALSE
https://www.findmyisland.com/?island=isle-of-wight,https://www.findmyisland.com/islands/england/isle-of-wight/,301,FALSE,FALSE,FALSE,FALSE
https://www.findmyisland.com/profiles/osm-way-3619210.html,https://www.findmyisland.com/islands/scotland/isle-ristol/,301,FALSE,FALSE,FALSE,FALSE
https://www.findmyisland.com/?island=osm-way-3619210,https://www.findmyisland.com/islands/scotland/isle-ristol/,301,FALSE,FALSE,FALSE,FALSE
https://www.findmyisland.com/profiles/thames-isleworth.html,https://www.findmyisland.com/islands/england/thames-isleworth/,301,FALSE,FALSE,FALSE,FALSE
https://www.findmyisland.com/?island=thames-isleworth,https://www.findmyisland.com/islands/england/thames-isleworth/,301,FALSE,FALSE,FALSE,FALSE
https://www.findmyisland.com/profiles/osm-way-3322449.html,https://www.findmyisland.com/islands/england/isleworth-ait/,301,FALSE,FALSE,FALSE,FALSE
https://www.findmyisland.com/?island=osm-way-3322449,https://www.findmyisland.com/islands/england/isleworth-ait/,301,FALSE,FALSE,FALSE,FALSE
https://www.findmyisland.com/profiles/jersey.html,https://www.findmyisland.com/islands/crown-dependencies/jersey/,301,FALSE,FALSE,FALSE,FALSE
https://www.findmyisland.com/?island=jersey,https://www.findmyisland.com/islands/crown-dependencies/jersey/,301,FALSE,FALSE,FALSE,FALSE
https://www.findmyisland.com/profiles/osm-way-2956901.html,https://www.findmyisland.com/islands/crown-dependencies/jethou/,301,FALSE,FALSE,FALSE,FALSE
https://www.findmyisland.com/?island=osm-way-2956901,https://www.findmyisland.com/islands/crown-dependencies/jethou/,301,FALSE,FALSE,FALSE,FALSE
https://www.findmyisland.com/profiles/osm-relation-4619204.html,https://www.findmyisland.com/islands/scotland/jura/,301,FALSE,FALSE,FALSE,FALSE
https://www.findmyisland.com/?island=osm-relation-4619204,https://www.findmyisland.com/islands/scotland/jura/,301,FALSE,FALSE,FALSE,FALSE
https://www.findmyisland.com/profiles/osm-way-1021762703.html,https://www.findmyisland.com/islands/scotland/kealasay/,301,FALSE,FALSE,FALSE,FALSE
https://www.findmyisland.com/?island=osm-way-1021762703,https://www.findmyisland.com/islands/scotland/kealasay/,301,FALSE,FALSE,FALSE,FALSE
https://www.findmyisland.com/profiles/osm-way-1245056282.html,https://www.findmyisland.com/islands/scotland/keallasay-beg/,301,FALSE,FALSE,FALSE,FALSE
https://www.findmyisland.com/?island=osm-way-1245056282,https://www.findmyisland.com/islands/scotland/keallasay-beg/,301,FALSE,FALSE,FALSE,FALSE
https://www.findmyisland.com/profiles/osm-way-361694772.html,https://www.findmyisland.com/islands/scotland/keallasay-more/,301,FALSE,FALSE,FALSE,FALSE
https://www.findmyisland.com/?island=osm-way-361694772,https://www.findmyisland.com/islands/scotland/keallasay-more/,301,FALSE,FALSE,FALSE,FALSE
https://www.findmyisland.com/profiles/osm-way-49047144.html,https://www.findmyisland.com/islands/scotland/kearstay/,301,FALSE,FALSE,FALSE,FALSE
https://www.findmyisland.com/?island=osm-way-49047144,https://www.findmyisland.com/islands/scotland/kearstay/,301,FALSE,FALSE,FALSE,FALSE
https://www.findmyisland.com/profiles/osm-way-4012842.html,https://www.findmyisland.com/islands/scotland/keava/,301,FALSE,FALSE,FALSE,FALSE
https://www.findmyisland.com/?island=osm-way-4012842,https://www.findmyisland.com/islands/scotland/keava/,301,FALSE,FALSE,FALSE,FALSE
https://www.findmyisland.com/profiles/osm-way-4554688.html,https://www.findmyisland.com/islands/ireland/kedge-island/,301,FALSE,FALSE,FALSE,FALSE
https://www.findmyisland.com/?island=osm-way-4554688,https://www.findmyisland.com/islands/ireland/kedge-island/,301,FALSE,FALSE,FALSE,FALSE
https://www.findmyisland.com/profiles/wd-Q6384529.html,https://www.findmyisland.com/islands/scotland/keith-inch/,301,FALSE,FALSE,FALSE,FALSE
https://www.findmyisland.com/?island=wd-Q6384529,https://www.findmyisland.com/islands/scotland/keith-inch/,301,FALSE,FALSE,FALSE,FALSE
https://www.findmyisland.com/profiles/thames-kemble-gloucestershire.html,https://www.findmyisland.com/islands/england/thames-kemble-gloucestershire/,301,FALSE,FALSE,FALSE,FALSE
https://www.findmyisland.com/?island=thames-kemble-gloucestershire,https://www.findmyisland.com/islands/england/thames-kemble-gloucestershire/,301,FALSE,FALSE,FALSE,FALSE
https://www.findmyisland.com/profiles/wd-Q17103086.html,https://www.findmyisland.com/islands/england/kentish-knock/,301,FALSE,FALSE,FALSE,FALSE
https://www.findmyisland.com/?island=wd-Q17103086,https://www.findmyisland.com/islands/england/kentish-knock/,301,FALSE,FALSE,FALSE,FALSE
https://www.findmyisland.com/profiles/osm-relation-4092586.html,https://www.findmyisland.com/islands/scotland/kerrera/,301,FALSE,FALSE,FALSE,FALSE
https://www.findmyisland.com/?island=osm-relation-4092586,https://www.findmyisland.com/islands/scotland/kerrera/,301,FALSE,FALSE,FALSE,FALSE
https://www.findmyisland.com/profiles/osm-way-4560604.html,https://www.findmyisland.com/islands/ireland/kid-island/,301,FALSE,FALSE,FALSE,FALSE
https://www.findmyisland.com/?island=osm-way-4560604,https://www.findmyisland.com/islands/ireland/kid-island/,301,FALSE,FALSE,FALSE,FALSE
https://www.findmyisland.com/profiles/osm-way-4569230.html,https://www.findmyisland.com/islands/scotland/kili-holm/,301,FALSE,FALSE,FALSE,FALSE
https://www.findmyisland.com/?island=osm-way-4569230,https://www.findmyisland.com/islands/scotland/kili-holm/,301,FALSE,FALSE,FALSE,FALSE
https://www.findmyisland.com/profiles/osm-relation-17639258.html,https://www.findmyisland.com/islands/scotland/killegray/,301,FALSE,FALSE,FALSE,FALSE
https://www.findmyisland.com/?island=osm-relation-17639258,https://www.findmyisland.com/islands/scotland/killegray/,301,FALSE,FALSE,FALSE,FALSE
https://www.findmyisland.com/profiles/wd-Q87457169.html,https://www.findmyisland.com/islands/scotland/kings-inch/,301,FALSE,FALSE,FALSE,FALSE
https://www.findmyisland.com/?island=wd-Q87457169,https://www.findmyisland.com/islands/scotland/kings-inch/,301,FALSE,FALSE,FALSE,FALSE
https://www.findmyisland.com/profiles/osm-relation-9499902.html,https://www.findmyisland.com/islands/ireland/kings-island/,301,FALSE,FALSE,FALSE,FALSE
https://www.findmyisland.com/?island=osm-relation-9499902,https://www.findmyisland.com/islands/ireland/kings-island/,301,FALSE,FALSE,FALSE,FALSE
https://www.findmyisland.com/profiles/thames-kingston-upon-thames.html,https://www.findmyisland.com/islands/england/thames-kingston-upon-thames/,301,FALSE,FALSE,FALSE,FALSE
https://www.findmyisland.com/?island=thames-kingston-upon-thames,https://www.findmyisland.com/islands/england/thames-kingston-upon-thames/,301,FALSE,FALSE,FALSE,FALSE
https://www.findmyisland.com/profiles/osm-way-4010960.html,https://www.findmyisland.com/islands/scotland/kirkibost/,301,FALSE,FALSE,FALSE,FALSE
https://www.findmyisland.com/?island=osm-way-4010960,https://www.findmyisland.com/islands/scotland/kirkibost/,301,FALSE,FALSE,FALSE,FALSE
https://www.findmyisland.com/profiles/wd-Q52556663.html,https://www.findmyisland.com/islands/ireland/kish-bank/,301,FALSE,FALSE,FALSE,FALSE
https://www.findmyisland.com/?island=wd-Q52556663,https://www.findmyisland.com/islands/ireland/kish-bank/,301,FALSE,FALSE,FALSE,FALSE
https://www.findmyisland.com/profiles/osm-way-37691394.html,https://www.findmyisland.com/islands/crown-dependencies/kitterland/,301,FALSE,FALSE,FALSE,FALSE
https://www.findmyisland.com/?island=osm-way-37691394,https://www.findmyisland.com/islands/crown-dependencies/kitterland/,301,FALSE,FALSE,FALSE,FALSE
https://www.findmyisland.com/profiles/wd-Q4121975.html,https://www.findmyisland.com/islands/northern-ireland/knockmore/,301,FALSE,FALSE,FALSE,FALSE
https://www.findmyisland.com/?island=wd-Q4121975,https://www.findmyisland.com/islands/northern-ireland/knockmore/,301,FALSE,FALSE,FALSE,FALSE
https://www.findmyisland.com/profiles/osm-way-147327733.html,https://www.findmyisland.com/islands/england/laiguille/,301,FALSE,FALSE,FALSE,FALSE
https://www.findmyisland.com/?island=osm-way-147327733,https://www.findmyisland.com/islands/england/laiguille/,301,FALSE,FALSE,FALSE,FALSE
https://www.findmyisland.com/profiles/osm-way-2957543.html,https://www.findmyisland.com/islands/crown-dependencies/la-motte/,301,FALSE,FALSE,FALSE,FALSE
https://www.findmyisland.com/?island=osm-way-2957543,https://www.findmyisland.com/islands/crown-dependencies/la-motte/,301,FALSE,FALSE,FALSE,FALSE
https://www.findmyisland.com/profiles/osm-way-2932844.html,https://www.findmyisland.com/islands/scotland/lady-isle/,301,FALSE,FALSE,FALSE,FALSE
https://www.findmyisland.com/?island=osm-way-2932844,https://www.findmyisland.com/islands/scotland/lady-isle/,301,FALSE,FALSE,FALSE,FALSE
https://www.findmyisland.com/profiles/osm-way-88297944.html,https://www.findmyisland.com/islands/scotland/ladys-holm/,301,FALSE,FALSE,FALSE,FALSE
https://www.findmyisland.com/?island=osm-way-88297944,https://www.findmyisland.com/islands/scotland/ladys-holm/,301,FALSE,FALSE,FALSE,FALSE
https://www.findmyisland.com/profiles/osm-relation-5396008.html,https://www.findmyisland.com/islands/scotland/ladys-rock/,301,FALSE,FALSE,FALSE,FALSE
https://www.findmyisland.com/?island=osm-relation-5396008,https://www.findmyisland.com/islands/scotland/ladys-rock/,301,FALSE,FALSE,FALSE,FALSE
https://www.findmyisland.com/profiles/osm-way-903949864.html,https://www.findmyisland.com/islands/ireland/lake-temple/,301,FALSE,FALSE,FALSE,FALSE
https://www.findmyisland.com/?island=osm-way-903949864,https://www.findmyisland.com/islands/ireland/lake-temple/,301,FALSE,FALSE,FALSE,FALSE
https://www.findmyisland.com/profiles/osm-node-300833872.html,https://www.findmyisland.com/islands/ireland/lamb/,301,FALSE,FALSE,FALSE,FALSE
https://www.findmyisland.com/?island=osm-node-300833872,https://www.findmyisland.com/islands/ireland/lamb/,301,FALSE,FALSE,FALSE,FALSE
https://www.findmyisland.com/profiles/osm-relation-3148464.html,https://www.findmyisland.com/islands/scotland/lamb-holm/,301,FALSE,FALSE,FALSE,FALSE
https://www.findmyisland.com/?island=osm-relation-3148464,https://www.findmyisland.com/islands/scotland/lamb-holm/,301,FALSE,FALSE,FALSE,FALSE
https://www.findmyisland.com/profiles/osm-way-8591107.html,https://www.findmyisland.com/islands/scotland/lamba/,301,FALSE,FALSE,FALSE,FALSE
https://www.findmyisland.com/?island=osm-way-8591107,https://www.findmyisland.com/islands/scotland/lamba/,301,FALSE,FALSE,FALSE,FALSE
https://www.findmyisland.com/profiles/osm-way-329053691.html,https://www.findmyisland.com/islands/ireland/lambay-island/,301,FALSE,FALSE,FALSE,FALSE
https://www.findmyisland.com/?island=osm-way-329053691,https://www.findmyisland.com/islands/ireland/lambay-island/,301,FALSE,FALSE,FALSE,FALSE
https://www.findmyisland.com/profiles/wd-Q12716403.html,https://www.findmyisland.com/islands/scotland/lampay/,301,FALSE,FALSE,FALSE,FALSE
https://www.findmyisland.com/?island=wd-Q12716403,https://www.findmyisland.com/islands/scotland/lampay/,301,FALSE,FALSE,FALSE,FALSE
https://www.findmyisland.com/profiles/osm-way-41105647.html,https://www.findmyisland.com/islands/scotland/langa/,301,FALSE,FALSE,FALSE,FALSE
https://www.findmyisland.com/?island=osm-way-41105647,https://www.findmyisland.com/islands/scotland/langa/,301,FALSE,FALSE,FALSE,FALSE
https://www.findmyisland.com/profiles/wd-Q6488324.html,https://www.findmyisland.com/islands/ireland/lapps-island/,301,FALSE,FALSE,FALSE,FALSE
https://www.findmyisland.com/?island=wd-Q6488324,https://www.findmyisland.com/islands/ireland/lapps-island/,301,FALSE,FALSE,FALSE,FALSE
https://www.findmyisland.com/profiles/osm-way-4561249.html,https://www.findmyisland.com/islands/ireland/leamareha-island/,301,FALSE,FALSE,FALSE,FALSE
https://www.findmyisland.com/?island=osm-way-4561249,https://www.findmyisland.com/islands/ireland/leamareha-island/,301,FALSE,FALSE,FALSE,FALSE
https://www.findmyisland.com/profiles/osm-way-606738402.html,https://www.findmyisland.com/islands/crown-dependencies/les-casquets/,301,FALSE,FALSE,FALSE,FALSE
https://www.findmyisland.com/?island=osm-way-606738402,https://www.findmyisland.com/islands/crown-dependencies/les-casquets/,301,FALSE,FALSE,FALSE,FALSE
https://www.findmyisland.com/profiles/wd-Q691567.html,https://www.findmyisland.com/islands/crown-dependencies/les-dirouilles/,301,FALSE,FALSE,FALSE,FALSE
https://www.findmyisland.com/?island=wd-Q691567,https://www.findmyisland.com/islands/crown-dependencies/les-dirouilles/,301,FALSE,FALSE,FALSE,FALSE
https://www.findmyisland.com/profiles/osm-way-4563150.html,https://www.findmyisland.com/islands/ireland/lettermullen-island/,301,FALSE,FALSE,FALSE,FALSE
https://www.findmyisland.com/?island=osm-way-4563150,https://www.findmyisland.com/islands/ireland/lettermullen-island/,301,FALSE,FALSE,FALSE,FALSE
https://www.findmyisland.com/profiles/lewis-and-harris.html,https://www.findmyisland.com/islands/scotland/lewis-and-harris/,301,FALSE,FALSE,FALSE,FALSE
https://www.findmyisland.com/?island=lewis-and-harris,https://www.findmyisland.com/islands/scotland/lewis-and-harris/,301,FALSE,FALSE,FALSE,FALSE
https://www.findmyisland.com/profiles/osm-relation-7220346.html,https://www.findmyisland.com/islands/scotland/lewis-and-harris-outer-hebrides/,301,FALSE,FALSE,FALSE,FALSE
https://www.findmyisland.com/?island=osm-relation-7220346,https://www.findmyisland.com/islands/scotland/lewis-and-harris-outer-hebrides/,301,FALSE,FALSE,FALSE,FALSE
https://www.findmyisland.com/profiles/osm-way-736910253.html,https://www.findmyisland.com/islands/scotland/liath-eilean-osm-way-736910253/,301,FALSE,FALSE,FALSE,FALSE
https://www.findmyisland.com/?island=osm-way-736910253,https://www.findmyisland.com/islands/scotland/liath-eilean-osm-way-736910253/,301,FALSE,FALSE,FALSE,FALSE
https://www.findmyisland.com/profiles/osm-way-3404368.html,https://www.findmyisland.com/islands/crown-dependencies/lihou/,301,FALSE,FALSE,FALSE,FALSE
https://www.findmyisland.com/?island=osm-way-3404368,https://www.findmyisland.com/islands/crown-dependencies/lihou/,301,FALSE,FALSE,FALSE,FALSE
https://www.findmyisland.com/profiles/lindisfarne.html,https://www.findmyisland.com/islands/england/lindisfarne/,301,FALSE,FALSE,FALSE,FALSE
https://www.findmyisland.com/?island=lindisfarne,https://www.findmyisland.com/islands/england/lindisfarne/,301,FALSE,FALSE,FALSE,FALSE
https://www.findmyisland.com/profiles/osm-way-8590910.html,https://www.findmyisland.com/islands/scotland/linga-osm-way-8590910/,301,FALSE,FALSE,FALSE,FALSE
https://www.findmyisland.com/?island=osm-way-8590910,https://www.findmyisland.com/islands/scotland/linga-osm-way-8590910/,301,FALSE,FALSE,FALSE,FALSE
https://www.findmyisland.com/profiles/osm-way-8590970.html,https://www.findmyisland.com/islands/scotland/linga-osm-way-8590970/,301,FALSE,FALSE,FALSE,FALSE
https://www.findmyisland.com/?island=osm-way-8590970,https://www.findmyisland.com/islands/scotland/linga-osm-way-8590970/,301,FALSE,FALSE,FALSE,FALSE
https://www.findmyisland.com/profiles/osm-way-8591076.html,https://www.findmyisland.com/islands/scotland/linga-osm-way-8591076/,301,FALSE,FALSE,FALSE,FALSE
https://www.findmyisland.com/?island=osm-way-8591076,https://www.findmyisland.com/islands/scotland/linga-osm-way-8591076/,301,FALSE,FALSE,FALSE,FALSE
https://www.findmyisland.com/profiles/osm-way-47704659.html,https://www.findmyisland.com/islands/scotland/linga-osm-way-47704659/,301,FALSE,FALSE,FALSE,FALSE
https://www.findmyisland.com/?island=osm-way-47704659,https://www.findmyisland.com/islands/scotland/linga-osm-way-47704659/,301,FALSE,FALSE,FALSE,FALSE
https://www.findmyisland.com/profiles/osm-way-163692413.html,https://www.findmyisland.com/islands/scotland/linga/,301,FALSE,FALSE,FALSE,FALSE
https://www.findmyisland.com/?island=osm-way-163692413,https://www.findmyisland.com/islands/scotland/linga/,301,FALSE,FALSE,FALSE,FALSE
https://www.findmyisland.com/profiles/osm-way-885657326.html,https://www.findmyisland.com/islands/scotland/linga-osm-way-885657326/,301,FALSE,FALSE,FALSE,FALSE
https://www.findmyisland.com/?island=osm-way-885657326,https://www.findmyisland.com/islands/scotland/linga-osm-way-885657326/,301,FALSE,FALSE,FALSE,FALSE
https://www.findmyisland.com/profiles/osm-way-1154777109.html,https://www.findmyisland.com/islands/scotland/linga-holm/,301,FALSE,FALSE,FALSE,FALSE
https://www.findmyisland.com/?island=osm-way-1154777109,https://www.findmyisland.com/islands/scotland/linga-holm/,301,FALSE,FALSE,FALSE,FALSE
https://www.findmyisland.com/profiles/osm-way-4011651.html,https://www.findmyisland.com/islands/scotland/lingay-osm-way-4011651/,301,FALSE,FALSE,FALSE,FALSE
https://www.findmyisland.com/?island=osm-way-4011651,https://www.findmyisland.com/islands/scotland/lingay-osm-way-4011651/,301,FALSE,FALSE,FALSE,FALSE
https://www.findmyisland.com/profiles/osm-way-711432299.html,https://www.findmyisland.com/islands/scotland/lingay-osm-way-711432299/,301,FALSE,FALSE,FALSE,FALSE
https://www.findmyisland.com/?island=osm-way-711432299,https://www.findmyisland.com/islands/scotland/lingay-osm-way-711432299/,301,FALSE,FALSE,FALSE,FALSE
https://www.findmyisland.com/profiles/osm-way-26637362.html,https://www.findmyisland.com/islands/england/lion-island/,301,FALSE,FALSE,FALSE,FALSE
https://www.findmyisland.com/?island=osm-way-26637362,https://www.findmyisland.com/islands/england/lion-island/,301,FALSE,FALSE,FALSE,FALSE
https://www.findmyisland.com/profiles/osm-relation-6046170.html,https://www.findmyisland.com/islands/scotland/lismore/,301,FALSE,FALSE,FALSE,FALSE
https://www.findmyisland.com/?island=osm-relation-6046170,https://www.findmyisland.com/islands/scotland/lismore/,301,FALSE,FALSE,FALSE,FALSE
https://www.findmyisland.com/profiles/osm-way-1319819050.html,https://www.findmyisland.com/islands/england/little-arthur/,301,FALSE,FALSE,FALSE,FALSE
https://www.findmyisland.com/?island=osm-way-1319819050,https://www.findmyisland.com/islands/england/little-arthur/,301,FALSE,FALSE,FALSE,FALSE
https://www.findmyisland.com/profiles/osm-relation-4155685.html,https://www.findmyisland.com/islands/scotland/little-bernera/,301,FALSE,FALSE,FALSE,FALSE
https://www.findmyisland.com/?island=osm-relation-4155685,https://www.findmyisland.com/islands/scotland/little-bernera/,301,FALSE,FALSE,FALSE,FALSE
https://www.findmyisland.com/profiles/osm-way-4009661.html,https://www.findmyisland.com/islands/scotland/little-colonsay/,301,FALSE,FALSE,FALSE,FALSE
https://www.findmyisland.com/?island=osm-way-4009661,https://www.findmyisland.com/islands/scotland/little-colonsay/,301,FALSE,FALSE,FALSE,FALSE
https://www.findmyisland.com/profiles/osm-way-4496238.html,https://www.findmyisland.com/islands/scotland/little-cumbrae/,301,FALSE,FALSE,FALSE,FALSE
https://www.findmyisland.com/?island=osm-way-4496238,https://www.findmyisland.com/islands/scotland/little-cumbrae/,301,FALSE,FALSE,FALSE,FALSE
https://www.findmyisland.com/profiles/osm-way-191573790.html,https://www.findmyisland.com/islands/england/little-ganilly/,301,FALSE,FALSE,FALSE,FALSE
https://www.findmyisland.com/?island=osm-way-191573790,https://www.findmyisland.com/islands/england/little-ganilly/,301,FALSE,FALSE,FALSE,FALSE
https://www.findmyisland.com/profiles/osm-way-238155326.html,https://www.findmyisland.com/islands/england/little-ganinick/,301,FALSE,FALSE,FALSE,FALSE
https://www.findmyisland.com/?island=osm-way-238155326,https://www.findmyisland.com/islands/england/little-ganinick/,301,FALSE,FALSE,FALSE,FALSE
https://www.findmyisland.com/profiles/osm-way-4569159.html,https://www.findmyisland.com/islands/scotland/little-green-holm/,301,FALSE,FALSE,FALSE,FALSE
https://www.findmyisland.com/?island=osm-way-4569159,https://www.findmyisland.com/islands/scotland/little-green-holm/,301,FALSE,FALSE,FALSE,FALSE
https://www.findmyisland.com/profiles/osm-way-289638474.html,https://www.findmyisland.com/islands/scotland/little-havra/,301,FALSE,FALSE,FALSE,FALSE
https://www.findmyisland.com/?island=osm-way-289638474,https://www.findmyisland.com/islands/scotland/little-havra/,301,FALSE,FALSE,FALSE,FALSE
https://www.findmyisland.com/profiles/osm-way-88297948.html,https://www.findmyisland.com/islands/scotland/little-holm-osm-way-88297948/,301,FALSE,FALSE,FALSE,FALSE
https://www.findmyisland.com/?island=osm-way-88297948,https://www.findmyisland.com/islands/scotland/little-holm-osm-way-88297948/,301,FALSE,FALSE,FALSE,FALSE
https://www.findmyisland.com/profiles/osm-way-867569423.html,https://www.findmyisland.com/islands/scotland/little-holm-osm-way-867569423/,301,FALSE,FALSE,FALSE,FALSE
https://www.findmyisland.com/?island=osm-way-867569423,https://www.findmyisland.com/islands/scotland/little-holm-osm-way-867569423/,301,FALSE,FALSE,FALSE,FALSE
https://www.findmyisland.com/profiles/osm-way-1319818972.html,https://www.findmyisland.com/islands/england/little-innisvouls/,301,FALSE,FALSE,FALSE,FALSE
https://www.findmyisland.com/?island=osm-way-1319818972,https://www.findmyisland.com/islands/england/little-innisvouls/,301,FALSE,FALSE,FALSE,FALSE
https://www.findmyisland.com/profiles/little-island-w4554956.html,https://www.findmyisland.com/islands/ireland/little-island-w4554956/,301,FALSE,FALSE,FALSE,FALSE
https://www.findmyisland.com/?island=little-island-w4554956,https://www.findmyisland.com/islands/ireland/little-island-w4554956/,301,FALSE,FALSE,FALSE,FALSE
https://www.findmyisland.com/profiles/wd-Q14918707.html,https://www.findmyisland.com/islands/ireland/little-island-cork-harbour/,301,FALSE,FALSE,FALSE,FALSE
https://www.findmyisland.com/?island=wd-Q14918707,https://www.findmyisland.com/islands/ireland/little-island-cork-harbour/,301,FALSE,FALSE,FALSE,FALSE
https://www.findmyisland.com/profiles/osm-way-353547158.html,https://www.findmyisland.com/islands/scotland/little-linga-osm-way-353547158/,301,FALSE,FALSE,FALSE,FALSE
https://www.findmyisland.com/?island=osm-way-353547158,https://www.findmyisland.com/islands/scotland/little-linga-osm-way-353547158/,301,FALSE,FALSE,FALSE,FALSE
https://www.findmyisland.com/profiles/osm-way-236770967.html,https://www.findmyisland.com/islands/england/little-maiden-bower/,301,FALSE,FALSE,FALSE,FALSE
https://www.findmyisland.com/?island=osm-way-236770967,https://www.findmyisland.com/islands/england/little-maiden-bower/,301,FALSE,FALSE,FALSE,FALSE
https://www.findmyisland.com/profiles/osm-way-353547151.html,https://www.findmyisland.com/islands/scotland/little-roe/,301,FALSE,FALSE,FALSE,FALSE
https://www.findmyisland.com/?island=osm-way-353547151,https://www.findmyisland.com/islands/scotland/little-roe/,301,FALSE,FALSE,FALSE,FALSE
https://www.findmyisland.com/profiles/osm-way-17506071.html,https://www.findmyisland.com/islands/scotland/little-ross/,301,FALSE,FALSE,FALSE,FALSE
https://www.findmyisland.com/?island=osm-way-17506071,https://www.findmyisland.com/islands/scotland/little-ross/,301,FALSE,FALSE,FALSE,FALSE
https://www.findmyisland.com/profiles/llangorse-crannog-w1100905197.html,https://www.findmyisland.com/islands/wales/llangorse-crannog-w1100905197/,301,FALSE,FALSE,FALSE,FALSE
https://www.findmyisland.com/?island=llangorse-crannog-w1100905197,https://www.findmyisland.com/islands/wales/llangorse-crannog-w1100905197/,301,FALSE,FALSE,FALSE,FALSE
https://www.findmyisland.com/profiles/crannog-wp-loch-fergus.html,https://www.findmyisland.com/islands/scotland/crannog-wp-loch-fergus/,301,FALSE,FALSE,FALSE,FALSE
https://www.findmyisland.com/?island=crannog-wp-loch-fergus,https://www.findmyisland.com/islands/scotland/crannog-wp-loch-fergus/,301,FALSE,FALSE,FALSE,FALSE
https://www.findmyisland.com/profiles/crannog-wp-loch-ness.html,https://www.findmyisland.com/islands/scotland/crannog-wp-loch-ness/,301,FALSE,FALSE,FALSE,FALSE
https://www.findmyisland.com/?island=crannog-wp-loch-ness,https://www.findmyisland.com/islands/scotland/crannog-wp-loch-ness/,301,FALSE,FALSE,FALSE,FALSE
https://www.findmyisland.com/profiles/wd-Q80022957.html,https://www.findmyisland.com/islands/scotland/lochlea/,301,FALSE,FALSE,FALSE,FALSE
https://www.findmyisland.com/?island=wd-Q80022957,https://www.findmyisland.com/islands/scotland/lochlea/,301,FALSE,FALSE,FALSE,FALSE
https://www.findmyisland.com/profiles/lock-island-w148442097.html,https://www.findmyisland.com/islands/england/lock-island-w148442097/,301,FALSE,FALSE,FALSE,FALSE
https://www.findmyisland.com/?island=lock-island-w148442097,https://www.findmyisland.com/islands/england/lock-island-w148442097/,301,FALSE,FALSE,FALSE,FALSE
https://www.findmyisland.com/profiles/osm-way-55754979.html,https://www.findmyisland.com/islands/england/lock-wood-island/,301,FALSE,FALSE,FALSE,FALSE
https://www.findmyisland.com/?island=osm-way-55754979,https://www.findmyisland.com/islands/england/lock-wood-island/,301,FALSE,FALSE,FALSE,FALSE
https://www.findmyisland.com/profiles/osm-way-122219439.html,https://www.findmyisland.com/islands/england/long-island/,301,FALSE,FALSE,FALSE,FALSE
https://www.findmyisland.com/?island=osm-way-122219439,https://www.findmyisland.com/islands/england/long-island/,301,FALSE,FALSE,FALSE,FALSE
https://www.findmyisland.com/profiles/osm-way-4554614.html,https://www.findmyisland.com/islands/ireland/long-island-osm-way-4554614/,301,FALSE,FALSE,FALSE,FALSE
https://www.findmyisland.com/?island=osm-way-4554614,https://www.findmyisland.com/islands/ireland/long-island-osm-way-4554614/,301,FALSE,FALSE,FALSE,FALSE
https://www.findmyisland.com/profiles/osm-way-237380753.html,https://www.findmyisland.com/islands/england/long-island-osm-way-237380753/,301,FALSE,FALSE,FALSE,FALSE
https://www.findmyisland.com/?island=osm-way-237380753,https://www.findmyisland.com/islands/england/long-island-osm-way-237380753/,301,FALSE,FALSE,FALSE,FALSE
https://www.findmyisland.com/profiles/osm-way-3494554.html,https://www.findmyisland.com/islands/scotland/longa-island/,301,FALSE,FALSE,FALSE,FALSE
https://www.findmyisland.com/?island=osm-way-3494554,https://www.findmyisland.com/islands/scotland/longa-island/,301,FALSE,FALSE,FALSE,FALSE
https://www.findmyisland.com/profiles/osm-way-1169080639.html,https://www.findmyisland.com/islands/scotland/longay/,301,FALSE,FALSE,FALSE,FALSE
https://www.findmyisland.com/?island=osm-way-1169080639,https://www.findmyisland.com/islands/scotland/longay/,301,FALSE,FALSE,FALSE,FALSE
https://www.findmyisland.com/profiles/osm-way-239279393.html,https://www.findmyisland.com/islands/england/looe-island/,301,FALSE,FALSE,FALSE,FALSE
https://www.findmyisland.com/?island=osm-way-239279393,https://www.findmyisland.com/islands/england/looe-island/,301,FALSE,FALSE,FALSE,FALSE
https://www.findmyisland.com/profiles/osm-way-6135676.html,https://www.findmyisland.com/islands/england/lords-island/,301,FALSE,FALSE,FALSE,FALSE
https://www.findmyisland.com/?island=osm-way-6135676,https://www.findmyisland.com/islands/england/lords-island/,301,FALSE,FALSE,FALSE,FALSE
https://www.findmyisland.com/profiles/osm-way-224302536.html,https://www.findmyisland.com/islands/england/lots-ait/,301,FALSE,FALSE,FALSE,FALSE
https://www.findmyisland.com/?island=osm-way-224302536,https://www.findmyisland.com/islands/england/lots-ait/,301,FALSE,FALSE,FALSE,FALSE
https://www.findmyisland.com/profiles/loughbrickland-crannóg-w152242485.html,https://www.findmyisland.com/islands/northern-ireland/loughbrickland-crannog-w152242485/,301,FALSE,FALSE,FALSE,FALSE
https://www.findmyisland.com/?island=loughbrickland-crannóg-w152242485,https://www.findmyisland.com/islands/northern-ireland/loughbrickland-crannog-w152242485/,301,FALSE,FALSE,FALSE,FALSE
https://www.findmyisland.com/profiles/osm-node-5603858099.html,https://www.findmyisland.com/islands/england/lower-horse/,301,FALSE,FALSE,FALSE,FALSE
https://www.findmyisland.com/?island=osm-node-5603858099,https://www.findmyisland.com/islands/england/lower-horse/,301,FALSE,FALSE,FALSE,FALSE
https://www.findmyisland.com/profiles/osm-relation-8815517.html,https://www.findmyisland.com/islands/scotland/luing/,301,FALSE,FALSE,FALSE,FALSE
https://www.findmyisland.com/?island=osm-relation-8815517,https://www.findmyisland.com/islands/scotland/luing/,301,FALSE,FALSE,FALSE,FALSE
https://www.findmyisland.com/profiles/lundy.html,https://www.findmyisland.com/islands/england/lundy/,301,FALSE,FALSE,FALSE,FALSE
https://www.findmyisland.com/?island=lundy,https://www.findmyisland.com/islands/england/lundy/,301,FALSE,FALSE,FALSE,FALSE
https://www.findmyisland.com/profiles/osm-relation-9602861.html,https://www.findmyisland.com/islands/scotland/lunga/,301,FALSE,FALSE,FALSE,FALSE
https://www.findmyisland.com/?island=osm-relation-9602861,https://www.findmyisland.com/islands/scotland/lunga/,301,FALSE,FALSE,FALSE,FALSE
https://www.findmyisland.com/profiles/osm-way-4009570.html,https://www.findmyisland.com/islands/scotland/lunga-osm-way-4009570/,301,FALSE,FALSE,FALSE,FALSE
https://www.findmyisland.com/?island=osm-way-4009570,https://www.findmyisland.com/islands/scotland/lunga-osm-way-4009570/,301,FALSE,FALSE,FALSE,FALSE
https://www.findmyisland.com/profiles/osm-way-8591096.html,https://www.findmyisland.com/islands/scotland/lunna-holm/,301,FALSE,FALSE,FALSE,FALSE
https://www.findmyisland.com/?island=osm-way-8591096,https://www.findmyisland.com/islands/scotland/lunna-holm/,301,FALSE,FALSE,FALSE,FALSE
https://www.findmyisland.com/profiles/lusty-beg-w23494105.html,https://www.findmyisland.com/islands/northern-ireland/lusty-beg-w23494105/,301,FALSE,FALSE,FALSE,FALSE
https://www.findmyisland.com/?island=lusty-beg-w23494105,https://www.findmyisland.com/islands/northern-ireland/lusty-beg-w23494105/,301,FALSE,FALSE,FALSE,FALSE
https://www.findmyisland.com/profiles/osm-way-116527170.html,https://www.findmyisland.com/islands/northern-ireland/lusty-more/,301,FALSE,FALSE,FALSE,FALSE
https://www.findmyisland.com/?island=osm-way-116527170,https://www.findmyisland.com/islands/northern-ireland/lusty-more/,301,FALSE,FALSE,FALSE,FALSE
https://www.findmyisland.com/profiles/csv-geocoded-Q6721784.html,https://www.findmyisland.com/islands/scotland/maccormaig-isles/,301,FALSE,FALSE,FALSE,FALSE
https://www.findmyisland.com/?island=csv-geocoded-Q6721784,https://www.findmyisland.com/islands/scotland/maccormaig-isles/,301,FALSE,FALSE,FALSE,FALSE
https://www.findmyisland.com/profiles/osm-way-148678169.html,https://www.findmyisland.com/islands/england/magna-carta-island/,301,FALSE,FALSE,FALSE,FALSE
https://www.findmyisland.com/?island=osm-way-148678169,https://www.findmyisland.com/islands/england/magna-carta-island/,301,FALSE,FALSE,FALSE,FALSE
https://www.findmyisland.com/profiles/osm-way-32253980.html,https://www.findmyisland.com/islands/england/magpie-island/,301,FALSE,FALSE,FALSE,FALSE
https://www.findmyisland.com/?island=osm-way-32253980,https://www.findmyisland.com/islands/england/magpie-island/,301,FALSE,FALSE,FALSE,FALSE
https://www.findmyisland.com/profiles/osm-way-4557019.html,https://www.findmyisland.com/islands/northern-ireland/mahee-island/,301,FALSE,FALSE,FALSE,FALSE
https://www.findmyisland.com/?island=osm-way-4557019,https://www.findmyisland.com/islands/northern-ireland/mahee-island/,301,FALSE,FALSE,FALSE,FALSE
https://www.findmyisland.com/profiles/osm-way-236770968.html,https://www.findmyisland.com/islands/england/maiden-bower/,301,FALSE,FALSE,FALSE,FALSE
https://www.findmyisland.com/?island=osm-way-236770968,https://www.findmyisland.com/islands/england/maiden-bower/,301,FALSE,FALSE,FALSE,FALSE
https://www.findmyisland.com/profiles/osm-way-201918673.html,https://www.findmyisland.com/islands/scotland/maiden-island/,301,FALSE,FALSE,FALSE,FALSE
https://www.findmyisland.com/?island=osm-way-201918673,https://www.findmyisland.com/islands/scotland/maiden-island/,301,FALSE,FALSE,FALSE,FALSE
https://www.findmyisland.com/profiles/thames-maidenhead.html,https://www.findmyisland.com/islands/england/thames-maidenhead/,301,FALSE,FALSE,FALSE,FALSE
https://www.findmyisland.com/?island=thames-maidenhead,https://www.findmyisland.com/islands/england/thames-maidenhead/,301,FALSE,FALSE,FALSE,FALSE
https://www.findmyisland.com/profiles/mainland-orkney.html,https://www.findmyisland.com/islands/scotland/mainland-orkney/,301,FALSE,FALSE,FALSE,FALSE
https://www.findmyisland.com/?island=mainland-orkney,https://www.findmyisland.com/islands/scotland/mainland-orkney/,301,FALSE,FALSE,FALSE,FALSE
https://www.findmyisland.com/profiles/mainland-shetland.html,https://www.findmyisland.com/islands/scotland/mainland-shetland/,301,FALSE,FALSE,FALSE,FALSE
https://www.findmyisland.com/?island=mainland-shetland,https://www.findmyisland.com/islands/scotland/mainland-shetland/,301,FALSE,FALSE,FALSE,FALSE
https://www.findmyisland.com/profiles/osm-way-359435873.html,https://www.findmyisland.com/islands/ireland/maoinis/,301,FALSE,FALSE,FALSE,FALSE
https://www.findmyisland.com/?island=osm-way-359435873,https://www.findmyisland.com/islands/ireland/maoinis/,301,FALSE,FALSE,FALSE,FALSE
https://www.findmyisland.com/profiles/wd-Q10981603.html,https://www.findmyisland.com/islands/scotland/meall-nan-gabhar/,301,FALSE,FALSE,FALSE,FALSE
https://www.findmyisland.com/?island=wd-Q10981603,https://www.findmyisland.com/islands/scotland/meall-nan-gabhar/,301,FALSE,FALSE,FALSE,FALSE
https://www.findmyisland.com/profiles/wd-Q6804126.html,https://www.findmyisland.com/islands/england/meare-lake-villages/,301,FALSE,FALSE,FALSE,FALSE
https://www.findmyisland.com/?island=wd-Q6804126,https://www.findmyisland.com/islands/england/meare-lake-villages/,301,FALSE,FALSE,FALSE,FALSE
https://www.findmyisland.com/profiles/thames-medmenham.html,https://www.findmyisland.com/islands/england/thames-medmenham/,301,FALSE,FALSE,FALSE,FALSE
https://www.findmyisland.com/?island=thames-medmenham,https://www.findmyisland.com/islands/england/thames-medmenham/,301,FALSE,FALSE,FALSE,FALSE
https://www.findmyisland.com/profiles/osm-way-236692731.html,https://www.findmyisland.com/islands/england/melledgan/,301,FALSE,FALSE,FALSE,FALSE
https://www.findmyisland.com/?island=osm-way-236692731,https://www.findmyisland.com/islands/england/melledgan/,301,FALSE,FALSE,FALSE,FALSE
https://www.findmyisland.com/profiles/wd-Q2533792.html,https://www.findmyisland.com/islands/england/men-a-vaur/,301,FALSE,FALSE,FALSE,FALSE
https://www.findmyisland.com/?island=wd-Q2533792,https://www.findmyisland.com/islands/england/men-a-vaur/,301,FALSE,FALSE,FALSE,FALSE
https://www.findmyisland.com/profiles/osm-way-1319818956.html,https://www.findmyisland.com/islands/england/menawethan/,301,FALSE,FALSE,FALSE,FALSE
https://www.findmyisland.com/?island=osm-way-1319818956,https://www.findmyisland.com/islands/england/menawethan/,301,FALSE,FALSE,FALSE,FALSE
https://www.findmyisland.com/profiles/osm-relation-6046587.html,https://www.findmyisland.com/islands/england/mersea-island/,301,FALSE,FALSE,FALSE,FALSE
https://www.findmyisland.com/?island=osm-relation-6046587,https://www.findmyisland.com/islands/england/mersea-island/,301,FALSE,FALSE,FALSE,FALSE
https://www.findmyisland.com/profiles/osm-relation-11478535.html,https://www.findmyisland.com/islands/england/mesopotamia/,301,FALSE,FALSE,FALSE,FALSE
https://www.findmyisland.com/?island=osm-relation-11478535,https://www.findmyisland.com/islands/england/mesopotamia/,301,FALSE,FALSE,FALSE,FALSE
https://www.findmyisland.com/profiles/wd-Q25635110.html,https://www.findmyisland.com/islands/scotland/mid-hill/,301,FALSE,FALSE,FALSE,FALSE
https://www.findmyisland.com/?island=wd-Q25635110,https://www.findmyisland.com/islands/scotland/mid-hill/,301,FALSE,FALSE,FALSE,FALSE
https://www.findmyisland.com/profiles/osm-way-2986987.html,https://www.findmyisland.com/islands/wales/middle-mouse/,301,FALSE,FALSE,FALSE,FALSE
https://www.findmyisland.com/?island=osm-way-2986987,https://www.findmyisland.com/islands/wales/middle-mouse/,301,FALSE,FALSE,FALSE,FALSE
https://www.findmyisland.com/profiles/osm-way-1493746603.html,https://www.findmyisland.com/islands/wales/midland-isle/,301,FALSE,FALSE,FALSE,FALSE
https://www.findmyisland.com/?island=osm-way-1493746603,https://www.findmyisland.com/islands/wales/midland-isle/,301,FALSE,FALSE,FALSE,FALSE
https://www.findmyisland.com/profiles/osm-way-914489426.html,https://www.findmyisland.com/islands/england/mill-eyot/,301,FALSE,FALSE,FALSE,FALSE
https://www.findmyisland.com/?island=osm-way-914489426,https://www.findmyisland.com/islands/england/mill-eyot/,301,FALSE,FALSE,FALSE,FALSE
https://www.findmyisland.com/profiles/wd-Q60714023.html,https://www.findmyisland.com/islands/scotland/milton-island/,301,FALSE,FALSE,FALSE,FALSE
https://www.findmyisland.com/?island=wd-Q60714023,https://www.findmyisland.com/islands/scotland/milton-island/,301,FALSE,FALSE,FALSE,FALSE
https://www.findmyisland.com/profiles/crannog-wp-milton-loch.html,https://www.findmyisland.com/islands/scotland/crannog-wp-milton-loch/,301,FALSE,FALSE,FALSE,FALSE
https://www.findmyisland.com/?island=crannog-wp-milton-loch,https://www.findmyisland.com/islands/scotland/crannog-wp-milton-loch/,301,FALSE,FALSE,FALSE,FALSE
https://www.findmyisland.com/profiles/osm-way-236770969.html,https://www.findmyisland.com/islands/england/mincarlo/,301,FALSE,FALSE,FALSE,FALSE
https://www.findmyisland.com/?island=osm-way-236770969,https://www.findmyisland.com/islands/england/mincarlo/,301,FALSE,FALSE,FALSE,FALSE
https://www.findmyisland.com/profiles/osm-way-157534025.html,https://www.findmyisland.com/islands/scotland/mingay-island/,301,FALSE,FALSE,FALSE,FALSE
https://www.findmyisland.com/?island=osm-way-157534025,https://www.findmyisland.com/islands/scotland/mingay-island/,301,FALSE,FALSE,FALSE,FALSE
https://www.findmyisland.com/profiles/osm-way-885235014.html,https://www.findmyisland.com/islands/scotland/mingulay/,301,FALSE,FALSE,FALSE,FALSE
https://www.findmyisland.com/?island=osm-way-885235014,https://www.findmyisland.com/islands/scotland/mingulay/,301,FALSE,FALSE,FALSE,FALSE
https://www.findmyisland.com/profiles/mochras.html,https://www.findmyisland.com/islands/wales/mochras/,301,FALSE,FALSE,FALSE,FALSE
https://www.findmyisland.com/?island=mochras,https://www.findmyisland.com/islands/wales/mochras/,301,FALSE,FALSE,FALSE,FALSE
https://www.findmyisland.com/profiles/monach-islands-ceann-iar-ceann-ear-shivinish-stockay-shillay.html,https://www.findmyisland.com/islands/scotland/monach-islands-ceann-iar-ceann-ear-shivinish-stockay-shillay/,301,FALSE,FALSE,FALSE,FALSE
https://www.findmyisland.com/?island=monach-islands-ceann-iar-ceann-ear-shivinish-stockay-shillay,https://www.findmyisland.com/islands/scotland/monach-islands-ceann-iar-ceann-ear-shivinish-stockay-shillay/,301,FALSE,FALSE,FALSE,FALSE
https://www.findmyisland.com/profiles/osm-way-4438947.html,https://www.findmyisland.com/islands/scotland/moncreiffe-island/,301,FALSE,FALSE,FALSE,FALSE
https://www.findmyisland.com/?island=osm-way-4438947,https://www.findmyisland.com/islands/scotland/moncreiffe-island/,301,FALSE,FALSE,FALSE,FALSE
https://www.findmyisland.com/profiles/osm-way-23679577.html,https://www.findmyisland.com/islands/england/monkey-island/,301,FALSE,FALSE,FALSE,FALSE
https://www.findmyisland.com/?island=osm-way-23679577,https://www.findmyisland.com/islands/england/monkey-island/,301,FALSE,FALSE,FALSE,FALSE
https://www.findmyisland.com/profiles/osm-way-381672751.html,https://www.findmyisland.com/islands/scotland/mooa/,301,FALSE,FALSE,FALSE,FALSE
https://www.findmyisland.com/?island=osm-way-381672751,https://www.findmyisland.com/islands/scotland/mooa/,301,FALSE,FALSE,FALSE,FALSE
https://www.findmyisland.com/profiles/morrich-more.html,https://www.findmyisland.com/islands/scotland/morrich-more/,301,FALSE,FALSE,FALSE,FALSE
https://www.findmyisland.com/?island=morrich-more,https://www.findmyisland.com/islands/scotland/morrich-more/,301,FALSE,FALSE,FALSE,FALSE
https://www.findmyisland.com/profiles/wd-Q6917510.html,https://www.findmyisland.com/islands/england/motherbank/,301,FALSE,FALSE,FALSE,FALSE
https://www.findmyisland.com/?island=wd-Q6917510,https://www.findmyisland.com/islands/england/motherbank/,301,FALSE,FALSE,FALSE,FALSE
https://www.findmyisland.com/profiles/osm-way-179220328.html,https://www.findmyisland.com/islands/scotland/mousa/,301,FALSE,FALSE,FALSE,FALSE
https://www.findmyisland.com/?island=osm-way-179220328,https://www.findmyisland.com/islands/scotland/mousa/,301,FALSE,FALSE,FALSE,FALSE
https://www.findmyisland.com/profiles/osm-way-4561753.html,https://www.findmyisland.com/islands/ireland/moynish-more/,301,FALSE,FALSE,FALSE,FALSE
https://www.findmyisland.com/?island=osm-way-4561753,https://www.findmyisland.com/islands/ireland/moynish-more/,301,FALSE,FALSE,FALSE,FALSE
https://www.findmyisland.com/profiles/osm-way-43386505.html,https://www.findmyisland.com/islands/ireland/mucallach/,301,FALSE,FALSE,FALSE,FALSE
https://www.findmyisland.com/?island=osm-way-43386505,https://www.findmyisland.com/islands/ireland/mucallach/,301,FALSE,FALSE,FALSE,FALSE
https://www.findmyisland.com/profiles/osm-relation-12895654.html,https://www.findmyisland.com/islands/scotland/muck/,301,FALSE,FALSE,FALSE,FALSE
https://www.findmyisland.com/?island=osm-relation-12895654,https://www.findmyisland.com/islands/scotland/muck/,301,FALSE,FALSE,FALSE,FALSE
https://www.findmyisland.com/profiles/osm-relation-10221718.html,https://www.findmyisland.com/islands/scotland/muckle-flugga/,301,FALSE,FALSE,FALSE,FALSE
https://www.findmyisland.com/?island=osm-relation-10221718,https://www.findmyisland.com/islands/scotland/muckle-flugga/,301,FALSE,FALSE,FALSE,FALSE
https://www.findmyisland.com/profiles/osm-way-4569303.html,https://www.findmyisland.com/islands/scotland/muckle-green-holm/,301,FALSE,FALSE,FALSE,FALSE
https://www.findmyisland.com/?island=osm-way-4569303,https://www.findmyisland.com/islands/scotland/muckle-green-holm/,301,FALSE,FALSE,FALSE,FALSE
https://www.findmyisland.com/profiles/osm-way-867569421.html,https://www.findmyisland.com/islands/scotland/muckle-holm-osm-way-867569421/,301,FALSE,FALSE,FALSE,FALSE
https://www.findmyisland.com/?island=osm-way-867569421,https://www.findmyisland.com/islands/scotland/muckle-holm-osm-way-867569421/,301,FALSE,FALSE,FALSE,FALSE
https://www.findmyisland.com/profiles/osm-relation-12659130.html,https://www.findmyisland.com/islands/scotland/muckle-roe/,301,FALSE,FALSE,FALSE,FALSE
https://www.findmyisland.com/?island=osm-relation-12659130,https://www.findmyisland.com/islands/scotland/muckle-roe/,301,FALSE,FALSE,FALSE,FALSE
https://www.findmyisland.com/profiles/osm-way-47397034.html,https://www.findmyisland.com/islands/scotland/muckle-skerry-pentland-skerries/,301,FALSE,FALSE,FALSE,FALSE
https://www.findmyisland.com/?island=osm-way-47397034,https://www.findmyisland.com/islands/scotland/muckle-skerry-pentland-skerries/,301,FALSE,FALSE,FALSE,FALSE
https://www.findmyisland.com/profiles/osm-way-4525166.html,https://www.findmyisland.com/islands/scotland/mugdrum-island/,301,FALSE,FALSE,FALSE,FALSE
https://www.findmyisland.com/?island=osm-way-4525166,https://www.findmyisland.com/islands/scotland/mugdrum-island/,301,FALSE,FALSE,FALSE,FALSE
https://www.findmyisland.com/profiles/osm-way-4011731.html,https://www.findmyisland.com/islands/scotland/muldoanich/,301,FALSE,FALSE,FALSE,FALSE
https://www.findmyisland.com/?island=osm-way-4011731,https://www.findmyisland.com/islands/scotland/muldoanich/,301,FALSE,FALSE,FALSE,FALSE
https://www.findmyisland.com/profiles/osm-way-805805504.html,https://www.findmyisland.com/islands/england/mullion-island/,301,FALSE,FALSE,FALSE,FALSE
https://www.findmyisland.com/?island=osm-way-805805504,https://www.findmyisland.com/islands/england/mullion-island/,301,FALSE,FALSE,FALSE,FALSE
https://www.findmyisland.com/profiles/osm-way-4563536.html,https://www.findmyisland.com/islands/ireland/mutton-island-osm-way-4563536/,301,FALSE,FALSE,FALSE,FALSE
https://www.findmyisland.com/?island=osm-way-4563536,https://www.findmyisland.com/islands/ireland/mutton-island-osm-way-4563536/,301,FALSE,FALSE,FALSE,FALSE
https://www.findmyisland.com/profiles/osm-way-1220010695.html,https://www.findmyisland.com/islands/ireland/mutton-island/,301,FALSE,FALSE,FALSE,FALSE
https://www.findmyisland.com/?island=osm-way-1220010695,https://www.findmyisland.com/islands/ireland/mutton-island/,301,FALSE,FALSE,FALSE,FALSE
https://www.findmyisland.com/profiles/osm-relation-19462881.html,https://www.findmyisland.com/islands/england/nags-head-island/,301,FALSE,FALSE,FALSE,FALSE
https://www.findmyisland.com/?island=osm-relation-19462881,https://www.findmyisland.com/islands/england/nags-head-island/,301,FALSE,FALSE,FALSE,FALSE
https://www.findmyisland.com/profiles/osm-way-1055992051.html,https://www.findmyisland.com/islands/scotland/nave-island/,301,FALSE,FALSE,FALSE,FALSE
https://www.findmyisland.com/?island=osm-way-1055992051,https://www.findmyisland.com/islands/scotland/nave-island/,301,FALSE,FALSE,FALSE,FALSE
https://www.findmyisland.com/profiles/osm-way-146630865.html,https://www.findmyisland.com/islands/scotland/neave-island/,301,FALSE,FALSE,FALSE,FALSE
https://www.findmyisland.com/?island=osm-way-146630865,https://www.findmyisland.com/islands/scotland/neave-island/,301,FALSE,FALSE,FALSE,FALSE
https://www.findmyisland.com/profiles/osm-way-130868604.html,https://www.findmyisland.com/islands/scotland/neish-island/,301,FALSE,FALSE,FALSE,FALSE
https://www.findmyisland.com/?island=osm-way-130868604,https://www.findmyisland.com/islands/scotland/neish-island/,301,FALSE,FALSE,FALSE,FALSE
https://www.findmyisland.com/profiles/wd-Q15261795.html,https://www.findmyisland.com/islands/scotland/ness-islands-wd-q15261795/,301,FALSE,FALSE,FALSE,FALSE
https://www.findmyisland.com/?island=wd-Q15261795,https://www.findmyisland.com/islands/scotland/ness-islands-wd-q15261795/,301,FALSE,FALSE,FALSE,FALSE
https://www.findmyisland.com/profiles/nevi-skerry.html,https://www.findmyisland.com/islands/scotland/nevi-skerry/,301,FALSE,FALSE,FALSE,FALSE
https://www.findmyisland.com/?island=nevi-skerry,https://www.findmyisland.com/islands/scotland/nevi-skerry/,301,FALSE,FALSE,FALSE,FALSE
https://www.findmyisland.com/profiles/wd-Q7007294.html,https://www.findmyisland.com/islands/england/new-england-island/,301,FALSE,FALSE,FALSE,FALSE
https://www.findmyisland.com/?island=wd-Q7007294,https://www.findmyisland.com/islands/england/new-england-island/,301,FALSE,FALSE,FALSE,FALSE
https://www.findmyisland.com/profiles/osm-way-239078676.html,https://www.findmyisland.com/islands/england/newford-island/,301,FALSE,FALSE,FALSE,FALSE
https://www.findmyisland.com/?island=osm-way-239078676,https://www.findmyisland.com/islands/england/newford-island/,301,FALSE,FALSE,FALSE,FALSE
https://www.findmyisland.com/profiles/wd-Q56064446.html,https://www.findmyisland.com/islands/scotland/newshot-island/,301,FALSE,FALSE,FALSE,FALSE
https://www.findmyisland.com/?island=wd-Q56064446,https://www.findmyisland.com/islands/scotland/newshot-island/,301,FALSE,FALSE,FALSE,FALSE
https://www.findmyisland.com/profiles/nicodemus-knob.html,https://www.findmyisland.com/islands/england/nicodemus-knob/,301,FALSE,FALSE,FALSE,FALSE
https://www.findmyisland.com/?island=nicodemus-knob,https://www.findmyisland.com/islands/england/nicodemus-knob/,301,FALSE,FALSE,FALSE,FALSE
https://www.findmyisland.com/profiles/osm-way-381672749.html,https://www.findmyisland.com/islands/scotland/nista/,301,FALSE,FALSE,FALSE,FALSE
https://www.findmyisland.com/?island=osm-way-381672749,https://www.findmyisland.com/islands/scotland/nista/,301,FALSE,FALSE,FALSE,FALSE
https://www.findmyisland.com/profiles/osm-way-236857284.html,https://www.findmyisland.com/islands/england/nornour/,301,FALSE,FALSE,FALSE,FALSE
https://www.findmyisland.com/?island=osm-way-236857284,https://www.findmyisland.com/islands/england/nornour/,301,FALSE,FALSE,FALSE,FALSE
https://www.findmyisland.com/profiles/osm-way-485111203.html,https://www.findmyisland.com/islands/england/north-binness-island/,301,FALSE,FALSE,FALSE,FALSE
https://www.findmyisland.com/?island=osm-way-485111203,https://www.findmyisland.com/islands/england/north-binness-island/,301,FALSE,FALSE,FALSE,FALSE
https://www.findmyisland.com/profiles/wd-Q7054699.html,https://www.findmyisland.com/islands/scotland/north-carr/,301,FALSE,FALSE,FALSE,FALSE
https://www.findmyisland.com/?island=wd-Q7054699,https://www.findmyisland.com/islands/scotland/north-carr/,301,FALSE,FALSE,FALSE,FALSE
https://www.findmyisland.com/profiles/osm-way-41105628.html,https://www.findmyisland.com/islands/scotland/north-havra/,301,FALSE,FALSE,FALSE,FALSE
https://www.findmyisland.com/?island=osm-way-41105628,https://www.findmyisland.com/islands/scotland/north-havra/,301,FALSE,FALSE,FALSE,FALSE
https://www.findmyisland.com/profiles/osm-way-262271306.html,https://www.findmyisland.com/islands/scotland/north-isle-of-gletness/,301,FALSE,FALSE,FALSE,FALSE
https://www.findmyisland.com/?island=osm-way-262271306,https://www.findmyisland.com/islands/scotland/north-isle-of-gletness/,301,FALSE,FALSE,FALSE,FALSE
https://www.findmyisland.com/profiles/osm-way-28220976.html,https://www.findmyisland.com/islands/scotland/north-rona/,301,FALSE,FALSE,FALSE,FALSE
https://www.findmyisland.com/?island=osm-way-28220976,https://www.findmyisland.com/islands/scotland/north-rona/,301,FALSE,FALSE,FALSE,FALSE
https://www.findmyisland.com/profiles/osm-way-4569485.html,https://www.findmyisland.com/islands/scotland/north-ronaldsay/,301,FALSE,FALSE,FALSE,FALSE
https://www.findmyisland.com/?island=osm-way-4569485,https://www.findmyisland.com/islands/scotland/north-ronaldsay/,301,FALSE,FALSE,FALSE,FALSE
https://www.findmyisland.com/profiles/osm-way-2988683.html,https://www.findmyisland.com/islands/wales/north-stack/,301,FALSE,FALSE,FALSE,FALSE
https://www.findmyisland.com/?island=osm-way-2988683,https://www.findmyisland.com/islands/wales/north-stack/,301,FALSE,FALSE,FALSE,FALSE
https://www.findmyisland.com/profiles/osm-relation-380685.html,https://www.findmyisland.com/islands/scotland/north-uist/,301,FALSE,FALSE,FALSE,FALSE
https://www.findmyisland.com/?island=osm-relation-380685,https://www.findmyisland.com/islands/scotland/north-uist/,301,FALSE,FALSE,FALSE,FALSE
https://www.findmyisland.com/profiles/osm-relation-9873586.html,https://www.findmyisland.com/islands/england/northey-island/,301,FALSE,FALSE,FALSE,FALSE
https://www.findmyisland.com/?island=osm-relation-9873586,https://www.findmyisland.com/islands/england/northey-island/,301,FALSE,FALSE,FALSE,FALSE
https://www.findmyisland.com/profiles/osm-way-8590977.html,https://www.findmyisland.com/islands/scotland/noss/,301,FALSE,FALSE,FALSE,FALSE
https://www.findmyisland.com/?island=osm-way-8590977,https://www.findmyisland.com/islands/scotland/noss/,301,FALSE,FALSE,FALSE,FALSE
https://www.findmyisland.com/profiles/wd-Q59728286.html,https://www.findmyisland.com/islands/ireland/nuns-island-wd-q59728286/,301,FALSE,FALSE,FALSE,FALSE
https://www.findmyisland.com/?island=wd-Q59728286,https://www.findmyisland.com/islands/ireland/nuns-island-wd-q59728286/,301,FALSE,FALSE,FALSE,FALSE
https://www.findmyisland.com/profiles/osm-way-617148659.html,https://www.findmyisland.com/islands/ireland/oilean-meanach/,301,FALSE,FALSE,FALSE,FALSE
https://www.findmyisland.com/?island=osm-way-617148659,https://www.findmyisland.com/islands/ireland/oilean-meanach/,301,FALSE,FALSE,FALSE,FALSE
https://www.findmyisland.com/profiles/osm-way-4562894.html,https://www.findmyisland.com/islands/ireland/oilean-maisean/,301,FALSE,FALSE,FALSE,FALSE
https://www.findmyisland.com/?island=osm-way-4562894,https://www.findmyisland.com/islands/ireland/oilean-maisean/,301,FALSE,FALSE,FALSE,FALSE
https://www.findmyisland.com/profiles/osm-way-1002636055.html,https://www.findmyisland.com/islands/ireland/oilean-na-gcuan/,301,FALSE,FALSE,FALSE,FALSE
https://www.findmyisland.com/?island=osm-way-1002636055,https://www.findmyisland.com/islands/ireland/oilean-na-gcuan/,301,FALSE,FALSE,FALSE,FALSE
https://www.findmyisland.com/profiles/osm-relation-6047998.html,https://www.findmyisland.com/islands/england/old-harry-rocks/,301,FALSE,FALSE,FALSE,FALSE
https://www.findmyisland.com/?island=osm-relation-6047998,https://www.findmyisland.com/islands/england/old-harry-rocks/,301,FALSE,FALSE,FALSE,FALSE
https://www.findmyisland.com/profiles/old-man-of-stoer.html,https://www.findmyisland.com/islands/scotland/old-man-of-stoer/,301,FALSE,FALSE,FALSE,FALSE
https://www.findmyisland.com/?island=old-man-of-stoer,https://www.findmyisland.com/islands/scotland/old-man-of-stoer/,301,FALSE,FALSE,FALSE,FALSE
https://www.findmyisland.com/profiles/csv-geocoded-Q3739794.html,https://www.findmyisland.com/islands/scotland/old-monach-lighthouse/,301,FALSE,FALSE,FALSE,FALSE
https://www.findmyisland.com/?island=csv-geocoded-Q3739794,https://www.findmyisland.com/islands/scotland/old-monach-lighthouse/,301,FALSE,FALSE,FALSE,FALSE
https://www.findmyisland.com/profiles/osm-relation-12597422.html,https://www.findmyisland.com/islands/scotland/oldany-island/,301,FALSE,FALSE,FALSE,FALSE
https://www.findmyisland.com/?island=osm-relation-12597422,https://www.findmyisland.com/islands/scotland/oldany-island/,301,FALSE,FALSE,FALSE,FALSE
https://www.findmyisland.com/profiles/osm-way-506040741.html,https://www.findmyisland.com/islands/england/olivers-island/,301,FALSE,FALSE,FALSE,FALSE
https://www.findmyisland.com/?island=osm-way-506040741,https://www.findmyisland.com/islands/england/olivers-island/,301,FALSE,FALSE,FALSE,FALSE
https://www.findmyisland.com/profiles/osm-relation-3414078.html,https://www.findmyisland.com/islands/ireland/omey-island/,301,FALSE,FALSE,FALSE,FALSE
https://www.findmyisland.com/?island=osm-relation-3414078,https://www.findmyisland.com/islands/ireland/omey-island/,301,FALSE,FALSE,FALSE,FALSE
https://www.findmyisland.com/profiles/osm-way-261871142.html,https://www.findmyisland.com/islands/scotland/orfasay/,301,FALSE,FALSE,FALSE,FALSE
https://www.findmyisland.com/?island=osm-way-261871142,https://www.findmyisland.com/islands/scotland/orfasay/,301,FALSE,FALSE,FALSE,FALSE
https://www.findmyisland.com/profiles/osm-way-4564249.html,https://www.findmyisland.com/islands/ireland/ormonds-island/,301,FALSE,FALSE,FALSE,FALSE
https://www.findmyisland.com/?island=osm-way-4564249,https://www.findmyisland.com/islands/ireland/ormonds-island/,301,FALSE,FALSE,FALSE,FALSE
https://www.findmyisland.com/profiles/osm-way-82964256.html,https://www.findmyisland.com/islands/scotland/ornsay/,301,FALSE,FALSE,FALSE,FALSE
https://www.findmyisland.com/?island=osm-way-82964256,https://www.findmyisland.com/islands/scotland/ornsay/,301,FALSE,FALSE,FALSE,FALSE
https://www.findmyisland.com/profiles/osm-relation-11587620.html,https://www.findmyisland.com/islands/scotland/oronsay/,301,FALSE,FALSE,FALSE,FALSE
https://www.findmyisland.com/?island=osm-relation-11587620,https://www.findmyisland.com/islands/scotland/oronsay/,301,FALSE,FALSE,FALSE,FALSE
https://www.findmyisland.com/profiles/osm-way-23275012.html,https://www.findmyisland.com/islands/scotland/oronsay-osm-way-23275012/,301,FALSE,FALSE,FALSE,FALSE
https://www.findmyisland.com/?island=osm-way-23275012,https://www.findmyisland.com/islands/scotland/oronsay-osm-way-23275012/,301,FALSE,FALSE,FALSE,FALSE
https://www.findmyisland.com/profiles/osm-way-1063002533.html,https://www.findmyisland.com/islands/scotland/oronsay-osm-way-1063002533/,301,FALSE,FALSE,FALSE,FALSE
https://www.findmyisland.com/?island=osm-way-1063002533,https://www.findmyisland.com/islands/scotland/oronsay-osm-way-1063002533/,301,FALSE,FALSE,FALSE,FALSE
https://www.findmyisland.com/profiles/osm-way-1218371162.html,https://www.findmyisland.com/islands/scotland/oronsay-osm-way-1218371162/,301,FALSE,FALSE,FALSE,FALSE
https://www.findmyisland.com/?island=osm-way-1218371162,https://www.findmyisland.com/islands/scotland/oronsay-osm-way-1218371162/,301,FALSE,FALSE,FALSE,FALSE
https://www.findmyisland.com/profiles/osm-way-216812403.html,https://www.findmyisland.com/islands/scotland/orosay/,301,FALSE,FALSE,FALSE,FALSE
https://www.findmyisland.com/?island=osm-way-216812403,https://www.findmyisland.com/islands/scotland/orosay/,301,FALSE,FALSE,FALSE,FALSE
https://www.findmyisland.com/profiles/osm-way-252380368.html,https://www.findmyisland.com/islands/scotland/orsay/,301,FALSE,FALSE,FALSE,FALSE
https://www.findmyisland.com/?island=osm-way-252380368,https://www.findmyisland.com/islands/scotland/orsay/,301,FALSE,FALSE,FALSE,FALSE
https://www.findmyisland.com/profiles/osm-way-3404613.html,https://www.findmyisland.com/islands/crown-dependencies/ortac/,301,FALSE,FALSE,FALSE,FALSE
https://www.findmyisland.com/?island=osm-way-3404613,https://www.findmyisland.com/islands/crown-dependencies/ortac/,301,FALSE,FALSE,FALSE,FALSE
https://www.findmyisland.com/profiles/osm-way-109926387.html,https://www.findmyisland.com/islands/england/osea-island/,301,FALSE,FALSE,FALSE,FALSE
https://www.findmyisland.com/?island=osm-way-109926387,https://www.findmyisland.com/islands/england/osea-island/,301,FALSE,FALSE,FALSE,FALSE
https://www.findmyisland.com/profiles/osm-way-176200189.html,https://www.findmyisland.com/islands/england/osney-island/,301,FALSE,FALSE,FALSE,FALSE
https://www.findmyisland.com/?island=osm-way-176200189,https://www.findmyisland.com/islands/england/osney-island/,301,FALSE,FALSE,FALSE,FALSE
https://www.findmyisland.com/profiles/out-skerries-housay-bruray.html,https://www.findmyisland.com/islands/scotland/out-skerries-housay-bruray/,301,FALSE,FALSE,FALSE,FALSE
https://www.findmyisland.com/?island=out-skerries-housay-bruray,https://www.findmyisland.com/islands/scotland/out-skerries-housay-bruray/,301,FALSE,FALSE,FALSE,FALSE
https://www.findmyisland.com/profiles/osm-way-1190004099.html,https://www.findmyisland.com/islands/scotland/out-stack/,301,FALSE,FALSE,FALSE,FALSE
https://www.findmyisland.com/?island=osm-way-1190004099,https://www.findmyisland.com/islands/scotland/out-stack/,301,FALSE,FALSE,FALSE,FALSE
https://www.findmyisland.com/profiles/osm-way-381672748.html,https://www.findmyisland.com/islands/scotland/outer-holm-of-skaw/,301,FALSE,FALSE,FALSE,FALSE
https://www.findmyisland.com/?island=osm-way-381672748,https://www.findmyisland.com/islands/scotland/outer-holm-of-skaw/,301,FALSE,FALSE,FALSE,FALSE
https://www.findmyisland.com/profiles/osm-way-2960232.html,https://www.findmyisland.com/islands/england/outer-trial-bank/,301,FALSE,FALSE,FALSE,FALSE
https://www.findmyisland.com/?island=osm-way-2960232,https://www.findmyisland.com/islands/england/outer-trial-bank/,301,FALSE,FALSE,FALSE,FALSE
https://www.findmyisland.com/profiles/osm-node-1912873441.html,https://www.findmyisland.com/islands/ireland/owey-island/,301,FALSE,FALSE,FALSE,FALSE
https://www.findmyisland.com/?island=osm-node-1912873441,https://www.findmyisland.com/islands/ireland/owey-island/,301,FALSE,FALSE,FALSE,FALSE
https://www.findmyisland.com/profiles/thames-oxford.html,https://www.findmyisland.com/islands/england/thames-oxford/,301,FALSE,FALSE,FALSE,FALSE
https://www.findmyisland.com/?island=thames-oxford,https://www.findmyisland.com/islands/england/thames-oxford/,301,FALSE,FALSE,FALSE,FALSE
https://www.findmyisland.com/profiles/osm-way-41105626.html,https://www.findmyisland.com/islands/scotland/oxna/,301,FALSE,FALSE,FALSE,FALSE
https://www.findmyisland.com/?island=osm-way-41105626,https://www.findmyisland.com/islands/scotland/oxna/,301,FALSE,FALSE,FALSE,FALSE
https://www.findmyisland.com/profiles/osm-way-1169081623.html,https://www.findmyisland.com/islands/scotland/pabay/,301,FALSE,FALSE,FALSE,FALSE
https://www.findmyisland.com/?island=osm-way-1169081623,https://www.findmyisland.com/islands/scotland/pabay/,301,FALSE,FALSE,FALSE,FALSE
https://www.findmyisland.com/profiles/osm-way-48490225.html,https://www.findmyisland.com/islands/scotland/pabay-mor/,301,FALSE,FALSE,FALSE,FALSE
https://www.findmyisland.com/?island=osm-way-48490225,https://www.findmyisland.com/islands/scotland/pabay-mor/,301,FALSE,FALSE,FALSE,FALSE
https://www.findmyisland.com/profiles/osm-way-4011753.html,https://www.findmyisland.com/islands/scotland/pabbay/,301,FALSE,FALSE,FALSE,FALSE
https://www.findmyisland.com/?island=osm-way-4011753,https://www.findmyisland.com/islands/scotland/pabbay/,301,FALSE,FALSE,FALSE,FALSE
https://www.findmyisland.com/profiles/osm-way-4596121.html,https://www.findmyisland.com/islands/scotland/pabbay-osm-way-4596121/,301,FALSE,FALSE,FALSE,FALSE
https://www.findmyisland.com/?island=osm-way-4596121,https://www.findmyisland.com/islands/scotland/pabbay-osm-way-4596121/,301,FALSE,FALSE,FALSE,FALSE
https://www.findmyisland.com/profiles/osm-way-41105625.html,https://www.findmyisland.com/islands/scotland/papa/,301,FALSE,FALSE,FALSE,FALSE
https://www.findmyisland.com/?island=osm-way-41105625,https://www.findmyisland.com/islands/scotland/papa/,301,FALSE,FALSE,FALSE,FALSE
https://www.findmyisland.com/profiles/osm-way-262106470.html,https://www.findmyisland.com/islands/scotland/papa-little/,301,FALSE,FALSE,FALSE,FALSE
https://www.findmyisland.com/?island=osm-way-262106470,https://www.findmyisland.com/islands/scotland/papa-little/,301,FALSE,FALSE,FALSE,FALSE
https://www.findmyisland.com/profiles/osm-way-173383816.html,https://www.findmyisland.com/islands/scotland/papa-stour/,301,FALSE,FALSE,FALSE,FALSE
https://www.findmyisland.com/?island=osm-way-173383816,https://www.findmyisland.com/islands/scotland/papa-stour/,301,FALSE,FALSE,FALSE,FALSE
https://www.findmyisland.com/profiles/osm-way-4569291.html,https://www.findmyisland.com/islands/scotland/papa-stronsay/,301,FALSE,FALSE,FALSE,FALSE
https://www.findmyisland.com/?island=osm-way-4569291,https://www.findmyisland.com/islands/scotland/papa-stronsay/,301,FALSE,FALSE,FALSE,FALSE
https://www.findmyisland.com/profiles/osm-way-4569530.html,https://www.findmyisland.com/islands/scotland/papa-westray/,301,FALSE,FALSE,FALSE,FALSE
https://www.findmyisland.com/?island=osm-way-4569530,https://www.findmyisland.com/islands/scotland/papa-westray/,301,FALSE,FALSE,FALSE,FALSE
https://www.findmyisland.com/profiles/osm-way-48097346.html,https://www.findmyisland.com/islands/england/pats-croft-eyot/,301,FALSE,FALSE,FALSE,FALSE
https://www.findmyisland.com/?island=osm-way-48097346,https://www.findmyisland.com/islands/england/pats-croft-eyot/,301,FALSE,FALSE,FALSE,FALSE
https://www.findmyisland.com/profiles/osm-way-237981777.html,https://www.findmyisland.com/islands/england/pednbrose/,301,FALSE,FALSE,FALSE,FALSE
https://www.findmyisland.com/?island=osm-way-237981777,https://www.findmyisland.com/islands/england/pednbrose/,301,FALSE,FALSE,FALSE,FALSE
https://www.findmyisland.com/profiles/osm-way-61603377.html,https://www.findmyisland.com/islands/england/peel-island/,301,FALSE,FALSE,FALSE,FALSE
https://www.findmyisland.com/?island=osm-way-61603377,https://www.findmyisland.com/islands/england/peel-island/,301,FALSE,FALSE,FALSE,FALSE
https://www.findmyisland.com/profiles/wd-Q7160438.html,https://www.findmyisland.com/islands/scotland/peerie-bard/,301,FALSE,FALSE,FALSE,FALSE
https://www.findmyisland.com/?island=wd-Q7160438,https://www.findmyisland.com/islands/scotland/peerie-bard/,301,FALSE,FALSE,FALSE,FALSE
https://www.findmyisland.com/profiles/pentland-skerries-muckle-skerry-little-skerry-louther-skerry-clettack-skerry.html,https://www.findmyisland.com/islands/scotland/pentland-skerries-muckle-skerry-little-skerry-louther-skerry-clettack-skerry/,301,FALSE,FALSE,FALSE,FALSE
https://www.findmyisland.com/?island=pentland-skerries-muckle-skerry-little-skerry-louther-skerry-clettack-skerry,https://www.findmyisland.com/islands/scotland/pentland-skerries-muckle-skerry-little-skerry-louther-skerry-clettack-skerry/,301,FALSE,FALSE,FALSE,FALSE
https://www.findmyisland.com/profiles/osm-way-148455446.html,https://www.findmyisland.com/islands/england/penton-hook-island/,301,FALSE,FALSE,FALSE,FALSE
https://www.findmyisland.com/?island=osm-way-148455446,https://www.findmyisland.com/islands/england/penton-hook-island/,301,FALSE,FALSE,FALSE,FALSE
https://www.findmyisland.com/profiles/osm-way-761788967.html,https://www.findmyisland.com/islands/england/pergins-island/,301,FALSE,FALSE,FALSE,FALSE
https://www.findmyisland.com/?island=osm-way-761788967,https://www.findmyisland.com/islands/england/pergins-island/,301,FALSE,FALSE,FALSE,FALSE
https://www.findmyisland.com/profiles/wd-Q7169831.html,https://www.findmyisland.com/islands/england/perry-ledge/,301,FALSE,FALSE,FALSE,FALSE
https://www.findmyisland.com/?island=wd-Q7169831,https://www.findmyisland.com/islands/england/perry-ledge/,301,FALSE,FALSE,FALSE,FALSE
https://www.findmyisland.com/profiles/osm-node-1251057856.html,https://www.findmyisland.com/islands/england/pewet-island/,301,FALSE,FALSE,FALSE,FALSE
https://www.findmyisland.com/?island=osm-node-1251057856,https://www.findmyisland.com/islands/england/pewet-island/,301,FALSE,FALSE,FALSE,FALSE
https://www.findmyisland.com/profiles/osm-way-2942810.html,https://www.findmyisland.com/islands/england/pewit-island-osm-way-2942810/,301,FALSE,FALSE,FALSE,FALSE
https://www.findmyisland.com/?island=osm-way-2942810,https://www.findmyisland.com/islands/england/pewit-island-osm-way-2942810/,301,FALSE,FALSE,FALSE,FALSE
https://www.findmyisland.com/profiles/osm-relation-953228.html,https://www.findmyisland.com/islands/england/pewit-island/,301,FALSE,FALSE,FALSE,FALSE
https://www.findmyisland.com/?island=osm-relation-953228,https://www.findmyisland.com/islands/england/pewit-island/,301,FALSE,FALSE,FALSE,FALSE
https://www.findmyisland.com/profiles/osm-way-148442098.html,https://www.findmyisland.com/islands/england/pharaohs-island/,301,FALSE,FALSE,FALSE,FALSE
https://www.findmyisland.com/?island=osm-way-148442098,https://www.findmyisland.com/islands/england/pharaohs-island/,301,FALSE,FALSE,FALSE,FALSE
https://www.findmyisland.com/profiles/osm-way-55539108.html,https://www.findmyisland.com/islands/england/phillimores-island/,301,FALSE,FALSE,FALSE,FALSE
https://www.findmyisland.com/?island=osm-way-55539108,https://www.findmyisland.com/islands/england/phillimores-island/,301,FALSE,FALSE,FALSE,FALSE
https://www.findmyisland.com/profiles/osm-way-3099422.html,https://www.findmyisland.com/islands/england/piel-island/,301,FALSE,FALSE,FALSE,FALSE
https://www.findmyisland.com/?island=osm-way-3099422,https://www.findmyisland.com/islands/england/piel-island/,301,FALSE,FALSE,FALSE,FALSE
https://www.findmyisland.com/profiles/osm-way-48099640.html,https://www.findmyisland.com/islands/england/pigeonhill-eyot/,301,FALSE,FALSE,FALSE,FALSE
https://www.findmyisland.com/?island=osm-way-48099640,https://www.findmyisland.com/islands/england/pigeonhill-eyot/,301,FALSE,FALSE,FALSE,FALSE
https://www.findmyisland.com/profiles/osm-relation-6048024.html,https://www.findmyisland.com/islands/england/pilsey-island/,301,FALSE,FALSE,FALSE,FALSE
https://www.findmyisland.com/?island=osm-relation-6048024,https://www.findmyisland.com/islands/england/pilsey-island/,301,FALSE,FALSE,FALSE,FALSE
https://www.findmyisland.com/profiles/osm-way-188988497.html,https://www.findmyisland.com/islands/ireland/pine-island/,301,FALSE,FALSE,FALSE,FALSE
https://www.findmyisland.com/?island=osm-way-188988497,https://www.findmyisland.com/islands/ireland/pine-island/,301,FALSE,FALSE,FALSE,FALSE
https://www.findmyisland.com/profiles/osm-way-32723135.html,https://www.findmyisland.com/islands/england/pipers-island/,301,FALSE,FALSE,FALSE,FALSE
https://www.findmyisland.com/?island=osm-way-32723135,https://www.findmyisland.com/islands/england/pipers-island/,301,FALSE,FALSE,FALSE,FALSE
https://www.findmyisland.com/profiles/osm-way-376497843.html,https://www.findmyisland.com/islands/scotland/pladda/,301,FALSE,FALSE,FALSE,FALSE
https://www.findmyisland.com/?island=osm-way-376497843,https://www.findmyisland.com/islands/scotland/pladda/,301,FALSE,FALSE,FALSE,FALSE
https://www.findmyisland.com/profiles/osm-way-157812280.html,https://www.findmyisland.com/islands/england/platts-eyot/,301,FALSE,FALSE,FALSE,FALSE
https://www.findmyisland.com/?island=osm-way-157812280,https://www.findmyisland.com/islands/england/platts-eyot/,301,FALSE,FALSE,FALSE,FALSE
https://www.findmyisland.com/profiles/osm-way-59991673.html,https://www.findmyisland.com/islands/england/poplar-eyot/,301,FALSE,FALSE,FALSE,FALSE
https://www.findmyisland.com/?island=osm-way-59991673,https://www.findmyisland.com/islands/england/poplar-eyot/,301,FALSE,FALSE,FALSE,FALSE
https://www.findmyisland.com/profiles/osm-way-55536598.html,https://www.findmyisland.com/islands/england/poplar-island/,301,FALSE,FALSE,FALSE,FALSE
https://www.findmyisland.com/?island=osm-way-55536598,https://www.findmyisland.com/islands/england/poplar-island/,301,FALSE,FALSE,FALSE,FALSE
https://www.findmyisland.com/profiles/wd-Q25197396.html,https://www.findmyisland.com/islands/england/porth-island/,301,FALSE,FALSE,FALSE,FALSE
https://www.findmyisland.com/?island=wd-Q25197396,https://www.findmyisland.com/islands/england/porth-island/,301,FALSE,FALSE,FALSE,FALSE
https://www.findmyisland.com/profiles/osm-relation-3969458.html,https://www.findmyisland.com/islands/england/portsea-island/,301,FALSE,FALSE,FALSE,FALSE
https://www.findmyisland.com/?island=osm-relation-3969458,https://www.findmyisland.com/islands/england/portsea-island/,301,FALSE,FALSE,FALSE,FALSE
https://www.findmyisland.com/profiles/osm-way-4002037.html,https://www.findmyisland.com/islands/england/potton-island/,301,FALSE,FALSE,FALSE,FALSE
https://www.findmyisland.com/?island=osm-way-4002037,https://www.findmyisland.com/islands/england/potton-island/,301,FALSE,FALSE,FALSE,FALSE
https://www.findmyisland.com/profiles/wd-Q7241916.html,https://www.findmyisland.com/islands/scotland/preston-island/,301,FALSE,FALSE,FALSE,FALSE
https://www.findmyisland.com/?island=wd-Q7241916,https://www.findmyisland.com/islands/scotland/preston-island/,301,FALSE,FALSE,FALSE,FALSE
https://www.findmyisland.com/profiles/osm-way-59314607.html,https://www.findmyisland.com/islands/scotland/priest-island/,301,FALSE,FALSE,FALSE,FALSE
https://www.findmyisland.com/?island=osm-way-59314607,https://www.findmyisland.com/islands/scotland/priest-island/,301,FALSE,FALSE,FALSE,FALSE
https://www.findmyisland.com/profiles/wd-Q13706.html,https://www.findmyisland.com/islands/england/principality-of-sealand/,301,FALSE,FALSE,FALSE,FALSE
https://www.findmyisland.com/?island=wd-Q13706,https://www.findmyisland.com/islands/england/principality-of-sealand/,301,FALSE,FALSE,FALSE,FALSE
https://www.findmyisland.com/profiles/osm-way-1213396832.html,https://www.findmyisland.com/islands/wales/puffin-island/,301,FALSE,FALSE,FALSE,FALSE
https://www.findmyisland.com/?island=osm-way-1213396832,https://www.findmyisland.com/islands/wales/puffin-island/,301,FALSE,FALSE,FALSE,FALSE
https://www.findmyisland.com/profiles/osm-way-4564233.html,https://www.findmyisland.com/islands/ireland/puffin-island/,301,FALSE,FALSE,FALSE,FALSE
https://www.findmyisland.com/?island=osm-way-4564233,https://www.findmyisland.com/islands/ireland/puffin-island/,301,FALSE,FALSE,FALSE,FALSE
https://www.findmyisland.com/profiles/pulpit-rock.html,https://www.findmyisland.com/islands/england/pulpit-rock/,301,FALSE,FALSE,FALSE,FALSE
https://www.findmyisland.com/?island=pulpit-rock,https://www.findmyisland.com/islands/england/pulpit-rock/,301,FALSE,FALSE,FALSE,FALSE
https://www.findmyisland.com/profiles/osm-way-23679557.html,https://www.findmyisland.com/islands/england/queens-eyot/,301,FALSE,FALSE,FALSE,FALSE
https://www.findmyisland.com/?island=osm-way-23679557,https://www.findmyisland.com/islands/england/queens-eyot/,301,FALSE,FALSE,FALSE,FALSE
https://www.findmyisland.com/profiles/osm-relation-1663893.html,https://www.findmyisland.com/islands/scotland/raasay/,301,FALSE,FALSE,FALSE,FALSE
https://www.findmyisland.com/?island=osm-relation-1663893,https://www.findmyisland.com/islands/scotland/raasay/,301,FALSE,FALSE,FALSE,FALSE
https://www.findmyisland.com/profiles/osm-way-553312680.html,https://www.findmyisland.com/islands/ireland/rabbit-islands/,301,FALSE,FALSE,FALSE,FALSE
https://www.findmyisland.com/?island=osm-way-553312680,https://www.findmyisland.com/islands/ireland/rabbit-islands/,301,FALSE,FALSE,FALSE,FALSE
https://www.findmyisland.com/profiles/osm-way-51363434.html,https://www.findmyisland.com/islands/scotland/rainis-eilean-mor/,301,FALSE,FALSE,FALSE,FALSE
https://www.findmyisland.com/?island=osm-way-51363434,https://www.findmyisland.com/islands/scotland/rainis-eilean-mor/,301,FALSE,FALSE,FALSE,FALSE
https://www.findmyisland.com/profiles/osm-way-71932577.html,https://www.findmyisland.com/islands/northern-ireland/rams-island/,301,FALSE,FALSE,FALSE,FALSE
https://www.findmyisland.com/?island=osm-way-71932577,https://www.findmyisland.com/islands/northern-ireland/rams-island/,301,FALSE,FALSE,FALSE,FALSE
https://www.findmyisland.com/profiles/osm-relation-3012320.html,https://www.findmyisland.com/islands/wales/ramsey-island/,301,FALSE,FALSE,FALSE,FALSE
https://www.findmyisland.com/?island=osm-relation-3012320,https://www.findmyisland.com/islands/wales/ramsey-island/,301,FALSE,FALSE,FALSE,FALSE
https://www.findmyisland.com/profiles/rathlin.html,https://www.findmyisland.com/islands/northern-ireland/rathlin/,301,FALSE,FALSE,FALSE,FALSE
https://www.findmyisland.com/?island=rathlin,https://www.findmyisland.com/islands/northern-ireland/rathlin/,301,FALSE,FALSE,FALSE,FALSE
https://www.findmyisland.com/profiles/osm-relation-17135731.html,https://www.findmyisland.com/islands/ireland/rathlin-obirne-island/,301,FALSE,FALSE,FALSE,FALSE
https://www.findmyisland.com/?island=osm-relation-17135731,https://www.findmyisland.com/islands/ireland/rathlin-obirne-island/,301,FALSE,FALSE,FALSE,FALSE
https://www.findmyisland.com/profiles/osm-way-48274365.html,https://www.findmyisland.com/islands/england/ravens-ait/,301,FALSE,FALSE,FALSE,FALSE
https://www.findmyisland.com/?island=osm-way-48274365,https://www.findmyisland.com/islands/england/ravens-ait/,301,FALSE,FALSE,FALSE,FALSE
https://www.findmyisland.com/profiles/osm-way-48101001.html,https://www.findmyisland.com/islands/england/ray-mill-island-osm-way-48101001/,301,FALSE,FALSE,FALSE,FALSE
https://www.findmyisland.com/?island=osm-way-48101001,https://www.findmyisland.com/islands/england/ray-mill-island-osm-way-48101001/,301,FALSE,FALSE,FALSE,FALSE
https://www.findmyisland.com/profiles/osm-way-3404631.html,https://www.findmyisland.com/islands/crown-dependencies/raz-island/,301,FALSE,FALSE,FALSE,FALSE
https://www.findmyisland.com/?island=osm-way-3404631,https://www.findmyisland.com/islands/crown-dependencies/raz-island/,301,FALSE,FALSE,FALSE,FALSE
https://www.findmyisland.com/profiles/osm-way-360036778.html,https://www.findmyisland.com/islands/england/reads-island/,301,FALSE,FALSE,FALSE,FALSE
https://www.findmyisland.com/?island=osm-way-360036778,https://www.findmyisland.com/islands/england/reads-island/,301,FALSE,FALSE,FALSE,FALSE
https://www.findmyisland.com/profiles/thames-reading-berkshire.html,https://www.findmyisland.com/islands/england/thames-reading-berkshire/,301,FALSE,FALSE,FALSE,FALSE
https://www.findmyisland.com/?island=thames-reading-berkshire,https://www.findmyisland.com/islands/england/thames-reading-berkshire/,301,FALSE,FALSE,FALSE,FALSE
https://www.findmyisland.com/profiles/wd-Q24639224.html,https://www.findmyisland.com/islands/scotland/red-holm/,301,FALSE,FALSE,FALSE,FALSE
https://www.findmyisland.com/?island=wd-Q24639224,https://www.findmyisland.com/islands/scotland/red-holm/,301,FALSE,FALSE,FALSE,FALSE
https://www.findmyisland.com/profiles/osm-way-3404554.html,https://www.findmyisland.com/islands/crown-dependencies/renonquet/,301,FALSE,FALSE,FALSE,FALSE
https://www.findmyisland.com/?island=osm-way-3404554,https://www.findmyisland.com/islands/crown-dependencies/renonquet/,301,FALSE,FALSE,FALSE,FALSE
https://www.findmyisland.com/profiles/osm-relation-12005439.html,https://www.findmyisland.com/islands/england/retarrier-ledges/,301,FALSE,FALSE,FALSE,FALSE
https://www.findmyisland.com/?island=osm-relation-12005439,https://www.findmyisland.com/islands/england/retarrier-ledges/,301,FALSE,FALSE,FALSE,FALSE
https://www.findmyisland.com/profiles/thames-richmond-london.html,https://www.findmyisland.com/islands/england/thames-richmond-london/,301,FALSE,FALSE,FALSE,FALSE
https://www.findmyisland.com/?island=thames-richmond-london,https://www.findmyisland.com/islands/england/thames-richmond-london/,301,FALSE,FALSE,FALSE,FALSE
https://www.findmyisland.com/profiles/osm-relation-8609283.html,https://www.findmyisland.com/islands/ireland/ringarogy-island/,301,FALSE,FALSE,FALSE,FALSE
https://www.findmyisland.com/?island=osm-relation-8609283,https://www.findmyisland.com/islands/ireland/ringarogy-island/,301,FALSE,FALSE,FALSE,FALSE
https://www.findmyisland.com/profiles/osm-way-4009304.html,https://www.findmyisland.com/islands/scotland/risga/,301,FALSE,FALSE,FALSE,FALSE
https://www.findmyisland.com/?island=osm-way-4009304,https://www.findmyisland.com/islands/scotland/risga/,301,FALSE,FALSE,FALSE,FALSE
https://www.findmyisland.com/profiles/osm-way-49901775.html,https://www.findmyisland.com/islands/england/rivermead-island/,301,FALSE,FALSE,FALSE,FALSE
https://www.findmyisland.com/?island=osm-way-49901775,https://www.findmyisland.com/islands/england/rivermead-island/,301,FALSE,FALSE,FALSE,FALSE
https://www.findmyisland.com/profiles/wd-Q126963.html,https://www.findmyisland.com/islands/england/roa-island/,301,FALSE,FALSE,FALSE,FALSE
https://www.findmyisland.com/?island=wd-Q126963,https://www.findmyisland.com/islands/england/roa-island/,301,FALSE,FALSE,FALSE,FALSE
https://www.findmyisland.com/profiles/osm-way-700743387.html,https://www.findmyisland.com/islands/ireland/roancarrigmore/,301,FALSE,FALSE,FALSE,FALSE
https://www.findmyisland.com/?island=osm-way-700743387,https://www.findmyisland.com/islands/ireland/roancarrigmore/,301,FALSE,FALSE,FALSE,FALSE
https://www.findmyisland.com/profiles/rockall.html,https://www.findmyisland.com/islands/scotland/rockall/,301,FALSE,FALSE,FALSE,FALSE
https://www.findmyisland.com/?island=rockall,https://www.findmyisland.com/islands/scotland/rockall/,301,FALSE,FALSE,FALSE,FALSE
https://www.findmyisland.com/profiles/osm-way-4555539.html,https://www.findmyisland.com/islands/ireland/rocky-island-osm-way-4555539/,301,FALSE,FALSE,FALSE,FALSE
https://www.findmyisland.com/?island=osm-way-4555539,https://www.findmyisland.com/islands/ireland/rocky-island-osm-way-4555539/,301,FALSE,FALSE,FALSE,FALSE
https://www.findmyisland.com/profiles/osm-relation-14117958.html,https://www.findmyisland.com/islands/england/romney-island/,301,FALSE,FALSE,FALSE,FALSE
https://www.findmyisland.com/?island=osm-relation-14117958,https://www.findmyisland.com/islands/england/romney-island/,301,FALSE,FALSE,FALSE,FALSE
https://www.findmyisland.com/profiles/osm-relation-1298897.html,https://www.findmyisland.com/islands/scotland/rona/,301,FALSE,FALSE,FALSE,FALSE
https://www.findmyisland.com/?island=osm-relation-1298897,https://www.findmyisland.com/islands/scotland/rona/,301,FALSE,FALSE,FALSE,FALSE
https://www.findmyisland.com/profiles/csv-geocoded-Q17829062.html,https://www.findmyisland.com/islands/scotland/rona-lighthouse/,301,FALSE,FALSE,FALSE,FALSE
https://www.findmyisland.com/?island=csv-geocoded-Q17829062,https://www.findmyisland.com/islands/scotland/rona-lighthouse/,301,FALSE,FALSE,FALSE,FALSE
https://www.findmyisland.com/profiles/osm-relation-15589231.html,https://www.findmyisland.com/islands/scotland/ronay/,301,FALSE,FALSE,FALSE,FALSE
https://www.findmyisland.com/?island=osm-relation-15589231,https://www.findmyisland.com/islands/scotland/ronay/,301,FALSE,FALSE,FALSE,FALSE
https://www.findmyisland.com/profiles/osm-way-32824409.html,https://www.findmyisland.com/islands/england/rose-isle-osm-way-32824409/,301,FALSE,FALSE,FALSE,FALSE
https://www.findmyisland.com/?island=osm-way-32824409,https://www.findmyisland.com/islands/england/rose-isle-osm-way-32824409/,301,FALSE,FALSE,FALSE,FALSE
https://www.findmyisland.com/profiles/osm-way-236692741.html,https://www.findmyisland.com/islands/england/rosevean/,301,FALSE,FALSE,FALSE,FALSE
https://www.findmyisland.com/?island=osm-way-236692741,https://www.findmyisland.com/islands/england/rosevean/,301,FALSE,FALSE,FALSE,FALSE
https://www.findmyisland.com/profiles/osm-way-236692745.html,https://www.findmyisland.com/islands/england/rosevear/,301,FALSE,FALSE,FALSE,FALSE
https://www.findmyisland.com/?island=osm-way-236692745,https://www.findmyisland.com/islands/england/rosevear/,301,FALSE,FALSE,FALSE,FALSE
https://www.findmyisland.com/profiles/wd-Q7369427.html,https://www.findmyisland.com/islands/scotland/ross-isles/,301,FALSE,FALSE,FALSE,FALSE
https://www.findmyisland.com/?island=wd-Q7369427,https://www.findmyisland.com/islands/scotland/ross-isles/,301,FALSE,FALSE,FALSE,FALSE
https://www.findmyisland.com/profiles/osm-way-218914985.html,https://www.findmyisland.com/islands/ireland/rossmore-island/,301,FALSE,FALSE,FALSE,FALSE
https://www.findmyisland.com/?island=osm-way-218914985,https://www.findmyisland.com/islands/ireland/rossmore-island/,301,FALSE,FALSE,FALSE,FALSE
https://www.findmyisland.com/profiles/osm-way-316316528.html,https://www.findmyisland.com/islands/ireland/rotten-island/,301,FALSE,FALSE,FALSE,FALSE
https://www.findmyisland.com/?island=osm-way-316316528,https://www.findmyisland.com/islands/ireland/rotten-island/,301,FALSE,FALSE,FALSE,FALSE
https://www.findmyisland.com/profiles/osm-way-3098796.html,https://www.findmyisland.com/islands/scotland/rough-island/,301,FALSE,FALSE,FALSE,FALSE
https://www.findmyisland.com/?island=osm-way-3098796,https://www.findmyisland.com/islands/scotland/rough-island/,301,FALSE,FALSE,FALSE,FALSE
https://www.findmyisland.com/profiles/osm-way-122219440.html,https://www.findmyisland.com/islands/england/round-island-osm-way-122219440/,301,FALSE,FALSE,FALSE,FALSE
https://www.findmyisland.com/?island=osm-way-122219440,https://www.findmyisland.com/islands/england/round-island-osm-way-122219440/,301,FALSE,FALSE,FALSE,FALSE
https://www.findmyisland.com/profiles/osm-relation-3205853.html,https://www.findmyisland.com/islands/england/round-island/,301,FALSE,FALSE,FALSE,FALSE
https://www.findmyisland.com/?island=osm-relation-3205853,https://www.findmyisland.com/islands/england/round-island/,301,FALSE,FALSE,FALSE,FALSE
https://www.findmyisland.com/profiles/osm-relation-13008771.html,https://www.findmyisland.com/islands/scotland/rousay/,301,FALSE,FALSE,FALSE,FALSE
https://www.findmyisland.com/?island=osm-relation-13008771,https://www.findmyisland.com/islands/scotland/rousay/,301,FALSE,FALSE,FALSE,FALSE
https://www.findmyisland.com/profiles/wd-Q24639260.html,https://www.findmyisland.com/islands/england/royal-sovereign-shoals/,301,FALSE,FALSE,FALSE,FALSE
https://www.findmyisland.com/?island=wd-Q24639260,https://www.findmyisland.com/islands/england/royal-sovereign-shoals/,301,FALSE,FALSE,FALSE,FALSE
https://www.findmyisland.com/profiles/osm-way-490116627.html,https://www.findmyisland.com/islands/scotland/rumble/,301,FALSE,FALSE,FALSE,FALSE
https://www.findmyisland.com/?island=osm-way-490116627,https://www.findmyisland.com/islands/scotland/rumble/,301,FALSE,FALSE,FALSE,FALSE
https://www.findmyisland.com/profiles/osm-way-249509105.html,https://www.findmyisland.com/islands/ireland/rusheen-island/,301,FALSE,FALSE,FALSE,FALSE
https://www.findmyisland.com/?island=osm-way-249509105,https://www.findmyisland.com/islands/ireland/rusheen-island/,301,FALSE,FALSE,FALSE,FALSE
https://www.findmyisland.com/profiles/osm-way-68247569.html,https://www.findmyisland.com/islands/england/rushley-island/,301,FALSE,FALSE,FALSE,FALSE
https://www.findmyisland.com/?island=osm-way-68247569,https://www.findmyisland.com/islands/england/rushley-island/,301,FALSE,FALSE,FALSE,FALSE
https://www.findmyisland.com/profiles/osm-way-4569336.html,https://www.findmyisland.com/islands/scotland/rusk-holm/,301,FALSE,FALSE,FALSE,FALSE
https://www.findmyisland.com/?island=osm-way-4569336,https://www.findmyisland.com/islands/scotland/rusk-holm/,301,FALSE,FALSE,FALSE,FALSE
https://www.findmyisland.com/profiles/osm-way-4558596.html,https://www.findmyisland.com/islands/ireland/rutland-island/,301,FALSE,FALSE,FALSE,FALSE
https://www.findmyisland.com/?island=osm-way-4558596,https://www.findmyisland.com/islands/ireland/rutland-island/,301,FALSE,FALSE,FALSE,FALSE
https://www.findmyisland.com/profiles/osm-way-4569384.html,https://www.findmyisland.com/islands/scotland/rysa-little/,301,FALSE,FALSE,FALSE,FALSE
https://www.findmyisland.com/?island=osm-way-4569384,https://www.findmyisland.com/islands/scotland/rysa-little/,301,FALSE,FALSE,FALSE,FALSE
https://www.findmyisland.com/profiles/osm-way-353629807.html,https://www.findmyisland.com/islands/ireland/ron-carraig/,301,FALSE,FALSE,FALSE,FALSE
https://www.findmyisland.com/?island=osm-way-353629807,https://www.findmyisland.com/islands/ireland/ron-carraig/,301,FALSE,FALSE,FALSE,FALSE
https://www.findmyisland.com/profiles/osm-way-1001516972.html,https://www.findmyisland.com/islands/ireland/ronseach/,301,FALSE,FALSE,FALSE,FALSE
https://www.findmyisland.com/?island=osm-way-1001516972,https://www.findmyisland.com/islands/ireland/ronseach/,301,FALSE,FALSE,FALSE,FALSE
https://www.findmyisland.com/profiles/osm-way-1493746498.html,https://www.findmyisland.com/islands/wales/saint-margarets-island/,301,FALSE,FALSE,FALSE,FALSE
https://www.findmyisland.com/?island=osm-way-1493746498,https://www.findmyisland.com/islands/wales/saint-margarets-island/,301,FALSE,FALSE,FALSE,FALSE
https://www.findmyisland.com/profiles/osm-way-144839774.html,https://www.findmyisland.com/islands/crown-dependencies/saint-michaels-isle/,301,FALSE,FALSE,FALSE,FALSE
https://www.findmyisland.com/?island=osm-way-144839774,https://www.findmyisland.com/islands/crown-dependencies/saint-michaels-isle/,301,FALSE,FALSE,FALSE,FALSE
https://www.findmyisland.com/profiles/osm-way-147209474.html,https://www.findmyisland.com/islands/england/saint-michaels-mount/,301,FALSE,FALSE,FALSE,FALSE
https://www.findmyisland.com/?island=osm-way-147209474,https://www.findmyisland.com/islands/england/saint-michaels-mount/,301,FALSE,FALSE,FALSE,FALSE
https://www.findmyisland.com/profiles/osm-way-917227026.html,https://www.findmyisland.com/islands/ireland/saint-patricks-island/,301,FALSE,FALSE,FALSE,FALSE
https://www.findmyisland.com/?island=osm-way-917227026,https://www.findmyisland.com/islands/ireland/saint-patricks-island/,301,FALSE,FALSE,FALSE,FALSE
https://www.findmyisland.com/profiles/osm-node-811511630.html,https://www.findmyisland.com/islands/crown-dependencies/saint-patricks-isle/,301,FALSE,FALSE,FALSE,FALSE
https://www.findmyisland.com/?island=osm-node-811511630,https://www.findmyisland.com/islands/crown-dependencies/saint-patricks-isle/,301,FALSE,FALSE,FALSE,FALSE
https://www.findmyisland.com/profiles/osm-way-93349036.html,https://www.findmyisland.com/islands/wales/salt-island/,301,FALSE,FALSE,FALSE,FALSE
https://www.findmyisland.com/?island=osm-way-93349036,https://www.findmyisland.com/islands/wales/salt-island/,301,FALSE,FALSE,FALSE,FALSE
https://www.findmyisland.com/profiles/osm-way-4009657.html,https://www.findmyisland.com/islands/scotland/samalan-island/,301,FALSE,FALSE,FALSE,FALSE
https://www.findmyisland.com/?island=osm-way-4009657,https://www.findmyisland.com/islands/scotland/samalan-island/,301,FALSE,FALSE,FALSE,FALSE
https://www.findmyisland.com/profiles/osm-way-261858654.html,https://www.findmyisland.com/islands/scotland/samphrey/,301,FALSE,FALSE,FALSE,FALSE
https://www.findmyisland.com/?island=osm-way-261858654,https://www.findmyisland.com/islands/scotland/samphrey/,301,FALSE,FALSE,FALSE,FALSE
https://www.findmyisland.com/profiles/osm-way-237771676.html,https://www.findmyisland.com/islands/england/samson/,301,FALSE,FALSE,FALSE,FALSE
https://www.findmyisland.com/?island=osm-way-237771676,https://www.findmyisland.com/islands/england/samson/,301,FALSE,FALSE,FALSE,FALSE
https://www.findmyisland.com/profiles/osm-way-376949973.html,https://www.findmyisland.com/islands/northern-ireland/sanda/,301,FALSE,FALSE,FALSE,FALSE
https://www.findmyisland.com/?island=osm-way-376949973,https://www.findmyisland.com/islands/northern-ireland/sanda/,301,FALSE,FALSE,FALSE,FALSE
https://www.findmyisland.com/profiles/osm-relation-3075243.html,https://www.findmyisland.com/islands/scotland/sanday/,301,FALSE,FALSE,FALSE,FALSE
https://www.findmyisland.com/?island=osm-relation-3075243,https://www.findmyisland.com/islands/scotland/sanday/,301,FALSE,FALSE,FALSE,FALSE
https://www.findmyisland.com/profiles/osm-way-4004498.html,https://www.findmyisland.com/islands/scotland/sanday-inner-hebrides/,301,FALSE,FALSE,FALSE,FALSE
https://www.findmyisland.com/?island=osm-way-4004498,https://www.findmyisland.com/islands/scotland/sanday-inner-hebrides/,301,FALSE,FALSE,FALSE,FALSE
https://www.findmyisland.com/profiles/osm-way-711432296.html,https://www.findmyisland.com/islands/scotland/sandray/,301,FALSE,FALSE,FALSE,FALSE
https://www.findmyisland.com/?island=osm-way-711432296,https://www.findmyisland.com/islands/scotland/sandray/,301,FALSE,FALSE,FALSE,FALSE
https://www.findmyisland.com/profiles/osm-way-4555830.html,https://www.findmyisland.com/islands/ireland/sandy-cove-island/,301,FALSE,FALSE,FALSE,FALSE
https://www.findmyisland.com/?island=osm-way-4555830,https://www.findmyisland.com/islands/ireland/sandy-cove-island/,301,FALSE,FALSE,FALSE,FALSE
https://www.findmyisland.com/profiles/osm-way-2956937.html,https://www.findmyisland.com/islands/crown-dependencies/sark/,301,FALSE,FALSE,FALSE,FALSE
https://www.findmyisland.com/?island=osm-way-2956937,https://www.findmyisland.com/islands/crown-dependencies/sark/,301,FALSE,FALSE,FALSE,FALSE
https://www.findmyisland.com/profiles/wd-Q7424321.html,https://www.findmyisland.com/islands/wales/sarn-badrig-wd-q7424321/,301,FALSE,FALSE,FALSE,FALSE
https://www.findmyisland.com/?island=wd-Q7424321,https://www.findmyisland.com/islands/wales/sarn-badrig-wd-q7424321/,301,FALSE,FALSE,FALSE,FALSE
https://www.findmyisland.com/profiles/osm-way-1319182365.html,https://www.findmyisland.com/islands/england/sashes-island/,301,FALSE,FALSE,FALSE,FALSE
https://www.findmyisland.com/?island=osm-way-1319182365,https://www.findmyisland.com/islands/england/sashes-island/,301,FALSE,FALSE,FALSE,FALSE
https://www.findmyisland.com/profiles/osm-relation-931253.html,https://www.findmyisland.com/islands/scotland/scalpay/,301,FALSE,FALSE,FALSE,FALSE
https://www.findmyisland.com/?island=osm-relation-931253,https://www.findmyisland.com/islands/scotland/scalpay/,301,FALSE,FALSE,FALSE,FALSE
https://www.findmyisland.com/profiles/osm-way-1169080225.html,https://www.findmyisland.com/islands/scotland/scalpay-osm-way-1169080225/,301,FALSE,FALSE,FALSE,FALSE
https://www.findmyisland.com/?island=osm-way-1169080225,https://www.findmyisland.com/islands/scotland/scalpay-osm-way-1169080225/,301,FALSE,FALSE,FALSE,FALSE
https://www.findmyisland.com/profiles/osm-way-4010396.html,https://www.findmyisland.com/islands/scotland/scaravay/,301,FALSE,FALSE,FALSE,FALSE
https://www.findmyisland.com/?island=osm-way-4010396,https://www.findmyisland.com/islands/scotland/scaravay/,301,FALSE,FALSE,FALSE,FALSE
https://www.findmyisland.com/profiles/osm-relation-8815440.html,https://www.findmyisland.com/islands/scotland/scarba/,301,FALSE,FALSE,FALSE,FALSE
https://www.findmyisland.com/?island=osm-relation-8815440,https://www.findmyisland.com/islands/scotland/scarba/,301,FALSE,FALSE,FALSE,FALSE
https://www.findmyisland.com/profiles/osm-relation-8311963.html,https://www.findmyisland.com/islands/scotland/scarp/,301,FALSE,FALSE,FALSE,FALSE
https://www.findmyisland.com/?island=osm-relation-8311963,https://www.findmyisland.com/islands/scotland/scarp/,301,FALSE,FALSE,FALSE,FALSE
https://www.findmyisland.com/profiles/osm-way-219575236.html,https://www.findmyisland.com/islands/ireland/scarriff-island/,301,FALSE,FALSE,FALSE,FALSE
https://www.findmyisland.com/?island=osm-way-219575236,https://www.findmyisland.com/islands/ireland/scarriff-island/,301,FALSE,FALSE,FALSE,FALSE
https://www.findmyisland.com/profiles/osm-relation-319479.html,https://www.findmyisland.com/islands/ireland/scattery-island/,301,FALSE,FALSE,FALSE,FALSE
https://www.findmyisland.com/?island=osm-relation-319479,https://www.findmyisland.com/islands/ireland/scattery-island/,301,FALSE,FALSE,FALSE,FALSE
https://www.findmyisland.com/profiles/wd-Q24659022.html,https://www.findmyisland.com/islands/england/scilly-rock-wd-q24659022/,301,FALSE,FALSE,FALSE,FALSE
https://www.findmyisland.com/?island=wd-Q24659022,https://www.findmyisland.com/islands/england/scilly-rock-wd-q24659022/,301,FALSE,FALSE,FALSE,FALSE
https://www.findmyisland.com/profiles/osm-way-975465326.html,https://www.findmyisland.com/islands/ireland/sciollan-rock/,301,FALSE,FALSE,FALSE,FALSE
https://www.findmyisland.com/?island=osm-way-975465326,https://www.findmyisland.com/islands/ireland/sciollan-rock/,301,FALSE,FALSE,FALSE,FALSE
https://www.findmyisland.com/profiles/osm-relation-9795458.html,https://www.findmyisland.com/islands/england/scolt-head-island/,301,FALSE,FALSE,FALSE,FALSE
https://www.findmyisland.com/?island=osm-relation-9795458,https://www.findmyisland.com/islands/england/scolt-head-island/,301,FALSE,FALSE,FALSE,FALSE
https://www.findmyisland.com/profiles/osm-way-59551143.html,https://www.findmyisland.com/islands/scotland/scotasay/,301,FALSE,FALSE,FALSE,FALSE
https://www.findmyisland.com/?island=osm-way-59551143,https://www.findmyisland.com/islands/scotland/scotasay/,301,FALSE,FALSE,FALSE,FALSE
https://www.findmyisland.com/profiles/wd-Q7439265.html,https://www.findmyisland.com/islands/england/scroby-sands/,301,FALSE,FALSE,FALSE,FALSE
https://www.findmyisland.com/?island=wd-Q7439265,https://www.findmyisland.com/islands/england/scroby-sands/,301,FALSE,FALSE,FALSE,FALSE
https://www.findmyisland.com/profiles/osm-way-245364392.html,https://www.findmyisland.com/islands/scotland/seaforth-island/,301,FALSE,FALSE,FALSE,FALSE
https://www.findmyisland.com/?island=osm-way-245364392,https://www.findmyisland.com/islands/scotland/seaforth-island/,301,FALSE,FALSE,FALSE,FALSE
https://www.findmyisland.com/profiles/osm-way-290058068.html,https://www.findmyisland.com/islands/scotland/seanabaily/,301,FALSE,FALSE,FALSE,FALSE
https://www.findmyisland.com/?island=osm-way-290058068,https://www.findmyisland.com/islands/scotland/seanabaily/,301,FALSE,FALSE,FALSE,FALSE
https://www.findmyisland.com/profiles/osm-way-1021766985.html,https://www.findmyisland.com/islands/scotland/seanna-chnoc/,301,FALSE,FALSE,FALSE,FALSE
https://www.findmyisland.com/?island=osm-way-1021766985,https://www.findmyisland.com/islands/scotland/seanna-chnoc/,301,FALSE,FALSE,FALSE,FALSE
https://www.findmyisland.com/profiles/wd-Q7446255.html,https://www.findmyisland.com/islands/england/seghy/,301,FALSE,FALSE,FALSE,FALSE
https://www.findmyisland.com/?island=wd-Q7446255,https://www.findmyisland.com/islands/england/seghy/,301,FALSE,FALSE,FALSE,FALSE
https://www.findmyisland.com/profiles/osm-relation-3833751.html,https://www.findmyisland.com/islands/scotland/seil/,301,FALSE,FALSE,FALSE,FALSE
https://www.findmyisland.com/?island=osm-relation-3833751,https://www.findmyisland.com/islands/scotland/seil/,301,FALSE,FALSE,FALSE,FALSE
https://www.findmyisland.com/profiles/wd-Q1826067.html,https://www.findmyisland.com/islands/england/seven-stones-reef/,301,FALSE,FALSE,FALSE,FALSE
https://www.findmyisland.com/?island=wd-Q1826067,https://www.findmyisland.com/islands/england/seven-stones-reef/,301,FALSE,FALSE,FALSE,FALSE
https://www.findmyisland.com/profiles/wd-Q7458607.html,https://www.findmyisland.com/islands/england/sextons-burrow/,301,FALSE,FALSE,FALSE,FALSE
https://www.findmyisland.com/?island=wd-Q7458607,https://www.findmyisland.com/islands/england/sextons-burrow/,301,FALSE,FALSE,FALSE,FALSE
https://www.findmyisland.com/profiles/osm-way-4003227.html,https://www.findmyisland.com/islands/scotland/sgat-beag/,301,FALSE,FALSE,FALSE,FALSE
https://www.findmyisland.com/?island=osm-way-4003227,https://www.findmyisland.com/islands/scotland/sgat-beag/,301,FALSE,FALSE,FALSE,FALSE
https://www.findmyisland.com/profiles/osm-way-499876708.html,https://www.findmyisland.com/islands/scotland/sgat-mor/,301,FALSE,FALSE,FALSE,FALSE
https://www.findmyisland.com/?island=osm-way-499876708,https://www.findmyisland.com/islands/scotland/sgat-mor/,301,FALSE,FALSE,FALSE,FALSE
https://www.findmyisland.com/profiles/osm-way-59314609.html,https://www.findmyisland.com/islands/scotland/sgeir-nam-feusgan/,301,FALSE,FALSE,FALSE,FALSE
https://www.findmyisland.com/?island=osm-way-59314609,https://www.findmyisland.com/islands/scotland/sgeir-nam-feusgan/,301,FALSE,FALSE,FALSE,FALSE
https://www.findmyisland.com/profiles/osm-node-6899231574.html,https://www.findmyisland.com/islands/scotland/sgeirean-leathan/,301,FALSE,FALSE,FALSE,FALSE
https://www.findmyisland.com/?island=osm-node-6899231574,https://www.findmyisland.com/islands/scotland/sgeirean-leathan/,301,FALSE,FALSE,FALSE,FALSE
https://www.findmyisland.com/profiles/osm-relation-12597289.html,https://www.findmyisland.com/islands/scotland/shapinsay/,301,FALSE,FALSE,FALSE,FALSE
https://www.findmyisland.com/?island=osm-relation-12597289,https://www.findmyisland.com/islands/scotland/shapinsay/,301,FALSE,FALSE,FALSE,FALSE
https://www.findmyisland.com/profiles/osm-way-617148649.html,https://www.findmyisland.com/islands/ireland/sheelas-rock/,301,FALSE,FALSE,FALSE,FALSE
https://www.findmyisland.com/?island=osm-way-617148649,https://www.findmyisland.com/islands/ireland/sheelas-rock/,301,FALSE,FALSE,FALSE,FALSE
https://www.findmyisland.com/profiles/osm-way-376949974.html,https://www.findmyisland.com/islands/northern-ireland/sheep-island/,301,FALSE,FALSE,FALSE,FALSE
https://www.findmyisland.com/?island=osm-way-376949974,https://www.findmyisland.com/islands/northern-ireland/sheep-island/,301,FALSE,FALSE,FALSE,FALSE
https://www.findmyisland.com/profiles/osm-way-3099419.html,https://www.findmyisland.com/islands/england/sheep-island/,301,FALSE,FALSE,FALSE,FALSE
https://www.findmyisland.com/?island=osm-way-3099419,https://www.findmyisland.com/islands/england/sheep-island/,301,FALSE,FALSE,FALSE,FALSE
https://www.findmyisland.com/profiles/osm-way-4558822.html,https://www.findmyisland.com/islands/northern-ireland/sheep-island-osm-way-4558822/,301,FALSE,FALSE,FALSE,FALSE
https://www.findmyisland.com/?island=osm-way-4558822,https://www.findmyisland.com/islands/northern-ireland/sheep-island-osm-way-4558822/,301,FALSE,FALSE,FALSE,FALSE
https://www.findmyisland.com/profiles/osm-way-23610841.html,https://www.findmyisland.com/islands/ireland/shenick-island/,301,FALSE,FALSE,FALSE,FALSE
https://www.findmyisland.com/?island=osm-way-23610841,https://www.findmyisland.com/islands/ireland/shenick-island/,301,FALSE,FALSE,FALSE,FALSE
https://www.findmyisland.com/profiles/osm-relation-5208439.html,https://www.findmyisland.com/islands/ireland/sherkin-island/,301,FALSE,FALSE,FALSE,FALSE
https://www.findmyisland.com/?island=osm-relation-5208439,https://www.findmyisland.com/islands/ireland/sherkin-island/,301,FALSE,FALSE,FALSE,FALSE
https://www.findmyisland.com/profiles/osm-relation-376677.html,https://www.findmyisland.com/islands/scotland/shetland/,301,FALSE,FALSE,FALSE,FALSE
https://www.findmyisland.com/?island=osm-relation-376677,https://www.findmyisland.com/islands/scotland/shetland/,301,FALSE,FALSE,FALSE,FALSE
https://www.findmyisland.com/profiles/shiant-islands-garbh-eilean-eilean-an-tighe-eilean-mhuire-galta-morbeag.html,https://www.findmyisland.com/islands/scotland/shiant-islands-garbh-eilean-eilean-an-tighe-eilean-mhuire-galta-morbeag/,301,FALSE,FALSE,FALSE,FALSE
https://www.findmyisland.com/?island=shiant-islands-garbh-eilean-eilean-an-tighe-eilean-mhuire-galta-morbeag,https://www.findmyisland.com/islands/scotland/shiant-islands-garbh-eilean-eilean-an-tighe-eilean-mhuire-galta-morbeag/,301,FALSE,FALSE,FALSE,FALSE
https://www.findmyisland.com/profiles/osm-way-84782374.html,https://www.findmyisland.com/islands/scotland/shieldaig-island/,301,FALSE,FALSE,FALSE,FALSE
https://www.findmyisland.com/?island=osm-way-84782374,https://www.findmyisland.com/islands/scotland/shieldaig-island/,301,FALSE,FALSE,FALSE,FALSE
https://www.findmyisland.com/profiles/osm-way-4012388.html,https://www.findmyisland.com/islands/scotland/shillay-osm-way-4012388/,301,FALSE,FALSE,FALSE,FALSE
https://www.findmyisland.com/?island=osm-way-4012388,https://www.findmyisland.com/islands/scotland/shillay-osm-way-4012388/,301,FALSE,FALSE,FALSE,FALSE
https://www.findmyisland.com/profiles/osm-way-4010996.html,https://www.findmyisland.com/islands/scotland/shillay/,301,FALSE,FALSE,FALSE,FALSE
https://www.findmyisland.com/?island=osm-way-4010996,https://www.findmyisland.com/islands/scotland/shillay/,301,FALSE,FALSE,FALSE,FALSE
https://www.findmyisland.com/profiles/osm-way-4011013.html,https://www.findmyisland.com/islands/scotland/shivinish/,301,FALSE,FALSE,FALSE,FALSE
https://www.findmyisland.com/?island=osm-way-4011013,https://www.findmyisland.com/islands/scotland/shivinish/,301,FALSE,FALSE,FALSE,FALSE
https://www.findmyisland.com/profiles/osm-way-200773375.html,https://www.findmyisland.com/islands/scotland/shuna/,301,FALSE,FALSE,FALSE,FALSE
https://www.findmyisland.com/?island=osm-way-200773375,https://www.findmyisland.com/islands/scotland/shuna/,301,FALSE,FALSE,FALSE,FALSE
https://www.findmyisland.com/profiles/osm-way-205118309.html,https://www.findmyisland.com/islands/scotland/shuna-island/,301,FALSE,FALSE,FALSE,FALSE
https://www.findmyisland.com/?island=osm-way-205118309,https://www.findmyisland.com/islands/scotland/shuna-island/,301,FALSE,FALSE,FALSE,FALSE
https://www.findmyisland.com/profiles/wd-Q7534115.html,https://www.findmyisland.com/islands/scotland/skate-of-marrister/,301,FALSE,FALSE,FALSE,FALSE
https://www.findmyisland.com/?island=wd-Q7534115,https://www.findmyisland.com/islands/scotland/skate-of-marrister/,301,FALSE,FALSE,FALSE,FALSE
https://www.findmyisland.com/profiles/osm-way-4554554.html,https://www.findmyisland.com/islands/ireland/skeam-east/,301,FALSE,FALSE,FALSE,FALSE
https://www.findmyisland.com/?island=osm-way-4554554,https://www.findmyisland.com/islands/ireland/skeam-east/,301,FALSE,FALSE,FALSE,FALSE
https://www.findmyisland.com/profiles/osm-way-4554558.html,https://www.findmyisland.com/islands/ireland/skeam-west/,301,FALSE,FALSE,FALSE,FALSE
https://www.findmyisland.com/?island=osm-way-4554558,https://www.findmyisland.com/islands/ireland/skeam-west/,301,FALSE,FALSE,FALSE,FALSE
https://www.findmyisland.com/profiles/osm-way-490111575.html,https://www.findmyisland.com/islands/scotland/skeo-of-holm/,301,FALSE,FALSE,FALSE,FALSE
https://www.findmyisland.com/?island=osm-way-490111575,https://www.findmyisland.com/islands/scotland/skeo-of-holm/,301,FALSE,FALSE,FALSE,FALSE
https://www.findmyisland.com/profiles/osm-way-700654038.html,https://www.findmyisland.com/islands/scotland/skerry-of-eshaness/,301,FALSE,FALSE,FALSE,FALSE
https://www.findmyisland.com/?island=osm-way-700654038,https://www.findmyisland.com/islands/scotland/skerry-of-eshaness/,301,FALSE,FALSE,FALSE,FALSE
https://www.findmyisland.com/profiles/osm-way-1004987022.html,https://www.findmyisland.com/islands/scotland/skerryvore/,301,FALSE,FALSE,FALSE,FALSE
https://www.findmyisland.com/?island=osm-way-1004987022,https://www.findmyisland.com/islands/scotland/skerryvore/,301,FALSE,FALSE,FALSE,FALSE
https://www.findmyisland.com/profiles/osm-relation-962470.html,https://www.findmyisland.com/islands/england/skippers-island/,301,FALSE,FALSE,FALSE,FALSE
https://www.findmyisland.com/?island=osm-relation-962470,https://www.findmyisland.com/islands/england/skippers-island/,301,FALSE,FALSE,FALSE,FALSE
https://www.findmyisland.com/profiles/osm-way-1493746497.html,https://www.findmyisland.com/islands/wales/skokholm/,301,FALSE,FALSE,FALSE,FALSE
https://www.findmyisland.com/?island=osm-way-1493746497,https://www.findmyisland.com/islands/wales/skokholm/,301,FALSE,FALSE,FALSE,FALSE
https://www.findmyisland.com/profiles/osm-relation-2856487.html,https://www.findmyisland.com/islands/wales/skomer/,301,FALSE,FALSE,FALSE,FALSE
https://www.findmyisland.com/?island=osm-relation-2856487,https://www.findmyisland.com/islands/wales/skomer/,301,FALSE,FALSE,FALSE,FALSE
https://www.findmyisland.com/profiles/osm-way-44954829.html,https://www.findmyisland.com/islands/scotland/soa-osm-way-44954829/,301,FALSE,FALSE,FALSE,FALSE
https://www.findmyisland.com/?island=osm-way-44954829,https://www.findmyisland.com/islands/scotland/soa-osm-way-44954829/,301,FALSE,FALSE,FALSE,FALSE
https://www.findmyisland.com/profiles/osm-way-374466281.html,https://www.findmyisland.com/islands/scotland/soa/,301,FALSE,FALSE,FALSE,FALSE
https://www.findmyisland.com/?island=osm-way-374466281,https://www.findmyisland.com/islands/scotland/soa/,301,FALSE,FALSE,FALSE,FALSE
https://www.findmyisland.com/profiles/osm-way-788981363.html,https://www.findmyisland.com/islands/scotland/soay-outer-hebrides/,301,FALSE,FALSE,FALSE,FALSE
https://www.findmyisland.com/?island=osm-way-788981363,https://www.findmyisland.com/islands/scotland/soay-outer-hebrides/,301,FALSE,FALSE,FALSE,FALSE
https://www.findmyisland.com/profiles/osm-relation-4230732.html,https://www.findmyisland.com/islands/scotland/soay/,301,FALSE,FALSE,FALSE,FALSE
https://www.findmyisland.com/?island=osm-relation-4230732,https://www.findmyisland.com/islands/scotland/soay/,301,FALSE,FALSE,FALSE,FALSE
https://www.findmyisland.com/profiles/osm-way-4012213.html,https://www.findmyisland.com/islands/scotland/soay-beag/,301,FALSE,FALSE,FALSE,FALSE
https://www.findmyisland.com/?island=osm-way-4012213,https://www.findmyisland.com/islands/scotland/soay-beag/,301,FALSE,FALSE,FALSE,FALSE
https://www.findmyisland.com/profiles/osm-way-4012217.html,https://www.findmyisland.com/islands/scotland/soay-more/,301,FALSE,FALSE,FALSE,FALSE
https://www.findmyisland.com/?island=osm-way-4012217,https://www.findmyisland.com/islands/scotland/soay-more/,301,FALSE,FALSE,FALSE,FALSE
https://www.findmyisland.com/profiles/osm-way-55539034.html,https://www.findmyisland.com/islands/england/sonning-eye/,301,FALSE,FALSE,FALSE,FALSE
https://www.findmyisland.com/?island=osm-way-55539034,https://www.findmyisland.com/islands/england/sonning-eye/,301,FALSE,FALSE,FALSE,FALSE
https://www.findmyisland.com/profiles/osm-way-56208200.html,https://www.findmyisland.com/islands/scotland/sound-gruney/,301,FALSE,FALSE,FALSE,FALSE
https://www.findmyisland.com/?island=osm-way-56208200,https://www.findmyisland.com/islands/scotland/sound-gruney/,301,FALSE,FALSE,FALSE,FALSE
https://www.findmyisland.com/profiles/osm-way-157532304.html,https://www.findmyisland.com/islands/scotland/south-ascrib/,301,FALSE,FALSE,FALSE,FALSE
https://www.findmyisland.com/?island=osm-way-157532304,https://www.findmyisland.com/islands/scotland/south-ascrib/,301,FALSE,FALSE,FALSE,FALSE
https://www.findmyisland.com/profiles/osm-way-500976243.html,https://www.findmyisland.com/islands/england/south-binness-island/,301,FALSE,FALSE,FALSE,FALSE
https://www.findmyisland.com/?island=osm-way-500976243,https://www.findmyisland.com/islands/england/south-binness-island/,301,FALSE,FALSE,FALSE,FALSE
https://www.findmyisland.com/profiles/osm-relation-3009841.html,https://www.findmyisland.com/islands/ireland/south-bishop/,301,FALSE,FALSE,FALSE,FALSE
https://www.findmyisland.com/?island=osm-relation-3009841,https://www.findmyisland.com/islands/ireland/south-bishop/,301,FALSE,FALSE,FALSE,FALSE
https://www.findmyisland.com/profiles/osm-way-289638981.html,https://www.findmyisland.com/islands/scotland/south-havra/,301,FALSE,FALSE,FALSE,FALSE
https://www.findmyisland.com/?island=osm-way-289638981,https://www.findmyisland.com/islands/scotland/south-havra/,301,FALSE,FALSE,FALSE,FALSE
https://www.findmyisland.com/profiles/wd-Q105722173.html,https://www.findmyisland.com/islands/scotland/south-inch/,301,FALSE,FALSE,FALSE,FALSE
https://www.findmyisland.com/?island=wd-Q105722173,https://www.findmyisland.com/islands/scotland/south-inch/,301,FALSE,FALSE,FALSE,FALSE
https://www.findmyisland.com/profiles/osm-way-8603802.html,https://www.findmyisland.com/islands/scotland/south-isle-of-gletness/,301,FALSE,FALSE,FALSE,FALSE
https://www.findmyisland.com/?island=osm-way-8603802,https://www.findmyisland.com/islands/scotland/south-isle-of-gletness/,301,FALSE,FALSE,FALSE,FALSE
https://www.findmyisland.com/profiles/osm-relation-3601567.html,https://www.findmyisland.com/islands/scotland/south-ronaldsay/,301,FALSE,FALSE,FALSE,FALSE
https://www.findmyisland.com/?island=osm-relation-3601567,https://www.findmyisland.com/islands/scotland/south-ronaldsay/,301,FALSE,FALSE,FALSE,FALSE
https://www.findmyisland.com/profiles/osm-relation-10677661.html,https://www.findmyisland.com/islands/wales/south-stack/,301,FALSE,FALSE,FALSE,FALSE
https://www.findmyisland.com/?island=osm-relation-10677661,https://www.findmyisland.com/islands/wales/south-stack/,301,FALSE,FALSE,FALSE,FALSE
https://www.findmyisland.com/profiles/osm-relation-380670.html,https://www.findmyisland.com/islands/scotland/south-uist/,301,FALSE,FALSE,FALSE,FALSE
https://www.findmyisland.com/?island=osm-relation-380670,https://www.findmyisland.com/islands/scotland/south-uist/,301,FALSE,FALSE,FALSE,FALSE
https://www.findmyisland.com/profiles/osm-relation-12597158.html,https://www.findmyisland.com/islands/scotland/south-walls/,301,FALSE,FALSE,FALSE,FALSE
https://www.findmyisland.com/?island=osm-relation-12597158,https://www.findmyisland.com/islands/scotland/south-walls/,301,FALSE,FALSE,FALSE,FALSE
https://www.findmyisland.com/profiles/osm-way-3619012.html,https://www.findmyisland.com/islands/scotland/soyea-island/,301,FALSE,FALSE,FALSE,FALSE
https://www.findmyisland.com/?island=osm-way-3619012,https://www.findmyisland.com/islands/scotland/soyea-island/,301,FALSE,FALSE,FALSE,FALSE
https://www.findmyisland.com/profiles/osm-relation-8609285.html,https://www.findmyisland.com/islands/ireland/spanish-island/,301,FALSE,FALSE,FALSE,FALSE
https://www.findmyisland.com/?island=osm-relation-8609285,https://www.findmyisland.com/islands/ireland/spanish-island/,301,FALSE,FALSE,FALSE,FALSE
https://www.findmyisland.com/profiles/osm-way-128067375.html,https://www.findmyisland.com/islands/ireland/spike-island/,301,FALSE,FALSE,FALSE,FALSE
https://www.findmyisland.com/?island=osm-way-128067375,https://www.findmyisland.com/islands/ireland/spike-island/,301,FALSE,FALSE,FALSE,FALSE
https://www.findmyisland.com/profiles/wd-Q7577198.html,https://www.findmyisland.com/islands/wales/spike-island/,301,FALSE,FALSE,FALSE,FALSE
https://www.findmyisland.com/?island=wd-Q7577198,https://www.findmyisland.com/islands/wales/spike-island/,301,FALSE,FALSE,FALSE,FALSE
https://www.findmyisland.com/profiles/spike-island-bristol.html,https://www.findmyisland.com/islands/england/spike-island-bristol/,301,FALSE,FALSE,FALSE,FALSE
https://www.findmyisland.com/?island=spike-island-bristol,https://www.findmyisland.com/islands/england/spike-island-bristol/,301,FALSE,FALSE,FALSE,FALSE
https://www.findmyisland.com/profiles/wd-Q542839.html,https://www.findmyisland.com/islands/england/spurn-wd-q542839/,301,FALSE,FALSE,FALSE,FALSE
https://www.findmyisland.com/?island=wd-Q542839,https://www.findmyisland.com/islands/england/spurn-wd-q542839/,301,FALSE,FALSE,FALSE,FALSE
https://www.findmyisland.com/profiles/osm-relation-16735230.html,https://www.findmyisland.com/islands/scotland/sromaigh/,301,FALSE,FALSE,FALSE,FALSE
https://www.findmyisland.com/?island=osm-relation-16735230,https://www.findmyisland.com/islands/scotland/sromaigh/,301,FALSE,FALSE,FALSE,FALSE
https://www.findmyisland.com/profiles/osm-relation-3198786.html,https://www.findmyisland.com/islands/england/st-agnes/,301,FALSE,FALSE,FALSE,FALSE
https://www.findmyisland.com/?island=osm-relation-3198786,https://www.findmyisland.com/islands/england/st-agnes/,301,FALSE,FALSE,FALSE,FALSE
https://www.findmyisland.com/profiles/wd-Q7592680.html,https://www.findmyisland.com/islands/england/st-boniface-down/,301,FALSE,FALSE,FALSE,FALSE
https://www.findmyisland.com/?island=wd-Q7592680,https://www.findmyisland.com/islands/england/st-boniface-down/,301,FALSE,FALSE,FALSE,FALSE
https://www.findmyisland.com/profiles/osm-way-1493746453.html,https://www.findmyisland.com/islands/wales/st-catherines-island/,301,FALSE,FALSE,FALSE,FALSE
https://www.findmyisland.com/?island=osm-way-1493746453,https://www.findmyisland.com/islands/wales/st-catherines-island/,301,FALSE,FALSE,FALSE,FALSE
https://www.findmyisland.com/profiles/osm-way-711366463.html,https://www.findmyisland.com/islands/scotland/st-colms-isle/,301,FALSE,FALSE,FALSE,FALSE
https://www.findmyisland.com/?island=osm-way-711366463,https://www.findmyisland.com/islands/scotland/st-colms-isle/,301,FALSE,FALSE,FALSE,FALSE
https://www.findmyisland.com/profiles/osm-way-237898560.html,https://www.findmyisland.com/islands/england/st-helens/,301,FALSE,FALSE,FALSE,FALSE
https://www.findmyisland.com/?island=osm-way-237898560,https://www.findmyisland.com/islands/england/st-helens/,301,FALSE,FALSE,FALSE,FALSE
https://www.findmyisland.com/profiles/osm-way-6135673.html,https://www.findmyisland.com/islands/england/st-herberts-island/,301,FALSE,FALSE,FALSE,FALSE
https://www.findmyisland.com/?island=osm-way-6135673,https://www.findmyisland.com/islands/england/st-herberts-island/,301,FALSE,FALSE,FALSE,FALSE
https://www.findmyisland.com/profiles/st-kilda.html,https://www.findmyisland.com/islands/scotland/st-kilda/,301,FALSE,FALSE,FALSE,FALSE
https://www.findmyisland.com/?island=st-kilda,https://www.findmyisland.com/islands/scotland/st-kilda/,301,FALSE,FALSE,FALSE,FALSE
https://www.findmyisland.com/profiles/osm-relation-3210701.html,https://www.findmyisland.com/islands/england/st-martins/,301,FALSE,FALSE,FALSE,FALSE
https://www.findmyisland.com/?island=osm-relation-3210701,https://www.findmyisland.com/islands/england/st-martins/,301,FALSE,FALSE,FALSE,FALSE
https://www.findmyisland.com/profiles/scilly-st-marys.html,https://www.findmyisland.com/islands/england/scilly-st-marys/,301,FALSE,FALSE,FALSE,FALSE
https://www.findmyisland.com/?island=scilly-st-marys,https://www.findmyisland.com/islands/england/scilly-st-marys/,301,FALSE,FALSE,FALSE,FALSE
https://www.findmyisland.com/profiles/osm-relation-6048116.html,https://www.findmyisland.com/islands/england/st-marys-island/,301,FALSE,FALSE,FALSE,FALSE
https://www.findmyisland.com/?island=osm-relation-6048116,https://www.findmyisland.com/islands/england/st-marys-island/,301,FALSE,FALSE,FALSE,FALSE
https://www.findmyisland.com/profiles/wd-Q7594499.html,https://www.findmyisland.com/islands/england/st-marys-island-medway-estuary/,301,FALSE,FALSE,FALSE,FALSE
https://www.findmyisland.com/?island=wd-Q7594499,https://www.findmyisland.com/islands/england/st-marys-island-medway-estuary/,301,FALSE,FALSE,FALSE,FALSE
https://www.findmyisland.com/profiles/wd-Q7594502.html,https://www.findmyisland.com/islands/scotland/st-marys-island/,301,FALSE,FALSE,FALSE,FALSE
https://www.findmyisland.com/?island=wd-Q7594502,https://www.findmyisland.com/islands/scotland/st-marys-island/,301,FALSE,FALSE,FALSE,FALSE
https://www.findmyisland.com/profiles/osm-relation-9602841.html,https://www.findmyisland.com/islands/scotland/st-ninians-isle/,301,FALSE,FALSE,FALSE,FALSE
https://www.findmyisland.com/?island=osm-relation-9602841,https://www.findmyisland.com/islands/scotland/st-ninians-isle/,301,FALSE,FALSE,FALSE,FALSE
https://www.findmyisland.com/profiles/wd-Q55633847.html,https://www.findmyisland.com/islands/scotland/st-patricks-rock/,301,FALSE,FALSE,FALSE,FALSE
https://www.findmyisland.com/?island=wd-Q55633847,https://www.findmyisland.com/islands/scotland/st-patricks-rock/,301,FALSE,FALSE,FALSE,FALSE
https://www.findmyisland.com/profiles/osm-way-60438001.html,https://www.findmyisland.com/islands/scotland/st-serfs-island/,301,FALSE,FALSE,FALSE,FALSE
https://www.findmyisland.com/?island=osm-way-60438001,https://www.findmyisland.com/islands/scotland/st-serfs-island/,301,FALSE,FALSE,FALSE,FALSE
https://www.findmyisland.com/profiles/osm-way-4000920.html,https://www.findmyisland.com/islands/wales/st-tudwals-island-east/,301,FALSE,FALSE,FALSE,FALSE
https://www.findmyisland.com/?island=osm-way-4000920,https://www.findmyisland.com/islands/wales/st-tudwals-island-east/,301,FALSE,FALSE,FALSE,FALSE
https://www.findmyisland.com/profiles/osm-node-3497058772.html,https://www.findmyisland.com/islands/wales/st-tudwals-island-west/,301,FALSE,FALSE,FALSE,FALSE
https://www.findmyisland.com/?island=osm-node-3497058772,https://www.findmyisland.com/islands/wales/st-tudwals-island-west/,301,FALSE,FALSE,FALSE,FALSE
https://www.findmyisland.com/profiles/osm-way-25393138.html,https://www.findmyisland.com/islands/scotland/stac-an-armin/,301,FALSE,FALSE,FALSE,FALSE
https://www.findmyisland.com/?island=osm-way-25393138,https://www.findmyisland.com/islands/scotland/stac-an-armin/,301,FALSE,FALSE,FALSE,FALSE
https://www.findmyisland.com/profiles/osm-way-788981365.html,https://www.findmyisland.com/islands/scotland/stac-biorach/,301,FALSE,FALSE,FALSE,FALSE
https://www.findmyisland.com/?island=osm-way-788981365,https://www.findmyisland.com/islands/scotland/stac-biorach/,301,FALSE,FALSE,FALSE,FALSE
https://www.findmyisland.com/profiles/osm-way-28206138.html,https://www.findmyisland.com/islands/scotland/stac-dona/,301,FALSE,FALSE,FALSE,FALSE
https://www.findmyisland.com/?island=osm-way-28206138,https://www.findmyisland.com/islands/scotland/stac-dona/,301,FALSE,FALSE,FALSE,FALSE
https://www.findmyisland.com/profiles/osm-way-28206121.html,https://www.findmyisland.com/islands/scotland/stac-lee/,301,FALSE,FALSE,FALSE,FALSE
https://www.findmyisland.com/?island=osm-way-28206121,https://www.findmyisland.com/islands/scotland/stac-lee/,301,FALSE,FALSE,FALSE,FALSE
https://www.findmyisland.com/profiles/osm-way-588814358.html,https://www.findmyisland.com/islands/scotland/stac-levenish-outer-hebrides/,301,FALSE,FALSE,FALSE,FALSE
https://www.findmyisland.com/?island=osm-way-588814358,https://www.findmyisland.com/islands/scotland/stac-levenish-outer-hebrides/,301,FALSE,FALSE,FALSE,FALSE
https://www.findmyisland.com/profiles/osm-relation-11619433.html,https://www.findmyisland.com/islands/scotland/stac-soay/,301,FALSE,FALSE,FALSE,FALSE
https://www.findmyisland.com/?island=osm-relation-11619433,https://www.findmyisland.com/islands/scotland/stac-soay/,301,FALSE,FALSE,FALSE,FALSE
https://www.findmyisland.com/profiles/osm-way-1002076891.html,https://www.findmyisland.com/islands/ireland/stacan/,301,FALSE,FALSE,FALSE,FALSE
https://www.findmyisland.com/?island=osm-way-1002076891,https://www.findmyisland.com/islands/ireland/stacan/,301,FALSE,FALSE,FALSE,FALSE
https://www.findmyisland.com/profiles/staffa.html,https://www.findmyisland.com/islands/scotland/staffa/,301,FALSE,FALSE,FALSE,FALSE
https://www.findmyisland.com/?island=staffa,https://www.findmyisland.com/islands/scotland/staffa/,301,FALSE,FALSE,FALSE,FALSE
https://www.findmyisland.com/profiles/osm-relation-14433579.html,https://www.findmyisland.com/islands/scotland/staffin-island/,301,FALSE,FALSE,FALSE,FALSE
https://www.findmyisland.com/?island=osm-relation-14433579,https://www.findmyisland.com/islands/scotland/staffin-island/,301,FALSE,FALSE,FALSE,FALSE
https://www.findmyisland.com/profiles/thames-staines-upon-thames.html,https://www.findmyisland.com/islands/england/thames-staines-upon-thames/,301,FALSE,FALSE,FALSE,FALSE
https://www.findmyisland.com/?island=thames-staines-upon-thames,https://www.findmyisland.com/islands/england/thames-staines-upon-thames/,301,FALSE,FALSE,FALSE,FALSE
https://www.findmyisland.com/profiles/osm-relation-3077274.html,https://www.findmyisland.com/islands/scotland/staple-island/,301,FALSE,FALSE,FALSE,FALSE
https://www.findmyisland.com/?island=osm-relation-3077274,https://www.findmyisland.com/islands/scotland/staple-island/,301,FALSE,FALSE,FALSE,FALSE
https://www.findmyisland.com/profiles/osm-way-106592833.html,https://www.findmyisland.com/islands/northern-ireland/station-island/,301,FALSE,FALSE,FALSE,FALSE
https://www.findmyisland.com/?island=osm-way-106592833,https://www.findmyisland.com/islands/northern-ireland/station-island/,301,FALSE,FALSE,FALSE,FALSE
https://www.findmyisland.com/profiles/osm-way-30782387.html,https://www.findmyisland.com/islands/wales/steep-holm/,301,FALSE,FALSE,FALSE,FALSE
https://www.findmyisland.com/?island=osm-way-30782387,https://www.findmyisland.com/islands/wales/steep-holm/,301,FALSE,FALSE,FALSE,FALSE
https://www.findmyisland.com/profiles/wd-Q20712785.html,https://www.findmyisland.com/islands/england/stert-island/,301,FALSE,FALSE,FALSE,FALSE
https://www.findmyisland.com/?island=wd-Q20712785,https://www.findmyisland.com/islands/england/stert-island/,301,FALSE,FALSE,FALSE,FALSE
https://www.findmyisland.com/profiles/osm-way-43531168.html,https://www.findmyisland.com/islands/england/stevens-eyot/,301,FALSE,FALSE,FALSE,FALSE
https://www.findmyisland.com/?island=osm-way-43531168,https://www.findmyisland.com/islands/england/stevens-eyot/,301,FALSE,FALSE,FALSE,FALSE
https://www.findmyisland.com/profiles/osm-way-259365178.html,https://www.findmyisland.com/islands/scotland/stockay/,301,FALSE,FALSE,FALSE,FALSE
https://www.findmyisland.com/?island=osm-way-259365178,https://www.findmyisland.com/islands/scotland/stockay/,301,FALSE,FALSE,FALSE,FALSE
https://www.findmyisland.com/profiles/osm-way-167067143.html,https://www.findmyisland.com/islands/scotland/stockinish-island/,301,FALSE,FALSE,FALSE,FALSE
https://www.findmyisland.com/?island=osm-way-167067143,https://www.findmyisland.com/islands/scotland/stockinish-island/,301,FALSE,FALSE,FALSE,FALSE
https://www.findmyisland.com/profiles/osm-relation-12885353.html,https://www.findmyisland.com/islands/scotland/stroma/,301,FALSE,FALSE,FALSE,FALSE
https://www.findmyisland.com/?island=osm-relation-12885353,https://www.findmyisland.com/islands/scotland/stroma/,301,FALSE,FALSE,FALSE,FALSE
https://www.findmyisland.com/profiles/osm-relation-12597195.html,https://www.findmyisland.com/islands/scotland/stronsay/,301,FALSE,FALSE,FALSE,FALSE
https://www.findmyisland.com/?island=osm-relation-12597195,https://www.findmyisland.com/islands/scotland/stronsay/,301,FALSE,FALSE,FALSE,FALSE
https://www.findmyisland.com/profiles/wd-Q23582395.html,https://www.findmyisland.com/islands/crown-dependencies/strunakill-bank/,301,FALSE,FALSE,FALSE,FALSE
https://www.findmyisland.com/?island=wd-Q23582395,https://www.findmyisland.com/islands/crown-dependencies/strunakill-bank/,301,FALSE,FALSE,FALSE,FALSE
https://www.findmyisland.com/profiles/osm-way-237536079.html,https://www.findmyisland.com/islands/scotland/stuley/,301,FALSE,FALSE,FALSE,FALSE
https://www.findmyisland.com/?island=osm-way-237536079,https://www.findmyisland.com/islands/scotland/stuley/,301,FALSE,FALSE,FALSE,FALSE
https://www.findmyisland.com/profiles/osm-way-617148665.html,https://www.findmyisland.com/islands/ireland/staca/,301,FALSE,FALSE,FALSE,FALSE
https://www.findmyisland.com/?island=osm-way-617148665,https://www.findmyisland.com/islands/ireland/staca/,301,FALSE,FALSE,FALSE,FALSE
https://www.findmyisland.com/profiles/osm-way-43386504.html,https://www.findmyisland.com/islands/ireland/stiallog/,301,FALSE,FALSE,FALSE,FALSE
https://www.findmyisland.com/?island=osm-way-43386504,https://www.findmyisland.com/islands/ireland/stiallog/,301,FALSE,FALSE,FALSE,FALSE
https://www.findmyisland.com/profiles/osm-relation-3068068.html,https://www.findmyisland.com/islands/scotland/sule-skerry/,301,FALSE,FALSE,FALSE,FALSE
https://www.findmyisland.com/?island=osm-relation-3068068,https://www.findmyisland.com/islands/scotland/sule-skerry/,301,FALSE,FALSE,FALSE,FALSE
https://www.findmyisland.com/profiles/osm-way-28223661.html,https://www.findmyisland.com/islands/scotland/sule-stack/,301,FALSE,FALSE,FALSE,FALSE
https://www.findmyisland.com/?island=osm-way-28223661,https://www.findmyisland.com/islands/scotland/sule-stack/,301,FALSE,FALSE,FALSE,FALSE
https://www.findmyisland.com/profiles/osm-way-182504722.html,https://www.findmyisland.com/islands/scotland/sullom-voe/,301,FALSE,FALSE,FALSE,FALSE
https://www.findmyisland.com/?island=osm-way-182504722,https://www.findmyisland.com/islands/scotland/sullom-voe/,301,FALSE,FALSE,FALSE,FALSE
https://www.findmyisland.com/profiles/osm-way-491160982.html,https://www.findmyisland.com/islands/wales/sully-island/,301,FALSE,FALSE,FALSE,FALSE
https://www.findmyisland.com/?island=osm-way-491160982,https://www.findmyisland.com/islands/wales/sully-island/,301,FALSE,FALSE,FALSE,FALSE
https://www.findmyisland.com/profiles/osm-relation-11818499.html,https://www.findmyisland.com/islands/scotland/sumbiarholmur/,301,FALSE,FALSE,FALSE,FALSE
https://www.findmyisland.com/?island=osm-relation-11818499,https://www.findmyisland.com/islands/scotland/sumbiarholmur/,301,FALSE,FALSE,FALSE,FALSE
https://www.findmyisland.com/profiles/sumbiarsteinur.html,https://www.findmyisland.com/islands/scotland/sumbiarsteinur/,301,FALSE,FALSE,FALSE,FALSE
https://www.findmyisland.com/?island=sumbiarsteinur,https://www.findmyisland.com/islands/scotland/sumbiarsteinur/,301,FALSE,FALSE,FALSE,FALSE
https://www.findmyisland.com/profiles/wd-Q7638049.html,https://www.findmyisland.com/islands/england/sumptermead-ait/,301,FALSE,FALSE,FALSE,FALSE
https://www.findmyisland.com/?island=wd-Q7638049,https://www.findmyisland.com/islands/england/sumptermead-ait/,301,FALSE,FALSE,FALSE,FALSE
https://www.findmyisland.com/profiles/osm-way-157812293.html,https://www.findmyisland.com/islands/england/sunbury-court-island/,301,FALSE,FALSE,FALSE,FALSE
https://www.findmyisland.com/?island=osm-way-157812293,https://www.findmyisland.com/islands/england/sunbury-court-island/,301,FALSE,FALSE,FALSE,FALSE
https://www.findmyisland.com/profiles/osm-way-157812302.html,https://www.findmyisland.com/islands/england/sunbury-lock-ait/,301,FALSE,FALSE,FALSE,FALSE
https://www.findmyisland.com/?island=osm-way-157812302,https://www.findmyisland.com/islands/england/sunbury-lock-ait/,301,FALSE,FALSE,FALSE,FALSE
https://www.findmyisland.com/profiles/sunk-island.html,https://www.findmyisland.com/islands/england/sunk-island/,301,FALSE,FALSE,FALSE,FALSE
https://www.findmyisland.com/?island=sunk-island,https://www.findmyisland.com/islands/england/sunk-island/,301,FALSE,FALSE,FALSE,FALSE
https://www.findmyisland.com/profiles/thames-surbiton.html,https://www.findmyisland.com/islands/england/thames-surbiton/,301,FALSE,FALSE,FALSE,FALSE
https://www.findmyisland.com/?island=thames-surbiton,https://www.findmyisland.com/islands/england/thames-surbiton/,301,FALSE,FALSE,FALSE,FALSE
https://www.findmyisland.com/profiles/osm-way-4010563.html,https://www.findmyisland.com/islands/scotland/sursay/,301,FALSE,FALSE,FALSE,FALSE
https://www.findmyisland.com/?island=osm-way-4010563,https://www.findmyisland.com/islands/scotland/sursay/,301,FALSE,FALSE,FALSE,FALSE
https://www.findmyisland.com/profiles/osm-way-48076588.html,https://www.findmyisland.com/islands/england/swan-island-surrey/,301,FALSE,FALSE,FALSE,FALSE
https://www.findmyisland.com/?island=osm-way-48076588,https://www.findmyisland.com/islands/england/swan-island-surrey/,301,FALSE,FALSE,FALSE,FALSE
https://www.findmyisland.com/profiles/osm-way-505880364.html,https://www.findmyisland.com/islands/england/swan-island-osm-way-505880364/,301,FALSE,FALSE,FALSE,FALSE
https://www.findmyisland.com/?island=osm-way-505880364,https://www.findmyisland.com/islands/england/swan-island-osm-way-505880364/,301,FALSE,FALSE,FALSE,FALSE
https://www.findmyisland.com/profiles/osm-way-325319161.html,https://www.findmyisland.com/islands/northern-ireland/swan-island/,301,FALSE,FALSE,FALSE,FALSE
https://www.findmyisland.com/?island=osm-way-325319161,https://www.findmyisland.com/islands/northern-ireland/swan-island/,301,FALSE,FALSE,FALSE,FALSE
https://www.findmyisland.com/profiles/osm-way-4569427.html,https://www.findmyisland.com/islands/scotland/sweyn-holm-osm-way-4569427/,301,FALSE,FALSE,FALSE,FALSE
https://www.findmyisland.com/?island=osm-way-4569427,https://www.findmyisland.com/islands/scotland/sweyn-holm-osm-way-4569427/,301,FALSE,FALSE,FALSE,FALSE
https://www.findmyisland.com/profiles/osm-way-4569210.html,https://www.findmyisland.com/islands/scotland/switha/,301,FALSE,FALSE,FALSE,FALSE
https://www.findmyisland.com/?island=osm-way-4569210,https://www.findmyisland.com/islands/scotland/switha/,301,FALSE,FALSE,FALSE,FALSE
https://www.findmyisland.com/profiles/osm-way-4569195.html,https://www.findmyisland.com/islands/scotland/swona/,301,FALSE,FALSE,FALSE,FALSE
https://www.findmyisland.com/?island=osm-way-4569195,https://www.findmyisland.com/islands/scotland/swona/,301,FALSE,FALSE,FALSE,FALSE
https://www.findmyisland.com/profiles/osm-way-20594001.html,https://www.findmyisland.com/islands/scotland/sula-sgeir/,301,FALSE,FALSE,FALSE,FALSE
https://www.findmyisland.com/?island=osm-way-20594001,https://www.findmyisland.com/islands/scotland/sula-sgeir/,301,FALSE,FALSE,FALSE,FALSE
https://www.findmyisland.com/profiles/osm-way-49901778.html,https://www.findmyisland.com/islands/england/taggs-island/,301,FALSE,FALSE,FALSE,FALSE
https://www.findmyisland.com/?island=osm-way-49901778,https://www.findmyisland.com/islands/england/taggs-island/,301,FALSE,FALSE,FALSE,FALSE
https://www.findmyisland.com/profiles/osm-way-4010609.html,https://www.findmyisland.com/islands/scotland/tahay/,301,FALSE,FALSE,FALSE,FALSE
https://www.findmyisland.com/?island=osm-way-4010609,https://www.findmyisland.com/islands/scotland/tahay/,301,FALSE,FALSE,FALSE,FALSE
https://www.findmyisland.com/profiles/osm-way-59314536.html,https://www.findmyisland.com/islands/scotland/tanera-beag/,301,FALSE,FALSE,FALSE,FALSE
https://www.findmyisland.com/?island=osm-way-59314536,https://www.findmyisland.com/islands/scotland/tanera-beag/,301,FALSE,FALSE,FALSE,FALSE
https://www.findmyisland.com/profiles/osm-relation-1240445.html,https://www.findmyisland.com/islands/scotland/tanera-more/,301,FALSE,FALSE,FALSE,FALSE
https://www.findmyisland.com/?island=osm-relation-1240445,https://www.findmyisland.com/islands/scotland/tanera-more/,301,FALSE,FALSE,FALSE,FALSE
https://www.findmyisland.com/profiles/osm-relation-14940656.html,https://www.findmyisland.com/islands/scotland/taransay/,301,FALSE,FALSE,FALSE,FALSE
https://www.findmyisland.com/?island=osm-relation-14940656,https://www.findmyisland.com/islands/scotland/taransay/,301,FALSE,FALSE,FALSE,FALSE
https://www.findmyisland.com/profiles/tarbert-county-kerry.html,https://www.findmyisland.com/islands/ireland/tarbert-county-kerry/,301,FALSE,FALSE,FALSE,FALSE
https://www.findmyisland.com/?island=tarbert-county-kerry,https://www.findmyisland.com/islands/ireland/tarbert-county-kerry/,301,FALSE,FALSE,FALSE,FALSE
https://www.findmyisland.com/profiles/osm-way-56755151.html,https://www.findmyisland.com/islands/scotland/tarbet-isle/,301,FALSE,FALSE,FALSE,FALSE
https://www.findmyisland.com/?island=osm-way-56755151,https://www.findmyisland.com/islands/scotland/tarbet-isle/,301,FALSE,FALSE,FALSE,FALSE
https://www.findmyisland.com/profiles/osm-way-4005123.html,https://www.findmyisland.com/islands/scotland/tarner-island/,301,FALSE,FALSE,FALSE,FALSE
https://www.findmyisland.com/?island=osm-way-4005123,https://www.findmyisland.com/islands/scotland/tarner-island/,301,FALSE,FALSE,FALSE,FALSE
https://www.findmyisland.com/profiles/osm-way-39578420.html,https://www.findmyisland.com/islands/england/tatihou/,301,FALSE,FALSE,FALSE,FALSE
https://www.findmyisland.com/?island=osm-way-39578420,https://www.findmyisland.com/islands/england/tatihou/,301,FALSE,FALSE,FALSE,FALSE
https://www.findmyisland.com/profiles/osm-way-32253769.html,https://www.findmyisland.com/islands/england/temple-island/,301,FALSE,FALSE,FALSE,FALSE
https://www.findmyisland.com/?island=osm-way-32253769,https://www.findmyisland.com/islands/england/temple-island/,301,FALSE,FALSE,FALSE,FALSE
https://www.findmyisland.com/profiles/osm-way-586632109.html,https://www.findmyisland.com/islands/england/temple-mill-island/,301,FALSE,FALSE,FALSE,FALSE
https://www.findmyisland.com/?island=osm-way-586632109,https://www.findmyisland.com/islands/england/temple-mill-island/,301,FALSE,FALSE,FALSE,FALSE
https://www.findmyisland.com/profiles/osm-way-144465265.html,https://www.findmyisland.com/islands/scotland/texa/,301,FALSE,FALSE,FALSE,FALSE
https://www.findmyisland.com/?island=osm-way-144465265,https://www.findmyisland.com/islands/scotland/texa/,301,FALSE,FALSE,FALSE,FALSE
https://www.findmyisland.com/profiles/osm-way-237981787.html,https://www.findmyisland.com/islands/england/tean/,301,FALSE,FALSE,FALSE,FALSE
https://www.findmyisland.com/?island=osm-way-237981787,https://www.findmyisland.com/islands/england/tean/,301,FALSE,FALSE,FALSE,FALSE
https://www.findmyisland.com/profiles/osm-way-48076585.html,https://www.findmyisland.com/islands/england/thames-ditton-island/,301,FALSE,FALSE,FALSE,FALSE
https://www.findmyisland.com/?island=osm-way-48076585,https://www.findmyisland.com/islands/england/thames-ditton-island/,301,FALSE,FALSE,FALSE,FALSE
https://www.findmyisland.com/profiles/osm-way-237654373.html,https://www.findmyisland.com/islands/england/the-bow/,301,FALSE,FALSE,FALSE,FALSE
https://www.findmyisland.com/?island=osm-way-237654373,https://www.findmyisland.com/islands/england/the-bow/,301,FALSE,FALSE,FALSE,FALSE
https://www.findmyisland.com/profiles/osm-relation-3180754.html,https://www.findmyisland.com/islands/england/the-brisons/,301,FALSE,FALSE,FALSE,FALSE
https://www.findmyisland.com/?island=osm-relation-3180754,https://www.findmyisland.com/islands/england/the-brisons/,301,FALSE,FALSE,FALSE,FALSE
https://www.findmyisland.com/profiles/osm-way-236730685.html,https://www.findmyisland.com/islands/england/the-brow/,301,FALSE,FALSE,FALSE,FALSE
https://www.findmyisland.com/?island=osm-way-236730685,https://www.findmyisland.com/islands/england/the-brow/,301,FALSE,FALSE,FALSE,FALSE
https://www.findmyisland.com/profiles/osm-relation-11590151.html,https://www.findmyisland.com/islands/england/the-carracks/,301,FALSE,FALSE,FALSE,FALSE
https://www.findmyisland.com/?island=osm-relation-11590151,https://www.findmyisland.com/islands/england/the-carracks/,301,FALSE,FALSE,FALSE,FALSE
https://www.findmyisland.com/profiles/osm-way-230351827.html,https://www.findmyisland.com/islands/scotland/the-clett/,301,FALSE,FALSE,FALSE,FALSE
https://www.findmyisland.com/?island=osm-way-230351827,https://www.findmyisland.com/islands/scotland/the-clett/,301,FALSE,FALSE,FALSE,FALSE
https://www.findmyisland.com/profiles/osm-way-438414207.html,https://www.findmyisland.com/islands/ireland/the-crannog/,301,FALSE,FALSE,FALSE,FALSE
https://www.findmyisland.com/?island=osm-way-438414207,https://www.findmyisland.com/islands/ireland/the-crannog/,301,FALSE,FALSE,FALSE,FALSE
https://www.findmyisland.com/profiles/the-drongs.html,https://www.findmyisland.com/islands/scotland/the-drongs/,301,FALSE,FALSE,FALSE,FALSE
https://www.findmyisland.com/?island=the-drongs,https://www.findmyisland.com/islands/scotland/the-drongs/,301,FALSE,FALSE,FALSE,FALSE
https://www.findmyisland.com/profiles/osm-relation-12916996.html,https://www.findmyisland.com/islands/england/the-gwineas/,301,FALSE,FALSE,FALSE,FALSE
https://www.findmyisland.com/?island=osm-relation-12916996,https://www.findmyisland.com/islands/england/the-gwineas/,301,FALSE,FALSE,FALSE,FALSE
https://www.findmyisland.com/profiles/osm-way-148678193.html,https://www.findmyisland.com/islands/england/the-island-osm-way-148678193/,301,FALSE,FALSE,FALSE,FALSE
https://www.findmyisland.com/?island=osm-way-148678193,https://www.findmyisland.com/islands/england/the-island-osm-way-148678193/,301,FALSE,FALSE,FALSE,FALSE
https://www.findmyisland.com/profiles/osm-way-3469301.html,https://www.findmyisland.com/islands/scotland/the-lamb/,301,FALSE,FALSE,FALSE,FALSE
https://www.findmyisland.com/?island=osm-way-3469301,https://www.findmyisland.com/islands/scotland/the-lamb/,301,FALSE,FALSE,FALSE,FALSE
https://www.findmyisland.com/profiles/osm-way-55539052.html,https://www.findmyisland.com/islands/england/the-lynch/,301,FALSE,FALSE,FALSE,FALSE
https://www.findmyisland.com/?island=osm-way-55539052,https://www.findmyisland.com/islands/england/the-lynch/,301,FALSE,FALSE,FALSE,FALSE
https://www.findmyisland.com/profiles/osm-way-315334356.html,https://www.findmyisland.com/islands/northern-ireland/the-maidens/,301,FALSE,FALSE,FALSE,FALSE
https://www.findmyisland.com/?island=osm-way-315334356,https://www.findmyisland.com/islands/northern-ireland/the-maidens/,301,FALSE,FALSE,FALSE,FALSE
https://www.findmyisland.com/profiles/osm-relation-3981235.html,https://www.findmyisland.com/islands/england/the-needles/,301,FALSE,FALSE,FALSE,FALSE
https://www.findmyisland.com/?island=osm-relation-3981235,https://www.findmyisland.com/islands/england/the-needles/,301,FALSE,FALSE,FALSE,FALSE
https://www.findmyisland.com/profiles/wd-Q110082706.html,https://www.findmyisland.com/islands/england/the-owers/,301,FALSE,FALSE,FALSE,FALSE
https://www.findmyisland.com/?island=wd-Q110082706,https://www.findmyisland.com/islands/england/the-owers/,301,FALSE,FALSE,FALSE,FALSE
https://www.findmyisland.com/profiles/osm-way-2987001.html,https://www.findmyisland.com/islands/wales/the-skerries/,301,FALSE,FALSE,FALSE,FALSE
https://www.findmyisland.com/?island=osm-way-2987001,https://www.findmyisland.com/islands/wales/the-skerries/,301,FALSE,FALSE,FALSE,FALSE
https://www.findmyisland.com/profiles/osm-way-230310202.html,https://www.findmyisland.com/islands/scotland/the-skerry/,301,FALSE,FALSE,FALSE,FALSE
https://www.findmyisland.com/?island=osm-way-230310202,https://www.findmyisland.com/islands/scotland/the-skerry/,301,FALSE,FALSE,FALSE,FALSE
https://www.findmyisland.com/profiles/wd-Q2100283.html,https://www.findmyisland.com/islands/wales/the-wolves/,301,FALSE,FALSE,FALSE,FALSE
https://www.findmyisland.com/?island=wd-Q2100283,https://www.findmyisland.com/islands/wales/the-wolves/,301,FALSE,FALSE,FALSE,FALSE
https://www.findmyisland.com/profiles/osm-way-4569519.html,https://www.findmyisland.com/islands/scotland/thieves-holm/,301,FALSE,FALSE,FALSE,FALSE
https://www.findmyisland.com/?island=osm-way-4569519,https://www.findmyisland.com/islands/scotland/thieves-holm/,301,FALSE,FALSE,FALSE,FALSE
https://www.findmyisland.com/profiles/osm-way-4001735.html,https://www.findmyisland.com/islands/wales/thorne-island/,301,FALSE,FALSE,FALSE,FALSE
https://www.findmyisland.com/?island=osm-way-4001735,https://www.findmyisland.com/islands/wales/thorne-island/,301,FALSE,FALSE,FALSE,FALSE
https://www.findmyisland.com/profiles/wd-Q2453024.html,https://www.findmyisland.com/islands/england/thorney-island/,301,FALSE,FALSE,FALSE,FALSE
https://www.findmyisland.com/?island=wd-Q2453024,https://www.findmyisland.com/islands/england/thorney-island/,301,FALSE,FALSE,FALSE,FALSE
https://www.findmyisland.com/profiles/wd-Q4575689.html,https://www.findmyisland.com/islands/england/thorney-island-chichester-harbour/,301,FALSE,FALSE,FALSE,FALSE
https://www.findmyisland.com/?island=wd-Q4575689,https://www.findmyisland.com/islands/england/thorney-island-chichester-harbour/,301,FALSE,FALSE,FALSE,FALSE
https://www.findmyisland.com/profiles/osm-way-37691392.html,https://www.findmyisland.com/islands/crown-dependencies/thousla-rock/,301,FALSE,FALSE,FALSE,FALSE
https://www.findmyisland.com/?island=osm-way-37691392,https://www.findmyisland.com/islands/crown-dependencies/thousla-rock/,301,FALSE,FALSE,FALSE,FALSE
https://www.findmyisland.com/profiles/thames-tilehurst.html,https://www.findmyisland.com/islands/england/thames-tilehurst/,301,FALSE,FALSE,FALSE,FALSE
https://www.findmyisland.com/?island=thames-tilehurst,https://www.findmyisland.com/islands/england/thames-tilehurst/,301,FALSE,FALSE,FALSE,FALSE
https://www.findmyisland.com/profiles/osm-relation-6045455.html,https://www.findmyisland.com/islands/scotland/tiree/,301,FALSE,FALSE,FALSE,FALSE
https://www.findmyisland.com/?island=osm-relation-6045455,https://www.findmyisland.com/islands/scotland/tiree/,301,FALSE,FALSE,FALSE,FALSE
https://www.findmyisland.com/profiles/osm-way-191593861.html,https://www.findmyisland.com/islands/england/tolls-island/,301,FALSE,FALSE,FALSE,FALSE
https://www.findmyisland.com/?island=osm-way-191593861,https://www.findmyisland.com/islands/england/tolls-island/,301,FALSE,FALSE,FALSE,FALSE
https://www.findmyisland.com/profiles/osm-way-4821993.html,https://www.findmyisland.com/islands/scotland/torrinch/,301,FALSE,FALSE,FALSE,FALSE
https://www.findmyisland.com/?island=osm-way-4821993,https://www.findmyisland.com/islands/scotland/torrinch/,301,FALSE,FALSE,FALSE,FALSE
https://www.findmyisland.com/profiles/osm-way-200890709.html,https://www.findmyisland.com/islands/scotland/torsa/,301,FALSE,FALSE,FALSE,FALSE
https://www.findmyisland.com/?island=osm-way-200890709,https://www.findmyisland.com/islands/scotland/torsa/,301,FALSE,FALSE,FALSE,FALSE
https://www.findmyisland.com/profiles/osm-way-4558807.html,https://www.findmyisland.com/islands/ireland/tory-island/,301,FALSE,FALSE,FALSE,FALSE
https://www.findmyisland.com/?island=osm-way-4558807,https://www.findmyisland.com/islands/ireland/tory-island/,301,FALSE,FALSE,FALSE,FALSE
https://www.findmyisland.com/profiles/osm-way-59993445.html,https://www.findmyisland.com/islands/england/town-rod-eyot/,301,FALSE,FALSE,FALSE,FALSE
https://www.findmyisland.com/?island=osm-way-59993445,https://www.findmyisland.com/islands/england/town-rod-eyot/,301,FALSE,FALSE,FALSE,FALSE
https://www.findmyisland.com/profiles/osm-way-1342448032.html,https://www.findmyisland.com/islands/england/train-pond-island/,301,FALSE,FALSE,FALSE,FALSE
https://www.findmyisland.com/?island=osm-way-1342448032,https://www.findmyisland.com/islands/england/train-pond-island/,301,FALSE,FALSE,FALSE,FALSE
https://www.findmyisland.com/profiles/osm-relation-3214114.html,https://www.findmyisland.com/islands/england/tresco/,301,FALSE,FALSE,FALSE,FALSE
https://www.findmyisland.com/?island=osm-relation-3214114,https://www.findmyisland.com/islands/england/tresco/,301,FALSE,FALSE,FALSE,FALSE
https://www.findmyisland.com/profiles/treshnish-isles-lunga-bac-mordutchmans-cap-fladda-cairn-na-burgh-morbeag.html,https://www.findmyisland.com/islands/scotland/treshnish-isles-lunga-bac-mordutchmans-cap-fladda-cairn-na-burgh-morbeag/,301,FALSE,FALSE,FALSE,FALSE
https://www.findmyisland.com/?island=treshnish-isles-lunga-bac-mordutchmans-cap-fladda-cairn-na-burgh-morbeag,https://www.findmyisland.com/islands/scotland/treshnish-isles-lunga-bac-mordutchmans-cap-fladda-cairn-na-burgh-morbeag/,301,FALSE,FALSE,FALSE,FALSE
https://www.findmyisland.com/profiles/osm-relation-12658664.html,https://www.findmyisland.com/islands/scotland/trondra/,301,FALSE,FALSE,FALSE,FALSE
https://www.findmyisland.com/?island=osm-relation-12658664,https://www.findmyisland.com/islands/scotland/trondra/,301,FALSE,FALSE,FALSE,FALSE
https://www.findmyisland.com/profiles/osm-way-26600935.html,https://www.findmyisland.com/islands/england/trowlock-island/,301,FALSE,FALSE,FALSE,FALSE
https://www.findmyisland.com/?island=osm-way-26600935,https://www.findmyisland.com/islands/england/trowlock-island/,301,FALSE,FALSE,FALSE,FALSE
https://www.findmyisland.com/profiles/osm-way-4563589.html,https://www.findmyisland.com/islands/ireland/trummer/,301,FALSE,FALSE,FALSE,FALSE
https://www.findmyisland.com/?island=osm-way-4563589,https://www.findmyisland.com/islands/ireland/trummer/,301,FALSE,FALSE,FALSE,FALSE
https://www.findmyisland.com/profiles/osm-way-148473773.html,https://www.findmyisland.com/islands/england/trusss-island/,301,FALSE,FALSE,FALSE,FALSE
https://www.findmyisland.com/?island=osm-way-148473773,https://www.findmyisland.com/islands/england/trusss-island/,301,FALSE,FALSE,FALSE,FALSE
https://www.findmyisland.com/profiles/osm-way-4005364.html,https://www.findmyisland.com/islands/scotland/tullibody-inch/,301,FALSE,FALSE,FALSE,FALSE
https://www.findmyisland.com/?island=osm-way-4005364,https://www.findmyisland.com/islands/scotland/tullibody-inch/,301,FALSE,FALSE,FALSE,FALSE
https://www.findmyisland.com/profiles/osm-relation-6925696.html,https://www.findmyisland.com/islands/ireland/turbot-island/,301,FALSE,FALSE,FALSE,FALSE
https://www.findmyisland.com/?island=osm-relation-6925696,https://www.findmyisland.com/islands/ireland/turbot-island/,301,FALSE,FALSE,FALSE,FALSE
https://www.findmyisland.com/profiles/osm-way-75768085.html,https://www.findmyisland.com/islands/ireland/turgesius-island/,301,FALSE,FALSE,FALSE,FALSE
https://www.findmyisland.com/?island=osm-way-75768085,https://www.findmyisland.com/islands/ireland/turgesius-island/,301,FALSE,FALSE,FALSE,FALSE
https://www.findmyisland.com/profiles/osm-way-148102643.html,https://www.findmyisland.com/islands/england/turners-island/,301,FALSE,FALSE,FALSE,FALSE
https://www.findmyisland.com/?island=osm-way-148102643,https://www.findmyisland.com/islands/england/turners-island/,301,FALSE,FALSE,FALSE,FALSE
https://www.findmyisland.com/profiles/osm-way-58780507.html,https://www.findmyisland.com/islands/ireland/tuskar-rock/,301,FALSE,FALSE,FALSE,FALSE
https://www.findmyisland.com/?island=osm-way-58780507,https://www.findmyisland.com/islands/ireland/tuskar-rock/,301,FALSE,FALSE,FALSE,FALSE
https://www.findmyisland.com/profiles/wd-Q7856800.html,https://www.findmyisland.com/islands/wales/tusker-rock/,301,FALSE,FALSE,FALSE,FALSE
https://www.findmyisland.com/?island=wd-Q7856800,https://www.findmyisland.com/islands/wales/tusker-rock/,301,FALSE,FALSE,FALSE,FALSE
https://www.findmyisland.com/profiles/thames-twickenham.html,https://www.findmyisland.com/islands/england/thames-twickenham/,301,FALSE,FALSE,FALSE,FALSE
https://www.findmyisland.com/?island=thames-twickenham,https://www.findmyisland.com/islands/england/thames-twickenham/,301,FALSE,FALSE,FALSE,FALSE
https://www.findmyisland.com/profiles/osm-way-36988387.html,https://www.findmyisland.com/islands/england/two-tree-island/,301,FALSE,FALSE,FALSE,FALSE
https://www.findmyisland.com/?island=osm-way-36988387,https://www.findmyisland.com/islands/england/two-tree-island/,301,FALSE,FALSE,FALSE,FALSE
https://www.findmyisland.com/profiles/osm-relation-6046465.html,https://www.findmyisland.com/islands/scotland/ulva/,301,FALSE,FALSE,FALSE,FALSE
https://www.findmyisland.com/?island=osm-relation-6046465,https://www.findmyisland.com/islands/scotland/ulva/,301,FALSE,FALSE,FALSE,FALSE
https://www.findmyisland.com/profiles/osm-relation-6045406.html,https://www.findmyisland.com/islands/scotland/unst/,301,FALSE,FALSE,FALSE,FALSE
https://www.findmyisland.com/?island=osm-relation-6045406,https://www.findmyisland.com/islands/scotland/unst/,301,FALSE,FALSE,FALSE,FALSE
https://www.findmyisland.com/profiles/osm-way-1283255880.html,https://www.findmyisland.com/islands/england/upper-scarf-stones/,301,FALSE,FALSE,FALSE,FALSE
https://www.findmyisland.com/?island=osm-way-1283255880,https://www.findmyisland.com/islands/england/upper-scarf-stones/,301,FALSE,FALSE,FALSE,FALSE
https://www.findmyisland.com/profiles/osm-way-8603753.html,https://www.findmyisland.com/islands/scotland/urie-lingey/,301,FALSE,FALSE,FALSE,FALSE
https://www.findmyisland.com/?island=osm-way-8603753,https://www.findmyisland.com/islands/scotland/urie-lingey/,301,FALSE,FALSE,FALSE,FALSE
https://www.findmyisland.com/profiles/osm-way-8603690.html,https://www.findmyisland.com/islands/scotland/uyea-osm-way-8603690/,301,FALSE,FALSE,FALSE,FALSE
https://www.findmyisland.com/?island=osm-way-8603690,https://www.findmyisland.com/islands/scotland/uyea-osm-way-8603690/,301,FALSE,FALSE,FALSE,FALSE
https://www.findmyisland.com/profiles/osm-relation-9319278.html,https://www.findmyisland.com/islands/scotland/uyea-osm-relation-9319278/,301,FALSE,FALSE,FALSE,FALSE
https://www.findmyisland.com/?island=osm-relation-9319278,https://www.findmyisland.com/islands/scotland/uyea-osm-relation-9319278/,301,FALSE,FALSE,FALSE,FALSE
https://www.findmyisland.com/profiles/csv-geocoded-Q282210.html,https://www.findmyisland.com/islands/scotland/uyea/,301,FALSE,FALSE,FALSE,FALSE
https://www.findmyisland.com/?island=csv-geocoded-Q282210,https://www.findmyisland.com/islands/scotland/uyea/,301,FALSE,FALSE,FALSE,FALSE
https://www.findmyisland.com/profiles/osm-way-8591079.html,https://www.findmyisland.com/islands/scotland/uynarey/,301,FALSE,FALSE,FALSE,FALSE
https://www.findmyisland.com/?island=osm-way-8591079,https://www.findmyisland.com/islands/scotland/uynarey/,301,FALSE,FALSE,FALSE,FALSE
https://www.findmyisland.com/profiles/osm-way-48490222.html,https://www.findmyisland.com/islands/scotland/vacsay/,301,FALSE,FALSE,FALSE,FALSE
https://www.findmyisland.com/?island=osm-way-48490222,https://www.findmyisland.com/islands/scotland/vacsay/,301,FALSE,FALSE,FALSE,FALSE
https://www.findmyisland.com/profiles/osm-way-8590968.html,https://www.findmyisland.com/islands/scotland/vaila/,301,FALSE,FALSE,FALSE,FALSE
https://www.findmyisland.com/?island=osm-way-8590968,https://www.findmyisland.com/islands/scotland/vaila/,301,FALSE,FALSE,FALSE,FALSE
https://www.findmyisland.com/profiles/osm-relation-7230308.html,https://www.findmyisland.com/islands/ireland/valentia-island/,301,FALSE,FALSE,FALSE,FALSE
https://www.findmyisland.com/?island=osm-relation-7230308,https://www.findmyisland.com/islands/ireland/valentia-island/,301,FALSE,FALSE,FALSE,FALSE
https://www.findmyisland.com/profiles/osm-way-4010657.html,https://www.findmyisland.com/islands/scotland/vallay/,301,FALSE,FALSE,FALSE,FALSE
https://www.findmyisland.com/?island=osm-way-4010657,https://www.findmyisland.com/islands/scotland/vallay/,301,FALSE,FALSE,FALSE,FALSE
https://www.findmyisland.com/profiles/wd-Q2510893.html,https://www.findmyisland.com/islands/england/varne-bank/,301,FALSE,FALSE,FALSE,FALSE
https://www.findmyisland.com/?island=wd-Q2510893,https://www.findmyisland.com/islands/england/varne-bank/,301,FALSE,FALSE,FALSE,FALSE
https://www.findmyisland.com/profiles/osm-relation-2797155.html,https://www.findmyisland.com/islands/scotland/vatersay/,301,FALSE,FALSE,FALSE,FALSE
https://www.findmyisland.com/?island=osm-relation-2797155,https://www.findmyisland.com/islands/scotland/vatersay/,301,FALSE,FALSE,FALSE,FALSE
https://www.findmyisland.com/profiles/osm-relation-13370324.html,https://www.findmyisland.com/islands/scotland/vementry/,301,FALSE,FALSE,FALSE,FALSE
https://www.findmyisland.com/?island=osm-relation-13370324,https://www.findmyisland.com/islands/scotland/vementry/,301,FALSE,FALSE,FALSE,FALSE
https://www.findmyisland.com/profiles/osm-way-169875221.html,https://www.findmyisland.com/islands/england/view-island/,301,FALSE,FALSE,FALSE,FALSE
https://www.findmyisland.com/?island=osm-way-169875221,https://www.findmyisland.com/islands/england/view-island/,301,FALSE,FALSE,FALSE,FALSE
https://www.findmyisland.com/profiles/osm-way-4012886.html,https://www.findmyisland.com/islands/scotland/vuia-beg/,301,FALSE,FALSE,FALSE,FALSE
https://www.findmyisland.com/?island=osm-way-4012886,https://www.findmyisland.com/islands/scotland/vuia-beg/,301,FALSE,FALSE,FALSE,FALSE
https://www.findmyisland.com/profiles/osm-way-297778358.html,https://www.findmyisland.com/islands/scotland/vuia-mor/,301,FALSE,FALSE,FALSE,FALSE
https://www.findmyisland.com/?island=osm-way-297778358,https://www.findmyisland.com/islands/scotland/vuia-mor/,301,FALSE,FALSE,FALSE,FALSE
https://www.findmyisland.com/profiles/osm-way-1429087294.html,https://www.findmyisland.com/islands/scotland/wallaces-isle/,301,FALSE,FALSE,FALSE,FALSE
https://www.findmyisland.com/?island=osm-way-1429087294,https://www.findmyisland.com/islands/scotland/wallaces-isle/,301,FALSE,FALSE,FALSE,FALSE
https://www.findmyisland.com/profiles/osm-way-403472785.html,https://www.findmyisland.com/islands/england/wallasea-island/,301,FALSE,FALSE,FALSE,FALSE
https://www.findmyisland.com/?island=osm-way-403472785,https://www.findmyisland.com/islands/england/wallasea-island/,301,FALSE,FALSE,FALSE,FALSE
https://www.findmyisland.com/profiles/csv-geocoded-Q2785373.html,https://www.findmyisland.com/islands/england/walney-aerodrome/,301,FALSE,FALSE,FALSE,FALSE
https://www.findmyisland.com/?island=csv-geocoded-Q2785373,https://www.findmyisland.com/islands/england/walney-aerodrome/,301,FALSE,FALSE,FALSE,FALSE
https://www.findmyisland.com/profiles/osm-way-1306669540.html,https://www.findmyisland.com/islands/scotland/ward-holm/,301,FALSE,FALSE,FALSE,FALSE
https://www.findmyisland.com/?island=osm-way-1306669540,https://www.findmyisland.com/islands/scotland/ward-holm/,301,FALSE,FALSE,FALSE,FALSE
https://www.findmyisland.com/profiles/osm-relation-8752130.html,https://www.findmyisland.com/islands/scotland/west-burra/,301,FALSE,FALSE,FALSE,FALSE
https://www.findmyisland.com/?island=osm-relation-8752130,https://www.findmyisland.com/islands/scotland/west-burra/,301,FALSE,FALSE,FALSE,FALSE
https://www.findmyisland.com/profiles/osm-way-169885378.html,https://www.findmyisland.com/islands/scotland/west-head-of-papa/,301,FALSE,FALSE,FALSE,FALSE
https://www.findmyisland.com/?island=osm-way-169885378,https://www.findmyisland.com/islands/scotland/west-head-of-papa/,301,FALSE,FALSE,FALSE,FALSE
https://www.findmyisland.com/profiles/osm-way-8590702.html,https://www.findmyisland.com/islands/scotland/west-linga/,301,FALSE,FALSE,FALSE,FALSE
https://www.findmyisland.com/?island=osm-way-8590702,https://www.findmyisland.com/islands/scotland/west-linga/,301,FALSE,FALSE,FALSE,FALSE
https://www.findmyisland.com/profiles/osm-way-44727707.html,https://www.findmyisland.com/islands/wales/west-mouse/,301,FALSE,FALSE,FALSE,FALSE
https://www.findmyisland.com/?island=osm-way-44727707,https://www.findmyisland.com/islands/wales/west-mouse/,301,FALSE,FALSE,FALSE,FALSE
https://www.findmyisland.com/profiles/osm-relation-3148465.html,https://www.findmyisland.com/islands/scotland/westray/,301,FALSE,FALSE,FALSE,FALSE
https://www.findmyisland.com/?island=osm-relation-3148465,https://www.findmyisland.com/islands/scotland/westray/,301,FALSE,FALSE,FALSE,FALSE
https://www.findmyisland.com/profiles/thames-weybridge.html,https://www.findmyisland.com/islands/england/thames-weybridge/,301,FALSE,FALSE,FALSE,FALSE
https://www.findmyisland.com/?island=thames-weybridge,https://www.findmyisland.com/islands/england/thames-weybridge/,301,FALSE,FALSE,FALSE,FALSE
https://www.findmyisland.com/profiles/osm-relation-3970636.html,https://www.findmyisland.com/islands/england/whale-island/,301,FALSE,FALSE,FALSE,FALSE
https://www.findmyisland.com/?island=osm-relation-3970636,https://www.findmyisland.com/islands/england/whale-island/,301,FALSE,FALSE,FALSE,FALSE
https://www.findmyisland.com/profiles/osm-way-10303169.html,https://www.findmyisland.com/islands/scotland/whalsay/,301,FALSE,FALSE,FALSE,FALSE
https://www.findmyisland.com/?island=osm-way-10303169,https://www.findmyisland.com/islands/scotland/whalsay/,301,FALSE,FALSE,FALSE,FALSE
https://www.findmyisland.com/profiles/osm-way-157812308.html,https://www.findmyisland.com/islands/england/wheatleys-ait-north/,301,FALSE,FALSE,FALSE,FALSE
https://www.findmyisland.com/?island=osm-way-157812308,https://www.findmyisland.com/islands/england/wheatleys-ait-north/,301,FALSE,FALSE,FALSE,FALSE
https://www.findmyisland.com/profiles/osm-way-157812309.html,https://www.findmyisland.com/islands/england/wheatleys-eyot-south/,301,FALSE,FALSE,FALSE,FALSE
https://www.findmyisland.com/?island=osm-way-157812309,https://www.findmyisland.com/islands/england/wheatleys-eyot-south/,301,FALSE,FALSE,FALSE,FALSE
https://www.findmyisland.com/profiles/osm-relation-5725196.html,https://www.findmyisland.com/islands/ireland/whiddy-island/,301,FALSE,FALSE,FALSE,FALSE
https://www.findmyisland.com/?island=osm-relation-5725196,https://www.findmyisland.com/islands/ireland/whiddy-island/,301,FALSE,FALSE,FALSE,FALSE
https://www.findmyisland.com/profiles/wd-Q7994722.html,https://www.findmyisland.com/islands/ireland/white-goat-island/,301,FALSE,FALSE,FALSE,FALSE
https://www.findmyisland.com/?island=wd-Q7994722,https://www.findmyisland.com/islands/ireland/white-goat-island/,301,FALSE,FALSE,FALSE,FALSE
https://www.findmyisland.com/profiles/osm-relation-3212246.html,https://www.findmyisland.com/islands/england/white-island/,301,FALSE,FALSE,FALSE,FALSE
https://www.findmyisland.com/?island=osm-relation-3212246,https://www.findmyisland.com/islands/england/white-island/,301,FALSE,FALSE,FALSE,FALSE
https://www.findmyisland.com/profiles/osm-relation-3998487.html,https://www.findmyisland.com/islands/northern-ireland/white-island-lower-lough-erne/,301,FALSE,FALSE,FALSE,FALSE
https://www.findmyisland.com/?island=osm-relation-3998487,https://www.findmyisland.com/islands/northern-ireland/white-island-lower-lough-erne/,301,FALSE,FALSE,FALSE,FALSE
https://www.findmyisland.com/profiles/osm-way-255075921.html,https://www.findmyisland.com/islands/england/whitton-island/,301,FALSE,FALSE,FALSE,FALSE
https://www.findmyisland.com/?island=osm-way-255075921,https://www.findmyisland.com/islands/england/whitton-island/,301,FALSE,FALSE,FALSE,FALSE
https://www.findmyisland.com/profiles/osm-relation-4230734.html,https://www.findmyisland.com/islands/scotland/wiay/,301,FALSE,FALSE,FALSE,FALSE
https://www.findmyisland.com/?island=osm-relation-4230734,https://www.findmyisland.com/islands/scotland/wiay/,301,FALSE,FALSE,FALSE,FALSE
https://www.findmyisland.com/profiles/osm-way-4011476.html,https://www.findmyisland.com/islands/scotland/wiay-osm-way-4011476/,301,FALSE,FALSE,FALSE,FALSE
https://www.findmyisland.com/?island=osm-way-4011476,https://www.findmyisland.com/islands/scotland/wiay-osm-way-4011476/,301,FALSE,FALSE,FALSE,FALSE
https://www.findmyisland.com/profiles/wd-Q7999579.html,https://www.findmyisland.com/islands/wales/wigg-island/,301,FALSE,FALSE,FALSE,FALSE
https://www.findmyisland.com/?island=wd-Q7999579,https://www.findmyisland.com/islands/wales/wigg-island/,301,FALSE,FALSE,FALSE,FALSE
https://www.findmyisland.com/profiles/wd-Q16903434.html,https://www.findmyisland.com/islands/england/wilderness-island/,301,FALSE,FALSE,FALSE,FALSE
https://www.findmyisland.com/?island=wd-Q16903434,https://www.findmyisland.com/islands/england/wilderness-island/,301,FALSE,FALSE,FALSE,FALSE
https://www.findmyisland.com/profiles/thames-windsor-berkshire.html,https://www.findmyisland.com/islands/england/thames-windsor-berkshire/,301,FALSE,FALSE,FALSE,FALSE
https://www.findmyisland.com/?island=thames-windsor-berkshire,https://www.findmyisland.com/islands/england/thames-windsor-berkshire/,301,FALSE,FALSE,FALSE,FALSE
https://www.findmyisland.com/profiles/wd-Q2021141.html,https://www.findmyisland.com/islands/england/wolf-rock-wd-q2021141/,301,FALSE,FALSE,FALSE,FALSE
https://www.findmyisland.com/?island=wd-Q2021141,https://www.findmyisland.com/islands/england/wolf-rock-wd-q2021141/,301,FALSE,FALSE,FALSE,FALSE
https://www.findmyisland.com/profiles/wolf-rock-lighthouse.html,https://www.findmyisland.com/islands/england/wolf-rock-lighthouse/,301,FALSE,FALSE,FALSE,FALSE
https://www.findmyisland.com/?island=wolf-rock-lighthouse,https://www.findmyisland.com/islands/england/wolf-rock-lighthouse/,301,FALSE,FALSE,FALSE,FALSE
https://www.findmyisland.com/profiles/osm-way-1493808602.html,https://www.findmyisland.com/islands/wales/worms-head/,301,FALSE,FALSE,FALSE,FALSE
https://www.findmyisland.com/?island=osm-way-1493808602,https://www.findmyisland.com/islands/wales/worms-head/,301,FALSE,FALSE,FALSE,FALSE
https://www.findmyisland.com/profiles/osm-node-240027426.html,https://www.findmyisland.com/islands/scotland/wurs-stack/,301,FALSE,FALSE,FALSE,FALSE
https://www.findmyisland.com/?island=osm-node-240027426,https://www.findmyisland.com/islands/scotland/wurs-stack/,301,FALSE,FALSE,FALSE,FALSE
https://www.findmyisland.com/profiles/osm-way-4569287.html,https://www.findmyisland.com/islands/scotland/wyre/,301,FALSE,FALSE,FALSE,FALSE
https://www.findmyisland.com/?island=osm-way-4569287,https://www.findmyisland.com/islands/scotland/wyre/,301,FALSE,FALSE,FALSE,FALSE
https://www.findmyisland.com/profiles/osm-relation-8684336.html,https://www.findmyisland.com/islands/scotland/yell/,301,FALSE,FALSE,FALSE,FALSE
https://www.findmyisland.com/?island=osm-relation-8684336,https://www.findmyisland.com/islands/scotland/yell/,301,FALSE,FALSE,FALSE,FALSE
https://www.findmyisland.com/profiles/osm-way-457745565.html,https://www.findmyisland.com/islands/wales/ynys-benlas-osm-way-457745565/,301,FALSE,FALSE,FALSE,FALSE
https://www.findmyisland.com/?island=osm-way-457745565,https://www.findmyisland.com/islands/wales/ynys-benlas-osm-way-457745565/,301,FALSE,FALSE,FALSE,FALSE
https://www.findmyisland.com/profiles/osm-way-4001794.html,https://www.findmyisland.com/islands/wales/ynys-bery/,301,FALSE,FALSE,FALSE,FALSE
https://www.findmyisland.com/?island=osm-way-4001794,https://www.findmyisland.com/islands/wales/ynys-bery/,301,FALSE,FALSE,FALSE,FALSE
https://www.findmyisland.com/profiles/osm-way-1493746577.html,https://www.findmyisland.com/islands/wales/ynys-cantwr/,301,FALSE,FALSE,FALSE,FALSE
https://www.findmyisland.com/?island=osm-way-1493746577,https://www.findmyisland.com/islands/wales/ynys-cantwr/,301,FALSE,FALSE,FALSE,FALSE
https://www.findmyisland.com/profiles/osm-way-108817275.html,https://www.findmyisland.com/islands/wales/ynys-castell/,301,FALSE,FALSE,FALSE,FALSE
https://www.findmyisland.com/?island=osm-way-108817275,https://www.findmyisland.com/islands/wales/ynys-castell/,301,FALSE,FALSE,FALSE,FALSE
https://www.findmyisland.com/profiles/osm-way-43638014.html,https://www.findmyisland.com/islands/wales/ynys-dulas/,301,FALSE,FALSE,FALSE,FALSE
https://www.findmyisland.com/?island=osm-way-43638014,https://www.findmyisland.com/islands/wales/ynys-dulas/,301,FALSE,FALSE,FALSE,FALSE
https://www.findmyisland.com/profiles/osm-way-55685539.html,https://www.findmyisland.com/islands/wales/ynys-eilun/,301,FALSE,FALSE,FALSE,FALSE
https://www.findmyisland.com/?island=osm-way-55685539,https://www.findmyisland.com/islands/wales/ynys-eilun/,301,FALSE,FALSE,FALSE,FALSE
https://www.findmyisland.com/profiles/osm-relation-16452553.html,https://www.findmyisland.com/islands/wales/ynys-faelog/,301,FALSE,FALSE,FALSE,FALSE
https://www.findmyisland.com/?island=osm-relation-16452553,https://www.findmyisland.com/islands/wales/ynys-faelog/,301,FALSE,FALSE,FALSE,FALSE
https://www.findmyisland.com/profiles/osm-relation-17552908.html,https://www.findmyisland.com/islands/wales/ynys-feurig/,301,FALSE,FALSE,FALSE,FALSE
https://www.findmyisland.com/?island=osm-relation-17552908,https://www.findmyisland.com/islands/wales/ynys-feurig/,301,FALSE,FALSE,FALSE,FALSE
https://www.findmyisland.com/profiles/osm-way-1213850230.html,https://www.findmyisland.com/islands/wales/ynys-gaint/,301,FALSE,FALSE,FALSE,FALSE
https://www.findmyisland.com/?island=osm-way-1213850230,https://www.findmyisland.com/islands/wales/ynys-gaint/,301,FALSE,FALSE,FALSE,FALSE
https://www.findmyisland.com/profiles/osm-way-300065283.html,https://www.findmyisland.com/islands/wales/ynys-gifftan/,301,FALSE,FALSE,FALSE,FALSE
https://www.findmyisland.com/?island=osm-way-300065283,https://www.findmyisland.com/islands/wales/ynys-gifftan/,301,FALSE,FALSE,FALSE,FALSE
https://www.findmyisland.com/profiles/osm-way-23890593.html,https://www.findmyisland.com/islands/wales/ynys-gorad-goch/,301,FALSE,FALSE,FALSE,FALSE
https://www.findmyisland.com/?island=osm-way-23890593,https://www.findmyisland.com/islands/wales/ynys-gorad-goch/,301,FALSE,FALSE,FALSE,FALSE
https://www.findmyisland.com/profiles/osm-way-1493746496.html,https://www.findmyisland.com/islands/wales/ynys-gwelltog/,301,FALSE,FALSE,FALSE,FALSE
https://www.findmyisland.com/?island=osm-way-1493746496,https://www.findmyisland.com/islands/wales/ynys-gwelltog/,301,FALSE,FALSE,FALSE,FALSE
https://www.findmyisland.com/profiles/osm-way-207341895.html,https://www.findmyisland.com/islands/wales/ynys-gwylan-fawr/,301,FALSE,FALSE,FALSE,FALSE
https://www.findmyisland.com/?island=osm-way-207341895,https://www.findmyisland.com/islands/wales/ynys-gwylan-fawr/,301,FALSE,FALSE,FALSE,FALSE
https://www.findmyisland.com/profiles/osm-way-4041382.html,https://www.findmyisland.com/islands/wales/ynys-lochtyn/,301,FALSE,FALSE,FALSE,FALSE
https://www.findmyisland.com/?island=osm-way-4041382,https://www.findmyisland.com/islands/wales/ynys-lochtyn/,301,FALSE,FALSE,FALSE,FALSE
https://www.findmyisland.com/profiles/wd-Q13132554.html,https://www.findmyisland.com/islands/wales/ynys-meibion/,301,FALSE,FALSE,FALSE,FALSE
https://www.findmyisland.com/?island=wd-Q13132554,https://www.findmyisland.com/islands/wales/ynys-meibion/,301,FALSE,FALSE,FALSE,FALSE
https://www.findmyisland.com/profiles/osm-way-252748039.html,https://www.findmyisland.com/islands/wales/ynys-meicel/,301,FALSE,FALSE,FALSE,FALSE
https://www.findmyisland.com/?island=osm-way-252748039,https://www.findmyisland.com/islands/wales/ynys-meicel/,301,FALSE,FALSE,FALSE,FALSE
https://www.findmyisland.com/profiles/osm-way-1213130136.html,https://www.findmyisland.com/islands/wales/ynys-moelfre/,301,FALSE,FALSE,FALSE,FALSE
https://www.findmyisland.com/?island=osm-way-1213130136,https://www.findmyisland.com/islands/wales/ynys-moelfre/,301,FALSE,FALSE,FALSE,FALSE
https://www.findmyisland.com/profiles/osm-way-252748041.html,https://www.findmyisland.com/islands/wales/ynys-onnen/,301,FALSE,FALSE,FALSE,FALSE
https://www.findmyisland.com/?island=osm-way-252748041,https://www.findmyisland.com/islands/wales/ynys-onnen/,301,FALSE,FALSE,FALSE,FALSE
https://www.findmyisland.com/profiles/osm-way-157872362.html,https://www.findmyisland.com/islands/wales/ynys-welltog/,301,FALSE,FALSE,FALSE,FALSE
https://www.findmyisland.com/?island=osm-way-157872362,https://www.findmyisland.com/islands/wales/ynys-welltog/,301,FALSE,FALSE,FALSE,FALSE
https://www.findmyisland.com/profiles/osm-way-108817277.html,https://www.findmyisland.com/islands/wales/ynys-y-big/,301,FALSE,FALSE,FALSE,FALSE
https://www.findmyisland.com/?island=osm-way-108817277,https://www.findmyisland.com/islands/wales/ynys-y-big/,301,FALSE,FALSE,FALSE,FALSE
https://www.findmyisland.com/profiles/wd-Q13132555.html,https://www.findmyisland.com/islands/wales/ynys-y-carcharorion/,301,FALSE,FALSE,FALSE,FALSE
https://www.findmyisland.com/?island=wd-Q13132555,https://www.findmyisland.com/islands/wales/ynys-y-carcharorion/,301,FALSE,FALSE,FALSE,FALSE
https://www.findmyisland.com/profiles/osm-way-310149701.html,https://www.findmyisland.com/islands/wales/ynys-y-clochydd/,301,FALSE,FALSE,FALSE,FALSE
https://www.findmyisland.com/?island=osm-way-310149701,https://www.findmyisland.com/islands/wales/ynys-y-clochydd/,301,FALSE,FALSE,FALSE,FALSE
https://www.findmyisland.com/profiles/osm-way-310224626.html,https://www.findmyisland.com/islands/wales/ynys-y-cranc/,301,FALSE,FALSE,FALSE,FALSE
https://www.findmyisland.com/?island=osm-way-310224626,https://www.findmyisland.com/islands/wales/ynys-y-cranc/,301,FALSE,FALSE,FALSE,FALSE
https://www.findmyisland.com/profiles/osm-way-310224625.html,https://www.findmyisland.com/islands/wales/ynys-yr-adar/,301,FALSE,FALSE,FALSE,FALSE
https://www.findmyisland.com/?island=osm-way-310224625,https://www.findmyisland.com/islands/wales/ynys-yr-adar/,301,FALSE,FALSE,FALSE,FALSE
